brand,name,fragrantica_url,gender,concentration,release_year,main_accords,notes_top,notes_heart,notes_base,notes_undifferentiated,longevity,sillage,season_winter_votes,season_spring_votes,season_summer_votes,season_fall_votes,day_votes,night_votes,fragrantica_rating
Memo Paris,African Leather,https://www.fragrantica.fr/parfum/Memo-Paris/African-Leather-31383.html,unisexe,Eau de Parfum,2015,"warm spicy;aromatic;leather;patchouli;fresh spicy;oud;animalic;woody","Cardamome;Géranium;Poivre rose","Patchouli;Cannelle;Rose","Cuir;Oud;Ambre",,,,,,,,,,4.27
Memo Paris,Eau de Memo,https://www.fragrantica.fr/parfum/Memo-Paris/Eau-de-Memo-44229.html,unisexe,Eau de Parfum,2017,"citrus;leather;green;animalic;fresh spicy;powdery;musky;fresh","Bergamote;Mandarine;Coriandre","Thé vert;Jasmin;Cyclamen","Cuir;Musc;Iris",,,,,,,,,,4.05
Memo Paris,French Leather,https://www.fragrantica.fr/parfum/Memo-Paris/French-Leather-28049.html,unisexe,Extrait de Parfum,2014,"rose;citrus;leather;musky;soft spicy;aromatic;woody;floral","Citron vert;Poivre rose;Baie de genévrier;Bergamote","Rose;Sauge sclarée;Foin","Daim;Cèdre",,modéré (e),modéré (e),,,,,,,3.93
Memo Paris,Iberian Leather,https://www.fragrantica.fr/parfum/Memo-Paris/Iberian-Leather-72554.html,unisexe,Eau de Parfum,2022,"woody;aromatic;warm spicy;leather;fresh spicy;earthy;oud;animalic","Géranium;Romarin;Coriandre;Bergamote","Safran;Clou de girofle;Iris;Rose;Cannelle;Osmanthus;Jasmin;Muguet","Cuir;Oud;Patchouli;Vétiver;Mousse de chêne;Ambre;Cèdre;Bois de santal;Sapin baumier;Musc;Vanille",,longue tenue,puissant,,,,,,,3.70
Memo Paris,Indian Leather,https://www.fragrantica.fr/parfum/Memo-Paris/Indian-Leather-95686.html,unisexe,Eau de Parfum,2024,"woody;oud;amber;earthy;patchouli;warm spicy;fresh spicy;balsamic",Huile essentielle de cypriol,"Rose;Jasmin","Oud;Patchouli;Résine oliban;Gousse de vanille;Styrax",,,,,,,,,,3.53
Memo Paris,Irish Leather,https://www.fragrantica.fr/parfum/Memo-Paris/Irish-Leather-18393.html,unisexe,Eau de Parfum,2013,"aromatic;fresh spicy;leather;woody;animalic;smoky;green;fresh","Baie de genévrier;Poivre;Mandarine","Maté;Sauge sclarée;Iris","Cuir;Cèdre;Vétiver",,longue tenue,modéré (e),,,,,,,3.99
Memo Paris,Italian Leather,https://www.fragrantica.fr/parfum/Memo-Paris/Italian-Leather-21771.html,unisexe,Eau de Parfum,2013,"aromatic;amber;leather;green;vanilla;powdery;balsamic;fresh spicy","Cuir;Feuille de tomate;Vanille","Feuille de tomate;Férule gommeuse;Racine d'iris;Ciste;Sauge sclarée","Cuir;Absolu de vanille;Benjoin;Baume de Tolu;Myrrhe;Opoponax;Bois de santal;Musc",,,,,,,,,,4.02
Memo Paris,Moroccan Leather,https://www.fragrantica.fr/parfum/Memo-Paris/Moroccan-Leather-51440.html,unisexe,Eau de Parfum,2018,"aromatic;woody;green;leather;iris;earthy;powdery;animalic","Gingembre;Mandarine","Ylang-ylang;Beurre d'iris;Orange","Cuir;Férule gommeuse;Vétiver;Styrax;Fève de tonka;Ambre gris",,,,,,,,,,3.70
Memo Paris,Ocean Leather,https://www.fragrantica.fr/parfum/Memo-Paris/Ocean-Leather-60587.html,unisexe,Eau de Parfum,2020,"aromatic;fresh spicy;citrus;woody;herbal;green;leather;violet","Mandarine;Basilic;Violette","Sauge;Élémi;Cèdre","Vétiver;Cuir;Noix de muscade",,,,,,,,,,3.95
Memo Paris,Oriental Leather,https://www.fragrantica.fr/parfum/Memo-Paris/Oriental-Leather-55347.html,unisexe,Eau de Parfum,2019,"warm spicy;patchouli;fresh spicy;woody;aromatic;amber;cinnamon;leather","Framboise;Feuille de piment;Verveine","Cannelle;Lavande;Géranium","Patchouli;Résine oliban;Cuir",,longue tenue,puissant,,,,,,,3.79
Memo Paris,Russian Leather,https://www.fragrantica.fr/parfum/Memo-Paris/Russian-Leather-40544.html,unisexe,Eau de Parfum,2016,"aromatic;woody;fresh spicy;green;leather;lavender;conifer;soft spicy",,,,"Pin;Cyprès;Cuir de Russie;Lavande;Fougère;Aiguilles de cèdre;Romarin;Basilic;Sauge sclarée;Menthe;Gaïac;Patchouli;Fève de tonka;Coriandre;Noix de muscade",,,,,,,,,3.90
Memo Paris,Sicilian Leather,https://www.fragrantica.fr/parfum/Memo-Paris/Sicilian-Leather-67841.html,unisexe,Eau de Parfum,2021,"citrus;woody;aromatic;leather;fresh spicy;fresh;warm spicy;animalic","Cuir;Citron;Bigarade;Cèdre","Bergamote;Citron vert;Coriandre;Cardamome;Feuille de violette","Sapin baumier;Gaïac;Bois d'Akigala;Patchouli",,modéré (e),modéré (e),,,,,,,3.93
Memo Paris,African Rose,https://www.fragrantica.fr/parfum/Memo-Paris/African-Rose-53962.html,unisexe,Eau de Parfum,2019,"fresh spicy;rose;warm spicy;patchouli;aromatic;woody;earthy;leather","Cumin;Géranium;Safran;Cardamome;Bergamote","Patchouli;Rose","Cuir;Oud;Musc;Vétiver",,longue tenue,puissant,,,,,,,4.50
Memo Paris,Irish Oud,https://www.fragrantica.fr/parfum/Memo-Paris/Irish-Oud-38642.html,unisexe,Eau de Parfum,2015,"aromatic;leather;fresh spicy;woody;smoky;animalic;soft spicy;amber","Poivre rose;Baie de genévrier","Maté;Sauge sclarée;Iris","Cuir;Bouleau;Fève de tonka;Ambre;Oud",,longue tenue,puissant,,,,,,,4.06
Memo Paris,Lalibela Oud,https://www.fragrantica.fr/parfum/Memo-Paris/Lalibela-Oud-22966.html,unisexe,Extrait de Parfum,2013,"vanilla;sweet;coconut;oud;floral;tobacco;white floral;patchouli","Noix de Coco;Orchidée","Jasmin;Rose","Vanille;Oud;Tabac;Patchouli;Ciste;Encens",,,,,,,,,,3.80
Memo Paris,Marfa Oud,https://www.fragrantica.fr/parfum/Memo-Paris/Marfa-Oud-81512.html,unisexe,Eau de Parfum,2023,"woody;white floral;citrus;oud;tuberose;powdery;vanilla;green",,,,"Oud;Agave;Tubéreuse;Bois de santal;Ébène;Vanille;Fleur d'oranger;Agrumes;Néroli;Ylang-ylang;Cèdre;Musc blanc",médiocre,discret,,,,,,,3.63
Memo Paris,Marfa Spices,https://www.fragrantica.fr/parfum/Memo-Paris/Marfa-Spices-48077.html,unisexe,Eau de Parfum,2018,"white floral;warm spicy;tuberose;musky;aromatic;animalic;citrus;powdery","Cardamome;Poivre rose;Bergamote","Tubéreuse;Fleur d'oranger;Frangipanier","Musc;Patchouli;Vétiver",,,,,,,,,,3.92
Memo Paris,Cassiopeia Rose,https://www.fragrantica.fr/parfum/Memo-Paris/Cassiopeia-Rose-99189.html,unisexe,Eau de Parfum,2024,"amber;rose;vanilla;soft spicy;musky;warm spicy;sweet;balsamic","Poivre rose;Rose;Résine oliban",Rose,"Benjoin;Fève de tonka;Vanille;Musc;Ambrofix™",,modéré (e),modéré (e),,,,,,,4.24
Memo Paris,Honey Dragon,https://www.fragrantica.fr/parfum/Memo-Paris/Honey-Dragon-88759.html,unisexe,Extrait de Parfum,2023,"fresh spicy;amber;warm spicy;citrus;vanilla;aromatic;cinnamon;balsamic",,,,"Vanille;Résine oliban;Huile essentielle de poivre;Huile essentielle de myrrhe;Mandarine;Cannelle;Thym;Bergamote",longue tenue,modéré (e),,,,,,,4.01
Memo Paris,Lyra Peach,https://www.fragrantica.fr/parfum/Memo-Paris/Lyra-Peach-91089.html,unisexe,Eau de Parfum,2023,"warm spicy;white floral;vanilla;woody;fruity;amber;fresh spicy;powdery",,,,"Curcuma;Pêche;Jasmin Sambac;Vanille;Benjoin;Epices;Bois de santal;Tubéreuse;Gingembre;Cannelle;Vétiver;Poivre",modéré (e),modéré (e),,,,,,,3.90
Memo Paris,Leather,https://www.fragrantica.fr/parfum/Memo-Paris/Leather-102402.html,unisexe,Eau de Parfum,2025,"leather;woody;musky;earthy;amber;animalic;powdery;iris",,,,"Cuir;Ciste;Vétiver;Iris;Patchouli;Musc",très longue tenue,énorme,,,,,,,4.24
Memo Paris,Argentina,https://www.fragrantica.fr/parfum/Memo-Paris/Argentina-65610.html,unisexe,Eau de Parfum,2021,"rose;floral;musky;oud;white floral;soft spicy;woody;citrus",,,,,,,,,,,,,3.92
Memo Paris,Cap Camarat,https://www.fragrantica.fr/parfum/Memo-Paris/Cap-Camarat-126697.html,unisexe,Eau de Parfum,2026,"vanilla;woody;sweet;amber;yellow floral;fruity;powdery;balsamic","Notes aquatiques;Notes fruitées;Pomme;Poivre rose","Vanille;Ylang-ylang;Jasmin","Benjoin;Amyris;Musc;Bois de santal;Ciste;Patchouli",,,,,,,,,,4.18
Memo Paris,Granada,https://www.fragrantica.fr/parfum/Memo-Paris/Granada-13359.html,femme,Eau de Parfum,2011,"white floral;citrus;powdery;vanilla;musky;fresh;sweet;floral;f_gender","Muguet;Bergamote;Grenade","Fleur d'oranger;Héliotrope;Rose","Jasmin;Vanille;Musc;Ambre",,longue tenue,modéré (e),,,,,,,3.91
Memo Paris,Inlé,https://www.fragrantica.fr/parfum/Memo-Paris/Inle-2786.html,femme,Eau de Parfum,2007,"floral;fruity;fresh;white floral;citrus;green;fresh spicy;aromatic;f_gender","Thé;Bergamote;Essence de néroli;Cardamome","Osmanthus;Jasmin Sambac;Figue","Maté;Musc;Violette;Cèdre",,,,,,,,,,3.90
Memo Paris,Inverness,https://www.fragrantica.fr/parfum/Memo-Paris/Inverness-83482.html,unisexe,Eau de Parfum,2023,"woody;powdery;iris;aromatic;warm spicy;balsamic;earthy;fresh spicy",,,,"Bois de santal;Racine d'iris;Maté;Cèdre;Gaïac;Amyris",modéré (e),modéré (e),,,,,,,4.03
Memo Paris,Lalibela,https://www.fragrantica.fr/parfum/Memo-Paris/Lalibela-2783.html,femme,Eau de Parfum,2007,"white floral;floral;vanilla;powdery;patchouli;musky;woody;sweet;f_gender","Jasmin;Freesia;Notes vertes","Rose;Ylang-ylang;Héliotrope;Fleur d'oranger","Patchouli;Vanille;Musc",,modéré (e),modéré (e),,,,,,,3.95
Memo Paris,Luxor Oud,https://www.fragrantica.fr/parfum/Memo-Paris/Luxor-Oud-16460.html,unisexe,Eau de Parfum,2012,"citrus;rose;fruity;sweet;amber;white floral;woody;oud","Framboise;Mandarine;Orange","Rose;Muguet;Huile essentielle de cypriol","Oud;Ciste;Patchouli;Styrax",,,,,,,,,,3.94
Memo Paris,Madurai,https://www.fragrantica.fr/parfum/Memo-Paris/Madurai-75181.html,unisexe,Eau de Parfum,2022,"white floral;aromatic;fruity;warm spicy;tuberose;powdery;sweet;floral",,,,,,,,,,,,,4.06
Memo Paris,Madurai (Bloomingdale's 150th Anniversary Exclusive),https://www.fragrantica.fr/parfum/Memo-Paris/Madurai-Bloomingdale-s-150th-Anniversary-Exclusive-78756.html,unisexe,Eau de Parfum,2023,"white floral;warm spicy;fruity;sweet;balsamic;tuberose;aromatic;powdery","Souci;Bergamote de Sicile;Sauge sclarée","Jasmin d'Egypte;Jasmin d'Inde;Jasmin Sambac;Pêche;Tubéreuse d'Inde","Curcuma;Bois de santal;Daim",,modéré (e),modéré (e),,,,,,,3.25
Memo Paris,Marfa,https://www.fragrantica.fr/parfum/Memo-Paris/Marfa-37185.html,unisexe,Eau de Parfum,2016,"white floral;tuberose;sweet;vanilla;woody;powdery;yellow floral;citrus","Pêche;Mandarine","Tubéreuse;Ylang-ylang;Fleur d'oranger","Gousse de vanille;Musc;Bois de santal;Fève de tonka;Cèdre",,,,,,,,,,3.91
Memo Paris,Menorca,https://www.fragrantica.fr/parfum/Memo-Paris/Menorca-132348.html,unisexe,Eau de Parfum,2026,"citrus;salty;mineral;fresh;fresh spicy;powdery;marine;aromatic","Citron;Bergamote;Gingembre","Néroli;Graines de carotte;Iris","Sel;Notes minérales;Musc;Bois de santal",,longue tenue,discret,,,,,,,4.00
Memo Paris,Odéon,https://www.fragrantica.fr/parfum/Memo-Paris/Odeon-62839.html,unisexe,Extrait de Parfum,2020,"rose;amber;sweet;musky;powdery;woody;vanilla;warm spicy","Rose;Confiture de rose","Bois de santal;Bois de cachemire;Patchouli","Fève de tonka;Ambre;Musc",,,,,,,,,,4.04
Memo Paris,Odéon Rosebud,https://www.fragrantica.fr/parfum/Memo-Paris/Odeon-Rosebud-131272.html,unisexe,Eau de Parfum,2026,"rose;floral;musky;powdery;citrus;fruity;sweet;soft spicy",,,,,,,,,,,,,3.67
Memo Paris,Odéon x Jean Jullien,https://www.fragrantica.fr/parfum/Memo-Paris/Odeon-x-Jean-Jullien-122693.html,unisexe,Eau de Parfum,2025,"rose;woody;musky;sweet;powdery;patchouli;amber;warm spicy","Rose;Confiture de rose","Patchouli;Bois de cachemire;Bois de santal","Musc;Ambre;Fève de tonka",,modéré (e),modéré (e),,,,,,,3.91
Memo Paris,Omnia Omnibus Ubique,https://www.fragrantica.fr/parfum/Memo-Paris/Omnia-Omnibus-Ubique-134431.html,unisexe,Eau de Parfum,2026,"powdery;iris;oud;musky;woody;vanilla;earthy;warm spicy",,,,"Beurre d'iris;Racine d'iris;Oud;Musc;Absolu de vanille;Bois de santal;Jasmin;Benjoin;Safran",très longue tenue,puissant,,,,,,,4.38
Memo Paris,Portobello Road,https://www.fragrantica.fr/parfum/Memo-Paris/Portobello-Road-103562.html,unisexe,Eau de Parfum,2025,"aromatic;aquatic;green;ozonic;rose;citrus;woody;asphault","Feuilles vertes;Mandarine;Myrte","Sauge sclarée;Rose","Notes de pluie;Asphalte;Vétiver;Patchouli",,modéré (e),modéré (e),,,,,,,3.75
Memo Paris,Sintra,https://www.fragrantica.fr/parfum/Memo-Paris/Sintra-62837.html,unisexe,Eau de Parfum,2020,"citrus;caramel;vanilla;sweet;powdery;fresh spicy;aromatic;musky","Petit-grain;Fruits rouges;Bergamote","Orange;Cannelle;Rose","Caramel;Vanille;Musc",,,,,,,,,,3.76
Memo Paris,Tiger's Nest,https://www.fragrantica.fr/parfum/Memo-Paris/Tiger-s-Nest-50438.html,unisexe,Eau de Parfum,2018,"amber;powdery;warm spicy;sweet;vanilla;aromatic;balsamic;woody","Absinthe;Aldéhydes;Citron vert","Ambre;Safran;Osmanthus;Ylang-ylang;Encens;Rose","Baume de Tolu;Vanille;Papyrus",,longue tenue,modéré (e),,,,,,,4.01
Memo Paris,Winter Palace,https://www.fragrantica.fr/parfum/Memo-Paris/Winter-Palace-55377.html,unisexe,Eau de Parfum,2019,"citrus;vanilla;green;aromatic;amber;fresh spicy;fresh;warm spicy","Citron;Bergamote;Clou de girofle","Thé rouge;Maté;Fleur d'oranger","Vanille;Benjoin;Ciste",,,,,,,,,,4.11
Memo Paris,Abu Dhabi,https://www.fragrantica.fr/parfum/Memo-Paris/Abu-Dhabi-99240.html,unisexe,Eau de Parfum,2024,"sweet;fruity;warm spicy;amber;aromatic;metallic;leather;earthy","Prune;Cardamome","Dattes;Safran","Ambre;Vétiver",,,,,,,,,,3.97
Memo Paris,Cappadocia,https://www.fragrantica.fr/parfum/Memo-Paris/Cappadocia-88771.html,unisexe,Eau de Parfum,2023,"warm spicy;amber;vanilla;powdery;woody;balsamic;metallic;leather",,,,"Safran;Vanille;Benjoin;Myrrhe;Bois de santal;Encens;Racine d'iris;Musc;Mahonial;Rose;Jasmin",,,,,,,,,3.87
Memo Paris,Corfu,https://www.fragrantica.fr/parfum/Memo-Paris/Corfu-68292.html,unisexe,Eau de Parfum,2021,"aromatic;fresh spicy;fruity;green;rose;citrus;woody;floral","Rhubarbe;Bergamote;Cassis","Géranium;Rose;Muguet","Musc;Mousse;Patchouli",,modéré (e),modéré (e),,,,,,,3.68
Memo Paris,Flam,https://www.fragrantica.fr/parfum/Memo-Paris/Flam-69613.html,unisexe,Eau de Parfum,2021,"amber;white floral;floral;vanilla;musky;woody;powdery;citrus","Bergamote;Orange;Sauge sclarée",Jasmin Sambac,"Absolu de vanille;Ambrettolide;Cèdre;Fève de tonka;Musc",,,,,,,,,,3.91
Memo Paris,Ilha do Mel,https://www.fragrantica.fr/parfum/Memo-Paris/Ilha-do-Mel-30274.html,unisexe,Eau de Parfum,2015,"white floral;floral;honey;sweet;fresh spicy;citrus;green;yellow floral","Jacinthe;Mandarine;Genévrier","Miel;Jasmin;Fleur d'oranger;Genêt;Iris",Vanille,,modéré (e),modéré (e),,,,,,,3.95
Memo Paris,Ithaque,https://www.fragrantica.fr/parfum/Memo-Paris/Ithaque-79533.html,unisexe,Eau de Parfum,2023,"citrus;fruity;aromatic;fresh spicy;woody;soft spicy;fresh;green","Bergamote;Bigarade;Mandarine;Poivre rose;Poivre du Sichuan;Poivre de Madagascar","Bourgeon de cassis;Groseille à grappes;Baies de genévrier;Framboise;Jasmin d'Egypte","Cèdre du Texas;Patchouli",,,,,,,,,,4.21
Memo Paris,Jannat,https://www.fragrantica.fr/parfum/Memo-Paris/Jannat-5048.html,unisexe,Eau de Parfum,2008,"citrus;aromatic;floral;fresh spicy;green;white floral;tropical;musky",,,,"Néroli;Petit-grain;Bergamote;Limone Costa d'Amalfi;Frangipanier;Mandarine;Musc;Sauge sclarée;Liatris;Fève de tonka",modéré (e),modéré (e),,,,,,,3.72
Memo Paris,Kedu,https://www.fragrantica.fr/parfum/Memo-Paris/Kedu-24644.html,unisexe,Eau de Parfum,2014,"citrus;aromatic;green;fruity;fresh spicy;musky;sweet;woody","Mandarine;Thé;Bergamote;Pamplemousse;Orange;Gingembre","Sésame;Notes aromatiques","Musc;Cèdre;Mousse",,modéré (e),modéré (e),,,,,,,3.89
Memo Paris,Kotor,https://www.fragrantica.fr/parfum/Memo-Paris/Kotor-74640.html,unisexe,Extrait de Parfum,2022,"woody;amber;warm spicy;sweet;nutty;aromatic;vanilla;leather",,,,"Noisette;Myrrhe;Amberwood;Caramel;Cuir;Bois de santal;Fève de tonka;Maté;Clou de girofle;Miel;Oud;Vanille bourbon;Cèdre;Safran;Patchouli;Rhubarbe;Thym;Musc;Rose;Jasmin",,,,,,,,,4.05
Memo Paris,Moon Fever,https://www.fragrantica.fr/parfum/Memo-Paris/Moon-Fever-28141.html,unisexe,Eau de Parfum,2012,"citrus;aromatic;leather;fresh;fresh spicy;woody;soft spicy;vanilla","Bigarade;Citron;Pamplemousse","Verveine odorante;Sauge sclarée;Néroli","Vétiver;Fève de tonka;Cuir",,,,,,,,,,3.84
Memo Paris,Palais Bourbon,https://www.fragrantica.fr/parfum/Memo-Paris/Palais-Bourbon-94839.html,unisexe,Eau de Parfum,2024,"woody;warm spicy;amber;oud;vanilla;balsamic;smoky;aromatic",,,,"Encens;Oud;Absolu de vanille;Patchouli;Bois d'Akigala;Fève de tonka;Cardamome;Gaïac;Vétiver;Résine;Benjoin;Ecorce;Bois de santal;Cannelle;Géranium;Poivre noir",longue tenue,puissant,,,,,,,4.21
Memo Paris,Quartier Latin,https://www.fragrantica.fr/parfum/Memo-Paris/Quartier-Latin-15423.html,unisexe,Extrait de Parfum,2012,"woody;amber;powdery;warm spicy;vanilla;aromatic;sweet;balsamic","Pêche;Cardamome;Clou de girofle","Violette;Jasmin;Rose","Bois de santal;Fève de tonka;Cèdre;Ambre",,,,,,,,,,3.93
Memo Paris,Red Island,https://www.fragrantica.fr/parfum/Memo-Paris/Red-Island-109413.html,unisexe,Eau de Parfum,2025,"warm spicy;coffee;woody;vanilla;powdery;cinnamon;patchouli;balsamic","Longoza;Cannelle;Bergamote","Café;Bois de santal;Carotte","Absolu de vanille;Patchouli;Fève de tonka",,modéré (e),discret,,,,,,,3.95
Memo Paris,Shams Oud,https://www.fragrantica.fr/parfum/Memo-Paris/Shams-Oud-12139.html,unisexe,Eau de Parfum,2011,"woody;amber;balsamic;oud;fresh spicy;earthy;aromatic;musky","Poivre;Gingembre","Huile essentielle de cypriol;Bois de cachemire","Oud;Baumier du Pérou;Vétiver;Styrax",,,,,,,,,,4.17
Memo Paris,Sherwood,https://www.fragrantica.fr/parfum/Memo-Paris/Sherwood-77998.html,unisexe,Eau de Parfum,2022,"woody;powdery;musky;warm spicy;rose;soft spicy;white floral;fruity","Graines de carotte;Cassis;Poivre rose","Fleur d'oranger;Rose de Damas;Epices","Bois de santal;Bois de cachemire;Chêne",,modéré (e),modéré (e),,,,,,,3.82
Memo Paris,Siwa,https://www.fragrantica.fr/parfum/Memo-Paris/Siwa-2784.html,femme,Eau de Parfum,2007,"vanilla;powdery;yellow floral;floral;musky;green;warm spicy;amber;f_gender","Narcisse;Freesia;Feuille de cannelier","Héliotrope;Bois de santal;Encens","Vanille;Musc;Benjoin",,modéré (e),modéré (e),,,,,,,3.95
Memo Paris,Tamarindo,https://www.fragrantica.fr/parfum/Memo-Paris/Tamarindo-48286.html,unisexe,Extrait de Parfum,2018,"fruity;sweet;tropical;fresh;citrus;floral;white floral;green","Ananas;Orange;Notes vertes;Bergamote","Jasmin Sambac;Freesia;Pêche","Absolu de vanille;Benjoin;Patchouli;Siam;Ambre",,,,,,,,,,3.90
Memo Paris,Zante,https://www.fragrantica.fr/parfum/Memo-Paris/Zante-109058.html,unisexe,Eau de Parfum,,"citrus;aromatic;fresh spicy;white floral;green;woody;floral;fresh","Petit-grain;Bergamote;Mandarine","Néroli;Romarin;Lavande","Ambre;Patchouli",,,,,,,,,,3.85
Memo Paris,Desert Orange Blossom,https://www.fragrantica.fr/parfum/Memo-Paris/Desert-Orange-Blossom-62835.html,unisexe,Eau de Parfum,2019,"patchouli;warm spicy;woody;earthy;floral;balsamic;cinnamon;sweet",Cannelle,Fleur d'amandier,Patchouli,,longue tenue,puissant,,,,,,,3.92
Memo Paris,London Tweed,https://www.fragrantica.fr/parfum/Memo-Paris/London-Tweed-62836.html,unisexe,Eau de Parfum,2019,"fresh spicy;citrus;fresh;aromatic;warm spicy;fruity;herbal;floral",Bergamote,Gingembre,Cardamome,,,,,,,,,,4.04
Memo Paris,Mallorcan Almond Oud,https://www.fragrantica.fr/parfum/Memo-Paris/Mallorcan-Almond-Oud-82329.html,unisexe,Extrait de Parfum,2021,"warm spicy;almond;oud;cinnamon;nutty;fruity;fresh spicy;aromatic","Amande amère;Cardamome;Bergamote;Mandarine","Cannelle;Safran;Jasmin","Oud;Cèdre;Cèdre Atlas",,très longue tenue,modéré (e),,,,,,,3.92
Memo Paris,Rose Paris Rose,https://www.fragrantica.fr/parfum/Memo-Paris/Rose-Paris-Rose-62833.html,unisexe,Eau de Parfum,2019,"woody;rose;green;aromatic;fruity;balsamic;sweet;floral",Rose,Davana,Gaïac,,longue tenue,modéré (e),,,,,,,4.05
Memo Paris,Siberian Golden Woods,https://www.fragrantica.fr/parfum/Memo-Paris/Siberian-Golden-Woods-62834.html,unisexe,Eau de Parfum,2019,"woody;aromatic;earthy;powdery;green;warm spicy;balsamic",Sésame,Vétiver,Bois de santal,,,,,,,,,,4.35
Memo Paris,French Leather Rose,https://www.fragrantica.fr/parfum/Memo-Paris/French-Leather-Rose-37186.html,unisexe,Extrait de Parfum,2016,"rose;musky;citrus;powdery;soft spicy;floral;leather;sweet","Citron vert;Poivre rose","Rose;Eau de rose","Musc blanc;Daim",,,,,,,,,,3.95
Memo Paris,Inle Iris,https://www.fragrantica.fr/parfum/Memo-Paris/Inle-Iris-40204.html,femme,Eau de Parfum,2016,"aromatic;iris;floral;fresh spicy;powdery;citrus;fruity;musky;f_gender","Bergamote;Armoise;Menthe","Maté;Osmanthus;Jasmin Sambac","Iris;Musc",,,,,,,,,,3.93
Memo Paris,Jamal's Desert,https://www.fragrantica.fr/parfum/Memo-Paris/Jamal-s-Desert-69620.html,unisexe,Extrait de Parfum,2020,"leather;fruity;rose;animalic;fresh;smoky;sweet;floral",,,,"Fruits rouges;Cuir;Rose",,,,,,,,,3.83
Memo Paris,Jamal's Palace,https://www.fragrantica.fr/parfum/Memo-Paris/Jamal-s-Palace-60077.html,unisexe,Eau de Parfum,2020,"warm spicy;leather;animalic;oud;white floral;amber;metallic;smoky","Safran;Gardénia","Curcuma;Cardamome","Cuir;Oud;Ambre",,,,,,,,,,4.36
Memo Paris,Jannat Baby Eau Fraiche,https://www.fragrantica.fr/parfum/Memo-Paris/Jannat-Baby-Eau-Fraiche-15903.html,unisexe,Eau de Parfum,2008,"citrus;aromatic;floral;fresh spicy;green;white floral;tropical;soft spicy","Bergamote;Petit-grain;Citron;Orange;Mandarine","Sauge sclarée;Néroli;Frangipanier","Fève de tonka;Liatris;Musc",,modéré (e),discret,,,,,,,3.77
Memo Paris,Kedu Sesame,https://www.fragrantica.fr/parfum/Memo-Paris/Kedu-Sesame-46179.html,unisexe,Extrait de Parfum,2017,"citrus;floral;fresh;aromatic;rose;green;musky;fresh spicy","Pivoine;Freesia;Rose","Pamplemousse;Néroli;Maté;Mandarine;Lotus","Sésame;Musc blanc;Mousse;Palmier",,modéré (e),modéré (e),,,,,,,3.99
Memo Paris,Manoa,https://www.fragrantica.fr/parfum/Memo-Paris/Manoa-10558.html,femme,Eau de Parfum,2010,"amber;vanilla;sweet;balsamic;woody;aromatic;fresh spicy;citrus;f_gender","Gingembre;Bergamote;Limone Costa d'Amalfi","Fève de tonka;Cyprès;Iris","Opoponax;Vanille;Ciste de France",,longue tenue,puissant,,,,,,,4.07
Memo Paris,Moon Leather,https://www.fragrantica.fr/parfum/Memo-Paris/Moon-Leather-40203.html,unisexe,Extrait de Parfum,2016,"citrus;aromatic;leather;animalic;fresh;woody;earthy;fresh spicy","Bigarade;Citron;Pamplemousse","Verveine odorante;Sauge sclarée;Néroli","Cuir;Vétiver;Fève de tonka",,modéré (e),modéré (e),,,,,,,3.85
Memo Paris,Moon Safari,https://www.fragrantica.fr/parfum/Memo-Paris/Moon-Safari-7118.html,unisexe,Eau de Parfum,2009,"citrus;aromatic;leather;woody;fresh;earthy;fresh spicy;herbal","Pamplemousse;Bigarade;Limone Costa d'Amalfi;Mandarine","Néroli;Vétiver;Verveine odorante;Sauge;Primevère","Cuir;Fève de tonka",,très longue tenue,énorme,,,,,,,4.11
Memo Paris,Retba,https://www.fragrantica.fr/parfum/Memo-Paris/Retba-60076.html,unisexe,Extrait de Parfum,2020,"warm spicy;amber;fresh spicy;sweet;fruity;vanilla;oud;rose","Framboise;Rose;Poivre rose","Oud;Safran;Gingembre","Ambre;Vanille;Cardamome;Cannelle;Myrrhe;Noix de muscade;Gaïac",,,,,,,,,,4.27
Memo Paris,Shams Narcissus,https://www.fragrantica.fr/parfum/Memo-Paris/Shams-Narcissus-33688.html,unisexe,Eau de Parfum,2014,"amber;yellow floral;warm spicy;oud;balsamic;powdery;green;woody",,,,,,,,,,,,,3.73
Memo Paris,Sundance,https://www.fragrantica.fr/parfum/Memo-Paris/Sundance-2785.html,femme,Eau de Parfum,2007,"white floral;tuberose;fruity;sweet;powdery;woody;animalic;warm spicy;f_gender","Poire;Bergamote;Citron","Tubéreuse;Fleur de tiaré;Iris;Piment","Bois de santal;Fève de tonka;Musc",,,,,,,,,,3.61
Memo Paris,Vaadhoo,https://www.fragrantica.fr/parfum/Memo-Paris/Vaadhoo-58395.html,unisexe,Eau de Parfum,2019,"aromatic;fresh spicy;woody;earthy;herbal;warm spicy;patchouli;green","Gingembre;Basilic;Bourgeon de cassis","Géranium;Immortelle;Jasmin","Vétiver;Patchouli;Mousse",,,,,,,,,,3.52
Memo Paris,Voyages Naturels - Grapefruit From Argentina,https://www.fragrantica.fr/parfum/Memo-Paris/Voyages-Naturels-Grapefruit-From-Argentina-5047.html,unisexe,Eau de Parfum,2008,"citrus;fresh spicy;aromatic;bitter;aldehydic",,,,Pamplemousse,,,,,,,,,3.80
Memo Paris,Voyages Naturels - Orange Blossom From Italy,https://www.fragrantica.fr/parfum/Memo-Paris/Voyages-Naturels-Orange-Blossom-From-Italy-5046.html,unisexe,Extrait de Parfum,2008,"white floral;citrus;sweet;soapy;animalic",,,,Fleur d'oranger,,,,,,,,,1.00
Byredo,1996 Inez & Vinoodh,https://www.fragrantica.fr/parfum/Byredo/1996-Inez-Vinoodh-19247.html,unisexe,Eau de Parfum,2013,"leather;aromatic;fresh spicy;woody;animalic;smoky;powdery;patchouli","Baies de genévrier;Poivre noir","Cuir;Racine d'iris;Violette","Patchouli;Ambre noire;Vanille",,,,,,,,,,3.88
Byredo,Accord Oud,https://www.fragrantica.fr/parfum/Byredo/Accord-Oud-10757.html,unisexe,Eau de Parfum,2010,"leather;fruity;oud;warm spicy;rum;sweet;animalic;woody",,,,,,,,,,,,,4.06
Byredo,Alto Astral,https://www.fragrantica.fr/parfum/Byredo/Alto-Astral-111517.html,unisexe,Eau de Parfum,2025,"musky;woody;powdery;aldehydic;amber;fresh;warm spicy;white floral","Eau de coco;Aldéhydes","Musc;Encens;Jasmin","Bois de cachemire;Bois de santal;Ambre",,,,,,,,,,3.76
Byredo,Animalique,https://www.fragrantica.fr/parfum/Byredo/Animalique-85157.html,unisexe,Eau de Parfum,2023,"powdery;leather;violet;musky;tobacco;amber;sweet;floral","Bergamote;Citron","Violette;Mimosa","Daim;Feuille de tabac;Ambre",,modéré (e),modéré (e),,,,,,,4.05
Byredo,Bal d'Afrique,https://www.fragrantica.fr/parfum/Byredo/Bal-d-Afrique-6458.html,unisexe,Eau de Parfum,2009,"woody;aromatic;earthy;violet;floral;powdery;fresh;green","Bergamote;Oeillet d'Inde;Agathosma","Violette;Cyclamen","Vétiver;Cèdre",,,,,,,,,,4.14
Byredo,Baudelaire,https://www.fragrantica.fr/parfum/Byredo/Baudelaire-7458.html,homme,Eau de Parfum,2009,"fresh spicy;woody;amber;aromatic;leather;smoky;warm spicy;patchouli;f_gender","Baies de genévrier;Poivre;Carvi","Cuir;Encens;Jacinthe","Patchouli;Papyrus;Ambre",,,,,,,,,,4.03
Byredo,Belle de Tanger,https://www.fragrantica.fr/parfum/Byredo/Belle-de-Tanger-40622.html,unisexe,Eau de Parfum,2016,"citrus;powdery;woody;iris;violet;fresh;musky;earthy",Bigarade,"Racine d'iris;Violette",Bois de cachemire,,médiocre,énorme,,,,,,,3.89
Byredo,Bibliothèque,https://www.fragrantica.fr/parfum/Byredo/Bibliotheque-43324.html,unisexe,Eau de Parfum,2017,"fruity;leather;powdery;sweet;violet;animalic;patchouli;vanilla","Prune;Pêche","Violette;Pivoine","Cuir;Patchouli;Vanille;Musc",,,,,,,,,,3.72
Byredo,Black Saffron,https://www.fragrantica.fr/parfum/Byredo/Black-Saffron-16220.html,unisexe,Eau de Parfum,2012,"leather;fruity;woody;aromatic;warm spicy;sweet;animalic;powdery","Safran;Baies de genévrier;Pamplemousse chinois","Cuir;Violette noire","Framboise;Bois de cachemire;Vétiver",,modéré (e),puissant,,,,,,,3.92
Byredo,Blanche,https://www.fragrantica.fr/parfum/Byredo/Blanche-6686.html,femme,Eau de Parfum,2009,"fresh;aldehydic;musky;powdery;floral;rose;violet;soapy;f_gender","Aldéhydes;Rose;Poivre rose","Pivoine;Violette;Fleur d'oranger d'Afrique","Musc;Notes boisées;Bois de santal",,,,,,,,,,3.70
Byredo,Bullion,https://www.fragrantica.fr/parfum/Byredo/Bullion-15923.html,unisexe,Eau de Parfum,2012,"fruity;woody;leather;floral;sweet;musky;animalic;soft spicy","Prune;Poivre rose","Cuir;Osmanthus;Magnolia","Notes boisées sombres;Musc;Bois de santal",,,,,,,,,,3.81
Byredo,Byredo,https://www.fragrantica.fr/parfum/Byredo/Byredo-40351.html,unisexe,Eau de Parfum,2016,"woody;powdery;violet;aromatic;iris;earthy;soft spicy;fresh","Gin;Poivre rose","Violette;Racine d'iris","Sapin baumier;Mousse de chêne",,,,,,,,,,3.93
Byredo,Chembur,https://www.fragrantica.fr/parfum/Byredo/Chembur-3573.html,unisexe,Eau de Parfum,2008,"amber;fresh spicy;citrus;balsamic;aromatic;smoky;fresh;musky",,,,"Encens;Gingembre;Résine d'élémi;Limone Costa d'Amalfi;Noix de muscade;Bergamote;Ciste de France;Ambre;Musc",modéré (e),modéré (e),,,,,,,3.76
Byredo,Cuir Obscur,https://www.fragrantica.fr/parfum/Byredo/Cuir-Obscur-40276.html,unisexe,Eau de Parfum,2016,"leather;rose;almond;animalic;fruity;patchouli;woody;fresh spicy","Amaretto;Noix de muscade","Rose;Ylang-ylang","Cuir;Patchouli;Musc",,longue tenue,énorme,,,,,,,4.11
Byredo,De Los Santos,https://www.fragrantica.fr/parfum/Byredo/De-Los-Santos-72693.html,unisexe,Eau de Parfum,2022,"amber;musky;aromatic;herbal;powdery;iris;soft spicy;fruity","Sauge;Mirabelle","Racine d'iris;Ciste Incanus","Résine oliban;Musc;Ambroxan",,modéré (e),modéré (e),,,,,,,3.84
Byredo,Deep Viola,https://www.fragrantica.fr/parfum/Byredo/Deep-Viola-61748.html,unisexe,Eau de Parfum,2020,"powdery;amber;leather;musky;violet;warm spicy;animalic;fresh spicy","Angélique;Safran;Bergamote","Cuir;Violette;Iris","Résine oliban;Oud;Vanille",,modéré (e),modéré (e),,,,,,,3.70
Byredo,Desert Dawn,https://www.fragrantica.fr/parfum/Byredo/Desert-Dawn-96188.html,unisexe,Eau de Parfum,2024,"woody;powdery;musky;warm spicy;aromatic;rose;earthy;green",,,,,,,,,,,,,3.72
Byredo,Elevator Music,https://www.fragrantica.fr/parfum/Byredo/Elevator-Music-48821.html,unisexe,Extrait de Parfum,2018,"woody;musky;floral;powdery;aromatic;green;amber;violet",,,,,,,,,,,,,3.74
Byredo,Eleventh Hour,https://www.fragrantica.fr/parfum/Byredo/Eleventh-Hour-50934.html,unisexe,Eau de Parfum,2018,"woody;fruity;amber;sweet;musky;rum;powdery;fresh spicy","Bergamote;Timur","Prune;Rhum;Figue;Graines de carotte","Cèdre;Bois de cachemire;Iso E Super;Fève de tonka;Résine oliban;Ciste",,modéré (e),modéré (e),,,,,,,3.86
Byredo,Eyes Closed,https://www.fragrantica.fr/parfum/Byredo/Eyes-Closed-76339.html,unisexe,Eau de Parfum,2022,"warm spicy;powdery;cinnamon;iris;earthy;woody;soft spicy;fresh",,,,,,,,,,,,,3.70
Byredo,Fantastic Man,https://www.fragrantica.fr/parfum/Byredo/Fantastic-Man-6688.html,homme,Eau de Parfum,,"aromatic;warm spicy;anis;fresh spicy;soft spicy;woody;earthy;citrus;f_gender","Badiane de Chine;Bergamote;Cardamome","Lavande;Encens;Géranium","Vétiver;Mousse de chêne;Patchouli",,,,,,,,,,3.95
Byredo,Flowerhead,https://www.fragrantica.fr/parfum/Byredo/Flowerhead-23881.html,unisexe,Eau de Parfum,2014,"white floral;green;tuberose;musky;amber;animalic;powdery;fruity",,,,,,,,,,,,,3.52
Byredo,Future Memories,https://www.fragrantica.fr/parfum/Byredo/Future-Memories-138414.html,unisexe,Eau de Parfum,2026,"vanilla;musky;aldehydic;fruity;powdery;green;amber;balsamic","Aldéhydes;Cassis;Férule gommeuse","Vanille;Ciste;Beurre d'iris;Fleur d'oranger","Liqueur de Crème;Ambrofix™;Vanille bourbon;Musc",,longue tenue,modéré (e),,,,,,,3.93
Byredo,Green,https://www.fragrantica.fr/parfum/Byredo/Green-3574.html,unisexe,Eau de Parfum,2008,"white floral;aromatic;herbal;fruity;almond;powdery;musky;violet","Petit-grain;Sauge","Chèvrefeuille;Violette;Jasmin;Rose","Amande;Musc;Fève de tonka",,,,,,,,,,3.96
Byredo,Gypsy Water,https://www.fragrantica.fr/parfum/Byredo/Gypsy-Water-3575.html,unisexe,Eau de Parfum,2008,"woody;aromatic;fresh spicy;citrus;powdery;vanilla;amber;balsamic","Genévrier;Citron;Bergamote;Poivre","Aiguilles de pin;Encens;Racine d'iris","Vanille;Bois de santal;Ambre",,,,,,,,,,3.98
Byredo,Heliotropia,https://www.fragrantica.fr/parfum/Byredo/Heliotropia-40277.html,unisexe,Extrait de Parfum,2016,"white floral;powdery;amber;woody;vanilla;smoky;almond;floral",,,,"Héliotrope;Jasmin Sambac;Encens;Notes boisées;Gardénia",longue tenue,puissant,,,,,,,3.86
Byredo,Inflorescence,https://www.fragrantica.fr/parfum/Byredo/Inflorescence-17798.html,femme,Eau de Parfum,2013,"white floral;floral;fresh;green;citrus;soapy;rose;soft spicy;f_gender","Freesia rose;Rose","Muguet;Magnolia",Jasmin,,,,,,,,,,3.86
Byredo,La Tulipe,https://www.fragrantica.fr/parfum/Byredo/La-Tulipe-8441.html,femme,Eau de Parfum,2010,"floral;green;soft spicy;fruity;aromatic;woody;fresh;sweet;f_gender",,,,,,,,,,,,,4.07
Byredo,Late Lunch,https://www.fragrantica.fr/parfum/Byredo/Late-Lunch-136491.html,unisexe,Eau de Parfum,2026,"aromatic;woody;green;salty;citrus;balsamic;marine;fresh spicy",,,,"Sel;Férule gommeuse;Cèdre;Lentisque;Romarin;Mandarine;Ambrox Super;Citron;Fleur d'oranger;Helvetolide;Poivre rose",médiocre,discret,,,,,,,3.33
Byredo,Lil Fleur,https://www.fragrantica.fr/parfum/Byredo/Lil-Fleur-60487.html,unisexe,Eau de Parfum,2020,"rose;leather;animalic;citrus;warm spicy;fruity;aromatic;woody","Safran;Bourgeon de cassis;Tangerine","Rose de Damas;Cuir","Ambre gris;Notes boisées;Vanille",,,,,,,,,,3.51
Byredo,M/Mink,https://www.fragrantica.fr/parfum/Byredo/M-Mink-10758.html,unisexe,Eau de Parfum,2010,"amber;aldehydic;patchouli;warm spicy;marine;smoky;honey;balsamic",,,,"Aldéhydes;Encens;Feuille de patchouli;Notes marines;Miel;Ambre;Notes fleuries",,,,,,,,,3.45
Byredo,Mister Marvelous,https://www.fragrantica.fr/parfum/Byredo/Mister-Marvelous-13002.html,homme,Eau de Parfum,2011,"woody;citrus;aromatic;green;white floral;fresh spicy;lavender;herbal;f_gender","Petit-grain;Néroli","Bambou;Lavande","Cèdre de Virginie;Ambre",,,,,,,,,,3.45
Byredo,Mixed Emotions,https://www.fragrantica.fr/parfum/Byredo/Mixed-Emotions-65525.html,unisexe,Eau de Parfum,2021,"woody;green;fruity;leather;aromatic;smoky;fresh spicy;ozonic","Cassis;Maté","Thé;Feuille de violette","Bouleau;Papyrus",,modéré (e),modéré (e),,,,,,,3.77
Byredo,Mojave Ghost,https://www.fragrantica.fr/parfum/Byredo/Mojave-Ghost-27040.html,unisexe,Eau de Parfum,2014,"floral;powdery;woody;violet;musky;fruity;amber;citrus","Sapotille;Ambrette","Magnolia;Violette;Bois de santal","Ambre gris;Cèdre;Musc",,,,,,,,,,3.97
Byredo,Mojave Ghost Alcohol-Free,https://www.fragrantica.fr/parfum/Byredo/Mojave-Ghost-Alcohol-Free-97941.html,unisexe,Eau de Parfum,2024,"powdery;floral;woody;amber;violet;musky;fruity;sweet","Sapotille;Ambrette","Violette;Bois de santal;Magnolia","Ambre;Cèdre;Musc",,,,,,,,,,3.17
Byredo,Mumbai Noise,https://www.fragrantica.fr/parfum/Byredo/Mumbai-Noise-69858.html,unisexe,Eau de Parfum,2021,"oud;woody;warm spicy;amber;coffee;aromatic;green;balsamic",Davana,"Café;Fève de tonka","Oud;Bois de santal;Ciste",,,,,,,,,,3.40
Byredo,Oboro,https://www.fragrantica.fr/parfum/Byredo/Oboro-137873.html,unisexe,Extrait de Parfum,2026,"fresh spicy;amber;ozonic;citrus;aquatic;fresh;mineral;aromatic",,,,,,,,,,,,,4.56
Byredo,Open Sky,https://www.fragrantica.fr/parfum/Byredo/Open-Sky-66825.html,unisexe,Eau de Parfum,2021,"aromatic;citrus;cannabis;woody;fresh spicy;green;herbal;earthy","Pomelo;Poivre noir",Cannabis,"Vétiver;Palo santo",,,,,,,,,,3.73
Byredo,Oud Immortel,https://www.fragrantica.fr/parfum/Byredo/Oud-Immortel-10759.html,unisexe,Eau de Parfum,2010,"woody;oud;warm spicy;citrus;earthy;balsamic;patchouli;mossy","Limoncello;Encens;Cardamome","Oud;Patchouli;Papyrus;Palissandre du Brésil","Mousse de chêne;Tabac",,,,,,,,,,4.00
Byredo,Palermo,https://www.fragrantica.fr/parfum/Byredo/Palermo-12488.html,femme,Eau de Parfum,2010,"citrus;fresh spicy;aromatic;musky;fresh;green;floral;rose;f_gender","Agrumes;Petit-grain;Bergamote","Musc;Rose",Ambrette,,,,,,,,,,3.73
Byredo,Pulp,https://www.fragrantica.fr/parfum/Byredo/Pulp-3576.html,unisexe,Eau de Parfum,2008,"fruity;sweet;woody;floral;aromatic;citrus;soft spicy;fresh spicy",,,,,,,,,,,,,3.77
Byredo,Rodeo,https://www.fragrantica.fr/parfum/Byredo/Rodeo-45540.html,unisexe,Eau de Parfum,2016,"leather;powdery;violet;animalic;woody;musky;aromatic;amber",Cuir,"Daim;Violette","Vétiver;Ambre noire",,modéré (e),modéré (e),,,,,,,3.94
Byredo,Rose Noir,https://www.fragrantica.fr/parfum/Byredo/Rose-Noir-3577.html,unisexe,Eau de Parfum,2008,"rose;mossy;floral;earthy;musky;citrus;woody;amber",,,,,,,,,,,,,3.85
Byredo,Rose Of No Man's Land,https://www.fragrantica.fr/parfum/Byredo/Rose-Of-No-Man-s-Land-31931.html,unisexe,Eau de Parfum,2015,"rose;floral;soft spicy;woody;amber;fruity;leather;musky","Rose rouge de Turquie;Poivre rose","Rose rouge de Turquie;Fleur de framboisier","Papyrus;Ambre",,,,,,,,,,4.00
Byredo,Russell Westbrook,https://www.fragrantica.fr/parfum/Byredo/Russell-Westbrook-31423.html,unisexe,Eau de Parfum,2015,"aromatic;woody;floral;powdery;violet;fruity;earthy;leather",,,,,,,,,,,,,4.25
Byredo,Seven Veils,https://www.fragrantica.fr/parfum/Byredo/Seven-Veils-13307.html,unisexe,Eau de Parfum,2011,"powdery;soft spicy;vanilla;floral;woody;sweet;musky;fresh",,,,,,,,,,,,,3.94
Byredo,Sister Dreamer,https://www.fragrantica.fr/parfum/Byredo/Sister-Dreamer-128860.html,unisexe,Extrait de Parfum,2026,"amber;woody;fresh spicy;rose;aromatic;floral;soft spicy;warm spicy","Poivre rose;Encens;Baie de genévrier","Géranium;Rose de Turquie;Freesia","Amberwood;Healingwood;Bois de santal",,,,,,,,,,3.62
Byredo,Slow Dance,https://www.fragrantica.fr/parfum/Byredo/Slow-Dance-57007.html,unisexe,Eau de Parfum,2019,"amber;woody;balsamic;warm spicy;sweet;vanilla;patchouli;powdery",,,,,,,,,,,,,3.83
Byredo,Sunday Cologne,https://www.fragrantica.fr/parfum/Byredo/Sunday-Cologne-13044.html,unisexe,Eau de Parfum,2011,"aromatic;fresh spicy;citrus;woody;warm spicy;earthy;lavender;anis","Bergamote;Badiane de Chine;Cardamome","Lavande;Géranium;Encens","Vétiver;Mousse de chêne;Patchouli",,,,,,,,,,3.80
Byredo,Sundazed,https://www.fragrantica.fr/parfum/Byredo/Sundazed-54747.html,unisexe,Extrait de Parfum,2019,"citrus;sweet;white floral;caramel;fresh;musky;powdery;aromatic","Mandarine;Citron de Californie","Néroli;Jasmin Sambac","Barbe à papa;Musc blanc",,,,,,,,,,3.76
Byredo,Super Cedar,https://www.fragrantica.fr/parfum/Byredo/Super-Cedar-35530.html,unisexe,Eau de Parfum,2016,"woody;aromatic;musky;powdery;rose;earthy;green;floral",Rose,Cèdre de Virginie,"Vétiver de Haïti;Musc",,,,,,,,,,3.77
Byredo,Susanne Kaufmann x Byredo Bregenzerwald Fragrance Oil,https://www.fragrantica.fr/parfum/Byredo/Susanne-Kaufmann-x-Byredo-Bregenzerwald-Fragrance-Oil-89054.html,unisexe,Eau de Parfum,2023,,"Baies de genévrier;Élémi","Férule gommeuse;Jasmin","Sucre;Figue",,,,,,,,,,3.50
Byredo,Velvet Haze,https://www.fragrantica.fr/parfum/Byredo/Velvet-Haze-46358.html,unisexe,Eau de Parfum,2017,"musky;patchouli;woody;floral;coconut;warm spicy;powdery;cacao",,,,,,,,,,,,,3.71
Byredo,Young Rose,https://www.fragrantica.fr/parfum/Byredo/Young-Rose-69009.html,unisexe,Eau de Parfum,2021,"musky;rose;floral;amber;powdery;fresh spicy;iris;citrus","Poivre du Sichuan;Ambrette","Rose de Damas;Iris","Musc;Ambroxan",,,,,,,,,,3.97
Byredo,Alto Astral Body Mist,https://www.fragrantica.fr/parfum/Byredo/Alto-Astral-Body-Mist-135120.html,unisexe,Eau de Parfum,2026,"woody;salty;warm spicy;powdery;marine;amber;soft spicy;balsamic","Eau de coco;Poivre rose","Safran;Lin;Orchidée sauvage","Bois de santal;Sel;Lait moussé;Ambre",,modéré (e),modéré (e),,,,,,,4.18
Byredo,Bal d'Afrique Body Mist,https://www.fragrantica.fr/parfum/Byredo/Bal-d-Afrique-Body-Mist-134450.html,unisexe,Eau de Parfum,2026,"musky;aromatic;woody;animalic;citrus;fruity;powdery;earthy",,,,,,,,,,,,,4.38
Byredo,Gypsy Water Body Mist,https://www.fragrantica.fr/parfum/Byredo/Gypsy-Water-Body-Mist-135121.html,unisexe,Eau de Parfum,2026,"amber;vanilla;woody;powdery;balsamic;smoky;aromatic;warm spicy",,,,,,,,,,,,,3.50
Byredo,Mojave Ghost Body Mist,https://www.fragrantica.fr/parfum/Byredo/Mojave-Ghost-Body-Mist-135115.html,unisexe,Eau de Parfum,2026,"floral;woody;musky;powdery;amber;aromatic;violet;animalic",,,,,,,,,,,,,4.00
Byredo,Rose Of No Man's Land Body Mist,https://www.fragrantica.fr/parfum/Byredo/Rose-Of-No-Man-s-Land-Body-Mist-135117.html,unisexe,Eau de Parfum,2026,"rose;floral;amber;woody;soft spicy;fruity;leather;green","Rose de Turquie;Poivre rose","Rose de Turquie;Fleur de framboisier","Ambre;Papyrus",,,,,,,,,,3.00
Byredo,Space Rage Travx,https://www.fragrantica.fr/parfum/Byredo/Space-Rage-Travx-64217.html,unisexe,Eau de Parfum,2020,"fruity;sweet;citrus;woody;aromatic;fresh spicy;green;fresh",,,,,,,,,,,,,3.30
Byredo,Gypsy Water Eau de Cologne,https://www.fragrantica.fr/parfum/Byredo/Gypsy-Water-Eau-de-Cologne-25293.html,unisexe,Eau de Parfum,2014,"woody;aromatic;citrus;fresh spicy;powdery;amber;vanilla;balsamic",,,,,,,,,,,,,3.54
Byredo,Mister Marvelous Eau de Cologne,https://www.fragrantica.fr/parfum/Byredo/Mister-Marvelous-Eau-de-Cologne-25294.html,homme,Extrait de Parfum,2014,"woody;citrus;aromatic;white floral;green;fresh spicy;amber;lavender;f_gender",,,,,,,,,,,,,3.87
Byredo,Sunday Cologne Eau de Cologne,https://www.fragrantica.fr/parfum/Byredo/Sunday-Cologne-Eau-de-Cologne-25295.html,unisexe,Extrait de Parfum,2014,"aromatic;fresh spicy;citrus;woody;warm spicy;earthy;lavender;anis",,,,,,,,,,,,,3.57
Byredo,Bal d'Afrique Hair Perfume,https://www.fragrantica.fr/parfum/Byredo/Bal-d-Afrique-Hair-Perfume-71942.html,unisexe,Eau de Parfum,2015,"aromatic;citrus;woody;earthy;fresh spicy;balsamic;herbal;green",,,,,,,,,,,,,4.20
Byredo,Byredo Blanche Hair Perfume,https://www.fragrantica.fr/parfum/Byredo/Byredo-Blanche-Hair-Perfume-46222.html,femme,Eau de Parfum,,"powdery;musky;fresh;aldehydic;floral;woody;rose;violet;f_gender","Aldéhydes;Poivre rose;Rose blanche","Violette;Pivoine;Néroli","Musc;Bois de cachemire;Bois de santal",,,,,,,,,,4.09
Byredo,Gypsy Water Hair Perfume,https://www.fragrantica.fr/parfum/Byredo/Gypsy-Water-Hair-Perfume-71940.html,unisexe,Eau de Parfum,2015,"amber;woody;aromatic;vanilla;powdery;fresh spicy;warm spicy;balsamic","Poivre;Baies de genévrier;Citron;Bergamote","Encens;Aiguilles de pin;Racine d'iris","Ambre;Vanille;Bois de santal",,,,,,,,,,4.23
Byredo,La Tulipe Hair Perfume,https://www.fragrantica.fr/parfum/Byredo/La-Tulipe-Hair-Perfume-71939.html,unisexe,Extrait de Parfum,2016,"floral;green;soft spicy;woody;fruity;fresh;aromatic;aquatic",,,,,,,,,,,,,3.97
Byredo,Mojave Ghost Hair Perfume,https://www.fragrantica.fr/parfum/Byredo/Mojave-Ghost-Hair-Perfume-71938.html,unisexe,Eau de Parfum,2016,"floral;musky;woody;powdery;fruity;violet;aromatic;citrus",,,,,,,,,,,,,4.10
Byredo,Rose Of No Man's Land Hair Perfume,https://www.fragrantica.fr/parfum/Byredo/Rose-Of-No-Man-s-Land-Hair-Perfume-71937.html,unisexe,Eau de Parfum,,"rose;floral;woody;soft spicy;fruity;leather;green;musky",,,,,,,,,,,,,3.70
Byredo,Bois Obscur,https://www.fragrantica.fr/parfum/Byredo/Bois-Obscur-115292.html,unisexe,Eau de Parfum,2025,"woody;oud;warm spicy;white floral;amber;patchouli;tuberose;leather",,,,,,,,,,,,,3.43
Byredo,Casablanca Lily,https://www.fragrantica.fr/parfum/Byredo/Casablanca-Lily-32777.html,unisexe,Extrait de Parfum,2015,"white floral;sweet;tuberose;fruity;honey;woody;warm spicy;animalic","Gardénia;Prune","Tubéreuse d'Inde;Clou de girofle","Palissandre;Miel",,,,,,,,,,3.84
Byredo,Casablanca Lily 2019,https://www.fragrantica.fr/parfum/Byredo/Casablanca-Lily-2019-58570.html,unisexe,Eau de Parfum,2019,"white floral;honey;sweet;tuberose;fruity;floral;animalic;lactonic","Gardénia;Prune","Tubéreuse d'Inde;Œillet","Miel;Palissandre",,,,,,,,,,4.19
Byredo,Casablanca Lily 2025,https://www.fragrantica.fr/parfum/Byredo/Casablanca-Lily-2025-115293.html,unisexe,Eau de Parfum,2025,"white floral;tuberose;floral;sweet;warm spicy;animalic;honey;fruity",,,,,,,,,,,,,4.20
Byredo,Cuir Sellier 2025,https://www.fragrantica.fr/parfum/Byredo/Cuir-Sellier-2025-115296.html,unisexe,Extrait de Parfum,2025,"leather;smoky;woody;mossy;animalic;earthy;musky;powdery",,,,,,,,,,,,,3.90
Byredo,La Botte,https://www.fragrantica.fr/parfum/Byredo/La-Botte-41720.html,unisexe,Extrait de Parfum,2016,"leather;violet;animalic;powdery;woody;white floral;floral;smoky",,,,,,,,,,,,,4.17
Byredo,La Selle,https://www.fragrantica.fr/parfum/Byredo/La-Selle-41721.html,unisexe,Extrait de Parfum,2016,"leather;woody;smoky;mossy;earthy;tobacco;musky;animalic",,,,,,,,,,,,,4.00
Byredo,Le Gant,https://www.fragrantica.fr/parfum/Byredo/Le-Gant-41722.html,unisexe,Extrait de Parfum,2016,"powdery;leather;musky;fruity;citrus;animalic;vanilla;floral",,,,,,,,,,,,,4.21
Byredo,Midnight Candy,https://www.fragrantica.fr/parfum/Byredo/Midnight-Candy-32778.html,unisexe,Eau de Parfum,2015,"powdery;violet;iris;floral;soft spicy;vanilla;earthy;fresh",,,,,,,,,,,,,4.08
Byredo,Reine de Nuit,https://www.fragrantica.fr/parfum/Byredo/Reine-de-Nuit-32779.html,unisexe,Extrait de Parfum,2015,"rose;warm spicy;floral;amber;fruity;smoky;woody;balsamic",,,,,,,,,,,,,4.22
Byredo,Reine de Nuit 2019,https://www.fragrantica.fr/parfum/Byredo/Reine-de-Nuit-2019-58569.html,unisexe,Extrait de Parfum,2019,"warm spicy;rose;fruity;woody;floral;patchouli;amber;balsamic","Cassis;Safran","Rose;Encens","Patchouli;Ambrette",,,,,,,,,,4.18
Byredo,Rouge Chaotique,https://www.fragrantica.fr/parfum/Byredo/Rouge-Chaotique-83369.html,unisexe,Extrait de Parfum,2023,"fruity;woody;warm spicy;sweet;oud;aromatic;leather;green",,,,,,,,,,,,,4.02
Byredo,Rouge Chaotique 2025,https://www.fragrantica.fr/parfum/Byredo/Rouge-Chaotique-2025-115295.html,unisexe,Eau de Parfum,2025,"woody;aromatic;green;fruity;oud;soft spicy;earthy;fresh",Bourgeon de cassis,Chêne,"Papyrus;Oud;Patchouli",,,,,,,,,,3.58
Byredo,Sellier,https://www.fragrantica.fr/parfum/Byredo/Sellier-58572.html,unisexe,Eau de Parfum,2019,"leather;woody;smoky;tobacco;animalic;musky;green;powdery",,,,,,,,,,,,,4.11
Byredo,Suede Osmanthus,https://www.fragrantica.fr/parfum/Byredo/Suede-Osmanthus-138583.html,unisexe,Eau de Parfum,2026,"floral;leather;fresh spicy;fruity;aromatic;musky;rose;powdery",,,,,,,,,,,,,3.50
Byredo,Tobacco Mandarin,https://www.fragrantica.fr/parfum/Byredo/Tobacco-Mandarin-63031.html,unisexe,Eau de Parfum,2020,"fresh spicy;tobacco;amber;citrus;woody;sweet;leather;animalic","Cumin;Mandarine;Coriandre","Tabac;Cuir;Ciste","Résine oliban;Oud;Bois de santal",,,,,,,,,,3.81
Byredo,Vanille Antique,https://www.fragrantica.fr/parfum/Byredo/Vanille-Antique-73438.html,unisexe,Eau de Parfum,2022,"amber;vanilla;woody;musky;powdery;sweet;fruity;balsamic",,,,,,,,,,,,,4.04
Byredo,Vanille Antique 2025,https://www.fragrantica.fr/parfum/Byredo/Vanille-Antique-2025-115294.html,unisexe,Extrait de Parfum,2025,"amber;vanilla;woody;oud;musky;sweet;powdery;fruity",,,,,,,,,,,,,4.00
Byredo,Oliver Peoples Champagne,https://www.fragrantica.fr/parfum/Byredo/Oliver-Peoples-Champagne-38820.html,unisexe,Extrait de Parfum,2015,"woody;patchouli;aromatic;warm spicy;fresh spicy;earthy;herbal;sweet",,,,,,,,,,,,,4.06
Byredo,Oliver Peoples Green,https://www.fragrantica.fr/parfum/Byredo/Oliver-Peoples-Green-38821.html,unisexe,Eau de Parfum,2015,"aromatic;woody;warm spicy;sand;patchouli;fresh spicy;herbal;sweet","Baies de genévrier;Citron de Californie","Patchouli;Racine d'iris","Sable;Immortelle;Musc",,,,,,,,,,3.91
Byredo,Oliver Peoples Indigo,https://www.fragrantica.fr/parfum/Byredo/Oliver-Peoples-Indigo-30946.html,unisexe,Extrait de Parfum,2015,"aromatic;woody;patchouli;fresh spicy;sand;citrus;warm spicy;earthy","Baies de genévrier;Citron de Californie","Patchouli;Iris","Sable;Musc;Immortelle",,,,,,,,,,4.01
Byredo,Oliver Peoples Moss,https://www.fragrantica.fr/parfum/Byredo/Oliver-Peoples-Moss-38818.html,unisexe,Eau de Parfum,2016,"aromatic;woody;warm spicy;herbal;musky;patchouli;fresh spicy;sweet",,,,,,,,,,,,,3.95
Byredo,Oliver Peoples Mustard,https://www.fragrantica.fr/parfum/Byredo/Oliver-Peoples-Mustard-38816.html,unisexe,Extrait de Parfum,2016,"aromatic;sand;woody;fresh spicy;citrus;warm spicy;patchouli;herbal",,,,,,,,,,,,,3.94
Byredo,Oliver Peoples Rosewood,https://www.fragrantica.fr/parfum/Byredo/Oliver-Peoples-Rosewood-38819.html,unisexe,Eau de Parfum,2016,"aromatic;woody;citrus;warm spicy;fresh spicy;herbal;patchouli;iris",,,,,,,,,,,,,3.93
Byredo,Bal d'Afrique Absolu,https://www.fragrantica.fr/parfum/Byredo/Bal-d-Afrique-Absolu-108421.html,unisexe,Eau de Parfum,2025,"citrus;woody;aromatic;sweet;fruity;amber;powdery;animalic",,,,,,,,,,,,,4.48
Byredo,Black Saffron Absolu,https://www.fragrantica.fr/parfum/Byredo/Black-Saffron-Absolu-121649.html,unisexe,Eau de Parfum,2025,"leather;warm spicy;rose;animalic;metallic;violet;fruity;sweet",,,,,,,,,,,,,4.19
Byredo,Blanche Absolu,https://www.fragrantica.fr/parfum/Byredo/Blanche-Absolu-103743.html,unisexe,Eau de Parfum,2025,"musky;aldehydic;amber;powdery;fresh;woody;white floral;fresh spicy",,,,,,,,,,,,,4.06
Byredo,Gypsy Water Absolu,https://www.fragrantica.fr/parfum/Byredo/Gypsy-Water-Absolu-121784.html,unisexe,Extrait de Parfum,2026,"amber;woody;powdery;smoky;fresh spicy;balsamic;aromatic;musky",,,,,,,,,,,,,3.47
Byredo,Mojave Ghost Absolu,https://www.fragrantica.fr/parfum/Byredo/Mojave-Ghost-Absolu-97879.html,unisexe,Extrait de Parfum,2024,"floral;musky;powdery;woody;fruity;violet;amber;citrus",,,,,,,,,,,,,4.32
Byredo,Rose of No Man's Land Absolu,https://www.fragrantica.fr/parfum/Byredo/Rose-of-No-Man-s-Land-Absolu-108422.html,unisexe,Extrait de Parfum,2025,"fruity;warm spicy;floral;woody;sweet;fresh;rose;patchouli",,,,,,,,,,,,,4.20
Dior,Bonne Étoile Baby Dior,https://www.fragrantica.fr/parfum/Dior/Bonne-Etoile-Baby-Dior-87597.html,unisexe,Eau de Parfum,2023,"musky;powdery;animalic;sweet;rose;floral",,,,,,,,,,,,,3.58
Dior,Chris 1947,https://www.fragrantica.fr/parfum/Dior/Chris-1947-1383.html,femme,Eau de Parfum,2003,"floral;powdery;musky;green;violet;fruity;sweet;white floral;f_gender",,,,,,,,,,,,,3.92
Dior,Dior Dior,https://www.fragrantica.fr/parfum/Dior/Dior-Dior-2607.html,femme,Eau de Parfum,1976,"white floral;fresh;woody;green;floral;mossy;aldehydic;yellow floral;f_gender",,,,,,,,,,,,,4.35
Dior,"Dior Me, Dior Me Not",https://www.fragrantica.fr/parfum/Dior/Dior-Me-Dior-Me-Not-1380.html,femme,Eau de Parfum,2004,"floral;fresh;aquatic;sweet;powdery;violet;cherry;musky;f_gender",,,,,,,,,,,,,3.70
Dior,Dior Star,https://www.fragrantica.fr/parfum/Dior/Dior-Star-1296.html,femme,Eau de Parfum,2005,"citrus;floral;white floral;fruity;fresh;fresh spicy;aromatic;rose;f_gender","Bergamote;Petit-grain;Mandarine","Pivoine;Chèvrefeuille","Amande;Musc",,,,,,,,,,3.88
Dior,Diorama,https://www.fragrantica.fr/parfum/Dior/Diorama-2608.html,femme,Eau de Parfum,1948,"white floral;woody;fruity;animalic;fresh spicy;musky;powdery;leather;f_gender",,,,,,,,,,,,,4.30
Dior,Diorella,https://www.fragrantica.fr/parfum/Dior/Diorella-226.html,femme,Eau de Parfum,1972,"citrus;green;aromatic;white floral;earthy;mossy;fresh spicy;fruity;f_gender",,,,,,,,,,,,,4.20
Dior,Diorella Parfum,https://www.fragrantica.fr/parfum/Dior/Diorella-Parfum-33613.html,femme,Extrait de Parfum,1972,"citrus;white floral;fruity;earthy;woody;green;aromatic;mossy;f_gender",,,,,,,,,,,,,4.54
Dior,Diorever,https://www.fragrantica.fr/parfum/Dior/Diorever-29353.html,femme,Eau de Parfum,2000,,,,,,,,,,,,,,4.07
Dior,Diorissimo,https://www.fragrantica.fr/parfum/Dior/Diorissimo-224.html,femme,Eau de Parfum,1956,"white floral;green;fresh;floral;soapy;soft spicy;animalic;woody;f_gender",,,,,,,,,,,,,4.13
Dior,Diorissimo (2024),https://www.fragrantica.fr/parfum/Dior/Diorissimo-2024-92648.html,femme,Eau de Parfum,2024,"white floral;floral;fresh;green;warm spicy;rose;soapy;aromatic;f_gender",,,,,,,,,,,,,3.08
Dior,Diorling,https://www.fragrantica.fr/parfum/Dior/Diorling-6376.html,femme,Eau de Parfum,1963,"earthy;floral;woody;white floral;green;leather;rose;mossy;f_gender",,,,,,,,,,,,,4.40
Dior,Dolce Vita,https://www.fragrantica.fr/parfum/Dior/Dolce-Vita-222.html,femme,Eau de Parfum,1994,"warm spicy;woody;powdery;vanilla;fruity;cinnamon;sweet;citrus;f_gender","Pêche;Cardamome;Lys;Pamplemousse;Bergamote;Rose","Cannelle;Abricot;Palissandre du Brésil;Lys;Héliotrope;Magnolia","Vanille;Bois de santal;Cèdre;Noix de Coco",,,,,,,,,,4.06
Dior,Eau de Dior Coloressence Energizing,https://www.fragrantica.fr/parfum/Dior/Eau-de-Dior-Coloressence-Energizing-1386.html,femme,Eau de Parfum,2000,"citrus;aromatic;floral;fresh spicy;green;powdery;fresh;musky;f_gender",,,,,,,,,,,,,4.18
Dior,Eau de Dior Coloressence Relaxing,https://www.fragrantica.fr/parfum/Dior/Eau-de-Dior-Coloressence-Relaxing-1387.html,femme,Eau de Parfum,2000,"woody;powdery;vanilla;violet;citrus;floral;rose;almond;f_gender",,,,,,,,,,,,,3.82
Dior,Eau de Dolce Vita,https://www.fragrantica.fr/parfum/Dior/Eau-de-Dolce-Vita-2578.html,femme,Eau de Parfum,1998,"floral;citrus;fresh spicy;fresh;fruity;woody;powdery;white floral;f_gender","Pamplemousse;Bergamote;Mandarine","Pivoine;Freesia;Poivre blanc;Jasmin;Hedione","Osmanthus;Bois de santal;Vanille;Musc blanc",,,,,,,,,,3.96
Dior,Eau Fraiche,https://www.fragrantica.fr/parfum/Dior/Eau-Fraiche-227.html,femme,Eau de Parfum,1952,"citrus;woody;mossy;earthy;sweet;amber;aromatic;vanilla;f_gender","Citron;Mandarine",Palissandre,"Mousse de chêne;Vanille",,,,,,,,,,4.29
Dior,Eau Svelte,https://www.fragrantica.fr/parfum/Dior/Eau-Svelte-15703.html,femme,Eau de Parfum,1995,"floral;citrus;fresh;fresh spicy;aromatic;f_gender",,,,"Notes fleuries;Agrumes",,,,,,,,,4.29
Dior,Forever and Ever,https://www.fragrantica.fr/parfum/Dior/Forever-and-Ever-1244.html,femme,Eau de Parfum,2002,"floral;rose;fresh spicy;white floral;aromatic;musky;green;sweet;f_gender","Freesia;Jasmin d'eau;Lierre","Rose;Fleur d'amandier;Géranium","Noix de muscade;Musc;Vanille",,modéré (e),modéré (e),,,,,,,4.19
Dior,Forever and Ever Dior,https://www.fragrantica.fr/parfum/Dior/Forever-and-Ever-Dior-1245.html,femme,Eau de Parfum,2006,"floral;rose;fresh spicy;white floral;green;vanilla;fruity;aromatic;f_gender","Freesia;Lierre;Jasmin","Cynorrhodon;Fleur d'amandier;Géranium","Vanille;Musc;Ambre",,,,,,,,,,4.26
Dior,I Love Dior,https://www.fragrantica.fr/parfum/Dior/I-Love-Dior-1382.html,femme,Eau de Parfum,2002,"white floral;fruity;floral;citrus;fresh;sweet;rose;green;f_gender","Magnolia;Freesia;Mandarine;Bigarade;Orange","Muguet;Poire;Chèvrefeuille;Rose;Lys;Framboise;Cassis","Musc;Cèdre;Ambre",,,,,,,,,,3.81
Dior,Jules,https://www.fragrantica.fr/parfum/Dior/Jules-1243.html,homme,Eau de Parfum,1980,"aromatic;fresh spicy;woody;mossy;floral;leather;herbal;earthy;f_gender","Lavande;Armoise;Carvi;Bergamote","Œillet;Basilic;Rose;Cèdre;Cyclamen;Bois de santal;Jasmin","Mousse de chêne;Cuir;Sapin;Musc;Ambre;Fève de tonka",,,,,,,,,,4.34
Dior,Jules (2016),https://www.fragrantica.fr/parfum/Dior/Jules-2016-40736.html,homme,Eau de Parfum,2016,"green;fresh;woody;floral;aromatic;fresh spicy;leather;conifer;f_gender","Férule gommeuse;Notes herbacées","Cyclamen;Hedione;Poivre noir","Sapin;Cuir;Cèdre",,,,,,,,,,4.33
Dior,Lily,https://www.fragrantica.fr/parfum/Dior/Lily-2002.html,femme,Eau de Parfum,1999,"white floral;green;floral;fresh;woody;citrus;powdery;sweet;f_gender","Notes vertes;Notes fruitées;Bergamote;Palissandre du Brésil","Muguet;Lilas;Lys;Jasmin;Rose","Musc;Bois de santal",,modéré (e),modéré (e),,,,,,,3.96
Dior,Lily Dior,https://www.fragrantica.fr/parfum/Dior/Lily-Dior-2003.html,femme,Eau de Parfum,2004,"white floral;yellow floral;fresh;rose;floral;green;sweet;woody;f_gender",,"Muguet;Ylang-ylang","Jasmin;Rose",,modéré (e),modéré (e),,,,,,,4.08
Dior,Midnight Charm,https://www.fragrantica.fr/parfum/Dior/Midnight-Charm-697.html,femme,Extrait de Parfum,2006,"fruity;citrus;white floral;leather;green;rose;amber;sweet;f_gender","Mandarine;Notes fruitées;Notes vertes","Jasmin;Rose;Pêche","Cuir;Ambre",,longue tenue,puissant,,,,,,,3.98
Dior,Miss Dior Originale Harrods 175 Anniversary Edition Amphora,https://www.fragrantica.fr/parfum/Dior/Miss-Dior-Originale-Harrods-175-Anniversary-Edition-Amphora-97340.html,femme,Eau de Parfum,2024,"white floral;green;aromatic;mossy;woody;yellow floral;earthy;floral;f_gender","Gardénia;Férule gommeuse;Sauge;Bergamote","Narcisse;Jasmin;Œillet;Rose;Néroli","Mousse de chêne;Bois de santal;Patchouli;Ciste",,,,,,,,,,2.30
Dior,Remember Me,https://www.fragrantica.fr/parfum/Dior/Remember-Me-2001.html,femme,Eau de Parfum,2000,"floral;green;white floral;powdery;fresh;fresh spicy;citrus;violet;f_gender","Jacinthe;Yuzu;Bergamote","Muguet;Lilas;Mimosa;Violette;Jasmin","Iris;Cèdre;Bois de santal",,,,,,,,,,4.20
Dior,Sweet Sun,https://www.fragrantica.fr/parfum/Dior/Sweet-Sun-1295.html,femme,Eau de Parfum,2004,"citrus;white floral;vanilla;sweet;fresh spicy;fruity;powdery;musky;f_gender","Mandarine;Orange","Fleur de tiaré;Gingembre;Jasmin;Noix de Coco","Vanille;Musc",,,,,,,,,,4.27
Dior,Tendre Poison Brume Parfumée,https://www.fragrantica.fr/parfum/Dior/Tendre-Poison-Brume-Parfumee-101009.html,femme,Eau de Parfum,,"citrus;rose;fresh spicy;woody;white floral;sweet;floral;honey;f_gender","Palissandre du Brésil;Bergamote;Ase fétide;Mandarine","Rose;Miel;Fleur d'oranger;Tubéreuse;Freesia","Héliotrope;Bois de santal;Musc;Vanille",,médiocre,discret,,,,,,,4.00
Dior,Cruise Collection - Escale a Portofino,https://www.fragrantica.fr/parfum/Dior/Cruise-Collection-Escale-a-Portofino-3291.html,femme,Eau de Parfum,2008,"citrus;aromatic;fresh spicy;woody;white floral;green;sweet;powdery;f_gender","Bergamote;Citron;Petit-grain","Fleur d'oranger;Baies de genévrier;Amande","Cyprès;Cèdre;Musc;Férule gommeuse;Carvi",,,,,,,,,,4.08
Dior,Cruise Collection - Escale a Portofino Limited Edition,https://www.fragrantica.fr/parfum/Dior/Cruise-Collection-Escale-a-Portofino-Limited-Edition-82987.html,unisexe,Eau de Parfum,2023,"citrus;white floral;almond;fresh spicy;aromatic;sweet;nutty;green",,,,"Cédrat;Bergamote de Calabre;Petit-grain;Fleur d'oranger;Amande amère",,,,,,,,,4.16
Dior,Cruise Collection Escale a Parati,https://www.fragrantica.fr/parfum/Dior/Cruise-Collection-Escale-a-Parati-14833.html,unisexe,Eau de Parfum,2012,"citrus;aromatic;woody;green;fresh spicy;fresh;warm spicy;sweet","Petit-grain;Citron;Bigarade","Menthe;Palissandre;Cannelle;Fruits rouges","Notes boisées;Fève de tonka",,modéré (e),modéré (e),,,,,,,3.75
Dior,Cruise Collection Escale a Pondichery,https://www.fragrantica.fr/parfum/Dior/Cruise-Collection-Escale-a-Pondichery-6027.html,femme,Eau de Parfum,2009,"warm spicy;green;white floral;fresh;woody;aromatic;ozonic;powdery;f_gender",,,,"Thé;Cardamome;Jasmin;Bois de santal",,,,,,,,,4.07
Dior,Cruise Collection Escale Aux Marquises,https://www.fragrantica.fr/parfum/Dior/Cruise-Collection-Escale-Aux-Marquises-8824.html,femme,Eau de Parfum,2010,"fresh spicy;citrus;warm spicy;aromatic;soft spicy;white floral;fresh;fruity;f_gender",,,,"Orange sanguine;Gingembre;Poivre rose;Fleur de tiaré;Limone Costa d'Amalfi;Cardamome;Noix de muscade;Poivre;Clou de girofle;Coriandre;Résine d'élémi;Benjoin;Cannelle",modéré (e),modéré (e),,,,,,,3.99
Dior,Addict To Life,https://www.fragrantica.fr/parfum/Dior/Addict-To-Life-12109.html,femme,Eau de Parfum,2011,"white floral;rose;fruity;sweet;musky;floral;woody;fresh;f_gender","Framboise;Pêche;Grenade","Rose;Muguet;Jasmin","Musc;Cèdre de Virginie",,modéré (e),modéré (e),,,,,,,3.96
Dior,Dior Addict,https://www.fragrantica.fr/parfum/Dior/Dior-Addict-215.html,femme,Eau de Parfum,2002,"vanilla;white floral;sweet;fruity;amber;aromatic;citrus;powdery;f_gender","Mûre;Feuille de mandarinier;Fleur de soie","Jasmin;Fleur d'oranger;Reine de la nuit;Rose","Vanille;Fève de tonka;Santal de Mysore",,modéré (e),discret,,,,,,,4.10
Dior,Dior Addict 2,https://www.fragrantica.fr/parfum/Dior/Dior-Addict-2-217.html,femme,Eau de Parfum,2005,"citrus;floral;woody;fresh spicy;fruity;aquatic;ozonic;sweet;f_gender","Pamplemousse;Freesia;Orange;Bergamote","Grenade;Lotus;Pastèque;Ananas;Muguet","Musc blanc;Cèdre;Bois de santal",,,,,,,,,,3.98
Dior,Dior Addict 2 Eau Fraiche,https://www.fragrantica.fr/parfum/Dior/Dior-Addict-2-Eau-Fraiche-6687.html,femme,Eau de Parfum,2009,"citrus;fruity;sweet;rose;aromatic;woody;fresh;musky;f_gender","Pamplemousse;Limone Costa d'Amalfi","Framboise;Fruits rouges;Rose","Cèdre de Virginie;Musc",,,,,,,,,,4.03
Dior,Dior Addict 2 Logomania,https://www.fragrantica.fr/parfum/Dior/Dior-Addict-2-Logomania-1247.html,femme,Eau de Parfum,2006,"citrus;floral;woody;powdery;musky;fresh spicy;sweet;fruity;f_gender",,,,"Bois de santal;Notes fleuries;Musc blanc;Orange;Pamplemousse;Bergamote;Fruits rouges",longue tenue,puissant,,,,,,,3.97
Dior,Dior Addict 2 Sparkle in Pink,https://www.fragrantica.fr/parfum/Dior/Dior-Addict-2-Sparkle-in-Pink-6209.html,femme,Eau de Parfum,,"citrus;floral;woody;fresh spicy;white floral;powdery;sweet;aromatic;f_gender",,,,"Bergamote;Pamplemousse;Lotus;Muguet;Orange;Freesia;Grenadine;Cèdre de Virginie;Bois de santal;Musc",modéré (e),modéré (e),,,,,,,3.97
Dior,Dior Addict 2 Summer Breeze,https://www.fragrantica.fr/parfum/Dior/Dior-Addict-2-Summer-Breeze-3190.html,femme,Eau de Parfum,2006,"citrus;white floral;woody;floral;aromatic;fresh spicy;green;animalic;f_gender",,,,"Magnolia;Fleurs blanches;Bois précieux;Petit-grain;Pamplemousse",médiocre,modéré (e),,,,,,,3.55
Dior,Dior Addict 2 Summer Litchi,https://www.fragrantica.fr/parfum/Dior/Dior-Addict-2-Summer-Litchi-3442.html,femme,Eau de Parfum,2008,"citrus;fruity;musky;rose;tropical;fresh;powdery;fresh spicy;f_gender",Pamplemousse,"Litchi;Rose",Musc,,faible,discret,,,,,,,3.87
Dior,Dior Addict 2 Summer Peonies,https://www.fragrantica.fr/parfum/Dior/Dior-Addict-2-Summer-Peonies-1246.html,femme,Eau de Parfum,2007,"floral;fresh;citrus;rose;powdery;violet;fresh spicy;musky;f_gender","Bergamote;Orange","Pivoine;Violette",Musc,,modéré (e),modéré (e),,,,,,,3.83
Dior,Dior Addict Dior Twist,https://www.fragrantica.fr/parfum/Dior/Dior-Addict-Dior-Twist-1384.html,femme,Eau de Parfum,2004,"vanilla;white floral;rose;woody;powdery;sweet;warm spicy;amber;f_gender",,"Rose de Bulgarie;Reine de la nuit;Fleur d'oranger","Bois de santal;Fève de tonka;Vanille bourbon",,,,,,,,,,4.41
Dior,Dior Addict Eau de Parfum,https://www.fragrantica.fr/parfum/Dior/Dior-Addict-Eau-de-Parfum-15270.html,femme,Eau de Parfum,2012,"vanilla;white floral;citrus;sweet;powdery;floral;fruity;woody;f_gender","Mandarine;Arbre à soie;Fleur d'oranger","Reine de la nuit;Rose de Bulgarie","Vanille;Fève de tonka;Bois de santal",,très longue tenue,puissant,,,,,,,4.27
Dior,Dior Addict Eau de Parfum (2014),https://www.fragrantica.fr/parfum/Dior/Dior-Addict-Eau-de-Parfum-2014-28201.html,femme,Eau de Parfum,2014,"white floral;vanilla;citrus;sweet;powdery;aromatic;green;balsamic;f_gender","Feuille de mandarinier;Fleur d'oranger",Jasmin Sambac,Vanille bourbon,,,,,,,,,,4.30
Dior,Dior Addict Eau de Toilette,https://www.fragrantica.fr/parfum/Dior/Dior-Addict-Eau-de-Toilette-25159.html,femme,Eau de Parfum,2014,"white floral;citrus;woody;vanilla;powdery;floral;fresh;warm spicy;f_gender",Mandarine de Sicile,"Jasmin Sambac;Néroli de Tunisie","Bois de santal;Vanille",,,,,,,,,,3.96
Dior,Dior Addict Eau Delice,https://www.fragrantica.fr/parfum/Dior/Dior-Addict-Eau-Delice-18123.html,femme,Eau de Parfum,2013,"fruity;sweet;cherry;almond;nutty;musky;citrus;vanilla;f_gender","Canneberge;Cerise;Orange;Bergamote","Amande amère;Ylang-ylang;Jasmin d'Egypte;Jasmin d'Inde;Rose","Musc blanc;Vanille;Cèdre",,,,,,,,,,3.93
Dior,Dior Addict Eau Fraiche 2004,https://www.fragrantica.fr/parfum/Dior/Dior-Addict-Eau-Fraiche-2004-216.html,femme,Eau de Parfum,2004,"citrus;white floral;vanilla;sweet;woody;floral;aromatic;green;f_gender","Fleur d'oranger;Feuille de mandarinier;Mandarine;Vanille;Orange;Bergamote","Gardénia;Tubéreuse;Freesia;Jasmin;Rose de Bulgarie","Fève de tonka;Palissandre du Brésil;Bois de santal",,longue tenue,puissant,,,,,,,4.21
Dior,Dior Addict Eau Fraiche 2012,https://www.fragrantica.fr/parfum/Dior/Dior-Addict-Eau-Fraiche-2012-15268.html,femme,Eau de Parfum,2012,"citrus;floral;fresh spicy;woody;musky;aquatic;aromatic;fruity;f_gender","Pamplemousse;Bergamote","Lotus;Grenade;Freesia","Musc;Notes boisées",,modéré (e),modéré (e),,,,,,,3.93
Dior,Dior Addict Eau Fraiche 2014,https://www.fragrantica.fr/parfum/Dior/Dior-Addict-Eau-Fraiche-2014-25611.html,femme,Eau de Parfum,2014,"citrus;floral;musky;fresh spicy;white floral;powdery;green;aromatic;f_gender","Bergamote de Calabre;Pamplemousse","Freesia;Muguet","Musc blanc;Notes boisées",,,,,,,,,,4.05
Dior,Dior Addict Eau Sensuelle,https://www.fragrantica.fr/parfum/Dior/Dior-Addict-Eau-Sensuelle-15269.html,femme,Eau de Parfum,2012,"rose;musky;white floral;floral;powdery;woody;animalic;sweet;f_gender",Rose,Jasmin,"Musc;Cèdre",,,,,,,,,,3.92
Dior,Dior Addict Limited Edition Collect It,https://www.fragrantica.fr/parfum/Dior/Dior-Addict-Limited-Edition-Collect-It-3041.html,femme,Eau de Parfum,,"white floral;citrus;rose;aromatic;green;sweet;soapy;floral;f_gender",,,,"Fleur d'oranger d'Afrique;Petit-grain;Rose",,,,,,,,,4.30
Dior,Dior Addict Shine,https://www.fragrantica.fr/parfum/Dior/Dior-Addict-Shine-1513.html,femme,Eau de Parfum,2007,"citrus;fruity;white floral;sweet;woody;aromatic;lactonic;fresh;f_gender",,,,"Limone Costa d'Amalfi;Framboise;Gardénia;Cèdre de Virginie",,,,,,,,,4.07
Dior,Addict Peachy Glow Eau de Parfum,https://www.fragrantica.fr/parfum/Dior/Addict-Peachy-Glow-Eau-de-Parfum-121566.html,femme,Eau de Parfum,2025,"vanilla;sweet;fruity;white floral;powdery;lactonic;floral;balsamic;f_gender",Pêche,Jasmin,"Crème fouettée;Vanille",,,,,,,,,,2.91
Dior,Addict Purple Glow Eau De Parfum,https://www.fragrantica.fr/parfum/Dior/Addict-Purple-Glow-Eau-De-Parfum-121565.html,femme,Eau de Parfum,2025,"fruity;iris;sweet;powdery;vanilla;violet;earthy;rose;f_gender","Fleurs confites;Framboise;Sucre glace",Iris de Toscane,Vanille,,modéré (e),modéré (e),,,,,,,3.37
Dior,Addict Rosy Glow Eau de Parfum,https://www.fragrantica.fr/parfum/Dior/Addict-Rosy-Glow-Eau-de-Parfum-121567.html,femme,Eau de Parfum,2025,"rose;caramel;fruity;tropical;fresh;floral;sweet;aquatic;f_gender",Litchi,Rose,Caramel,,modéré (e),modéré (e),,,,,,,3.37
Dior,Dior Homme,https://www.fragrantica.fr/parfum/Dior/Dior-Homme-13015.html,homme,Eau de Parfum,2011,"iris;cacao;powdery;earthy;aromatic;woody;violet;leather;f_gender","Lavande;Bergamote;Sauge","Iris;Cacao;Ambre","Cuir;Vétiver;Patchouli",,,,,,,,,,4.42
Dior,Dior Homme 2005,https://www.fragrantica.fr/parfum/Dior/Dior-Homme-2005-230.html,homme,Eau de Parfum,2005,"iris;warm spicy;aromatic;earthy;cacao;powdery;woody;lavender;f_gender","Lavande;Bergamote;Sauge","Iris;Cacao;Ambre;Cardamome","Cuir;Vétiver de Tahiti;Patchouli",,,,,,,,,,4.42
Dior,Dior Homme 2020,https://www.fragrantica.fr/parfum/Dior/Dior-Homme-2020-58714.html,homme,Eau de Parfum,2020,"woody;musky;aromatic;amber;citrus;powdery;balsamic;earthy;f_gender","Bergamote;Poivre rose;Élémi","Cèdre Atlas;Bois de cachemire;Patchouli","Iso E Super;Vétiver de Haïti;Musc blanc",,faible,discret,,,,,,,4.23
Dior,Dior Homme Cologne,https://www.fragrantica.fr/parfum/Dior/Dior-Homme-Cologne-1770.html,homme,Eau de Parfum,2007,"citrus;aromatic;iris;woody;earthy;warm spicy;powdery;fresh spicy;f_gender","Mandarine;Néroli;Bergamote;Lavande;Cardamome;Sauge",Iris,"Vétiver;Cacao;Cuir;Ambre;Patchouli",,,,,,,,,,4.19
Dior,Dior Homme Cologne 2013,https://www.fragrantica.fr/parfum/Dior/Dior-Homme-Cologne-2013-17256.html,homme,Eau de Parfum,2013,"citrus;white floral;fresh spicy;musky;powdery;aromatic;fresh;floral;f_gender",Bergamote de Calabre,Fleur de pamplemousse,Musc,,longue tenue,discret,,,,,,,4.44
Dior,Dior Homme Cologne 2022,https://www.fragrantica.fr/parfum/Dior/Dior-Homme-Cologne-2022-72062.html,homme,Eau de Parfum,2022,"citrus;musky;fresh spicy;white floral;powdery;aromatic;fresh;floral;f_gender",Bergamote de Calabre,Fleur de pamplemousse,Musc blanc,,,,,,,,,,4.52
Dior,Dior Homme Eau for Men,https://www.fragrantica.fr/parfum/Dior/Dior-Homme-Eau-for-Men-22860.html,homme,Eau de Parfum,2014,"iris;citrus;powdery;woody;aromatic;violet;amber;earthy;f_gender","Coriandre;Pamplemousse;Bergamote de Calabre",Iris de Toscane,"Cèdre de Virginie;Ambre",,,,,,,,,,4.36
Dior,Dior Homme Intense 2007,https://www.fragrantica.fr/parfum/Dior/Dior-Homme-Intense-2007-1771.html,homme,Eau de Parfum,2007,"powdery;iris;vanilla;woody;amber;earthy;violet;aromatic;f_gender",,,,"Iris;Vanille;Ambre;Cèdre;Vétiver",très longue tenue,puissant,,,,,,,4.48
Dior,Dior Homme Intense 2011,https://www.fragrantica.fr/parfum/Dior/Dior-Homme-Intense-2011-13016.html,homme,Eau de Parfum,2011,"iris;woody;powdery;earthy;aromatic;violet;floral;lavender;f_gender",Lavande,"Iris;Ambrette;Poire","Cèdre de Virginie;Vétiver",,,,,,,,,,4.49
Dior,Dior Homme Intense 2025,https://www.fragrantica.fr/parfum/Dior/Dior-Homme-Intense-2025-101596.html,homme,Eau de Parfum,2025,"iris;woody;powdery;violet;musky;floral;earthy;aromatic;f_gender",Iris de Toscane,Ambrette,Cèdre de Virginie,,longue tenue,modéré (e),,,,,,,4.16
Dior,Dior Homme Original,https://www.fragrantica.fr/parfum/Dior/Dior-Homme-Original-69010.html,homme,Eau de Parfum,2021,"iris;aromatic;earthy;warm spicy;woody;powdery;violet;green;f_gender",Iris de Toscane,Cardamome du Guatémala,Vétiver,,modéré (e),modéré (e),,,,,,,4.61
Dior,Dior Homme Parfum,https://www.fragrantica.fr/parfum/Dior/Dior-Homme-Parfum-27417.html,homme,Eau de Parfum,2014,"iris;woody;powdery;leather;violet;floral;animalic;earthy;f_gender","Iris de Toscane;Orange d'Italie","Cuir;Rose","Bois de santal;Ambrette;Oud;Cèdre",,,,,,,,,,4.54
Dior,Dior Homme Parfum 2025,https://www.fragrantica.fr/parfum/Dior/Dior-Homme-Parfum-2025-101016.html,homme,Eau de Parfum,2025,"amber;woody;earthy;iris;powdery;patchouli;violet;warm spicy;f_gender",Iris,Ambre,"Patchouli;Vétiver",,,,,,,,,,3.20
Dior,Dior Homme Sport,https://www.fragrantica.fr/parfum/Dior/Dior-Homme-Sport-4033.html,homme,Eau de Parfum,2008,"citrus;aromatic;fresh spicy;fresh;woody;lavender;herbal;floral;f_gender","Limone Costa d'Amalfi;Pamplemousse;Bergamote;Résine d'élémi","Gingembre;Vétiver;Cèdre de Virginie","Romarin;Lavande;Bois de santal",,longue tenue,modéré (e),,,,,,,4.21
Dior,Dior Homme Sport 2012,https://www.fragrantica.fr/parfum/Dior/Dior-Homme-Sport-2012-14719.html,homme,Eau de Parfum,2012,"citrus;fresh;iris;fresh spicy;powdery;woody;violet;earthy;f_gender","Cédrat;Fleur de gingembre",Iris,"Cèdre;Notes vertes",,,,,,,,,,4.35
Dior,Dior Homme Sport 2017,https://www.fragrantica.fr/parfum/Dior/Dior-Homme-Sport-2017-42974.html,homme,Eau de Parfum,2017,"citrus;fresh spicy;aromatic;fruity;sweet;fresh;woody;rose;f_gender","Orange sanguine;Pamplemousse;Citron;Poire","Géranium;Noix de muscade;Poivre rose","Bois de santal;Vétiver",,modéré (e),modéré (e),,,,,,,4.13
Dior,Dior Homme Sport 2021,https://www.fragrantica.fr/parfum/Dior/Dior-Homme-Sport-2021-71326.html,homme,Eau de Parfum,2022,"citrus;aromatic;woody;fresh spicy;amber;balsamic;fresh;aldehydic;f_gender","Citron;Bergamote;Aldéhydes","Élémi;Poivre rose","Notes boisées;Ambre;Résine oliban",,,,,,,,,,4.36
Dior,Dior Homme Sport Very Cool Spray,https://www.fragrantica.fr/parfum/Dior/Dior-Homme-Sport-Very-Cool-Spray-48208.html,homme,Eau de Parfum,,"citrus;fresh spicy;aromatic;woody;fresh;fruity;powdery;sweet;f_gender","Orange sanguine;Cédrat;Pamplemousse;Bergamote;Romarin;Lavande;Poire","Gingembre;Poivre rose;Élémi;Noix de muscade","Bois de santal;Vétiver de Haïti;Cèdre;Vanille;Amberwood",,longue tenue,modéré (e),,,,,,,4.23
Dior,Dior Homme Voyage,https://www.fragrantica.fr/parfum/Dior/Dior-Homme-Voyage-6017.html,homme,Eau de Parfum,2009,"warm spicy;aromatic;cacao;lavender;woody;amber;earthy;herbal;f_gender",,,,"Cacao;Cardamome;Lavande;Ambre;Sauge;Iris;Cuir;Patchouli;Vétiver",longue tenue,modéré (e),,,,,,,4.29
Dior,Dior Passage No.4,https://www.fragrantica.fr/parfum/Dior/Dior-Passage-No-4-1788.html,femme,Eau de Parfum,2007,"tuberose;white floral;animalic;green;f_gender",,,,Tubéreuse,modéré (e),puissant,,,,,,,4.50
Dior,Dior Passage No.8,https://www.fragrantica.fr/parfum/Dior/Dior-Passage-No-8-1789.html,femme,Eau de Parfum,2007,"violet;powdery;iris;leather;animalic;earthy;floral;woody;f_gender",,,,"Iris;Cuir;Violette",longue tenue,énorme,,,,,,,4.21
Dior,Dior Passage No.9,https://www.fragrantica.fr/parfum/Dior/Dior-Passage-No-9-1790.html,femme,Eau de Parfum,2007,"rose;floral;citrus;f_gender",,,,Rose,,,,,,,,,4.55
Dior,Dioressence,https://www.fragrantica.fr/parfum/Dior/Dioressence-225.html,femme,Eau de Parfum,1969,"warm spicy;woody;earthy;mossy;aromatic;amber;green;floral;f_gender","Patchouli;Notes vertes;Aldéhydes;Bergamote;Notes fruitées;Orange","Géranium;Cannelle;Œillet;Racine d'iris;Rose;Ylang-ylang;Jasmin;Violette;Tubéreuse","Mousse de chêne;Patchouli;Benjoin;Styrax;Vétiver;Vanille;Musc",,,,,,,,,,4.27
Dior,Dune,https://www.fragrantica.fr/parfum/Dior/Dune-221.html,femme,Eau de Parfum,1991,"woody;amber;balsamic;warm spicy;powdery;citrus;sweet;white floral;f_gender","Palissandre du Brésil;Aldéhydes;Mandarine;Bergamote;Pivoine","Lys;Ylang-ylang;Giroflée;Jasmin;Rose","Ambre;Bois de santal;Benjoin;Mousse de chêne;Vanille;Patchouli;Musc",,,,,,,,,,3.99
Dior,Dune Pour Homme,https://www.fragrantica.fr/parfum/Dior/Dune-Pour-Homme-235.html,homme,Eau de Parfum,1997,"woody;green;aromatic;fresh;fruity;sweet;powdery;soft spicy;f_gender","Feuille de figuier;Bourgeon de cassis;Sauge;Basilic","Écorce de bois de figuier;Rose;Réséda","Bois de santal;Cèdre;Fève de tonka;Vanille",,modéré (e),modéré (e),,,,,,,4.20
Dior,Dune Sun,https://www.fragrantica.fr/parfum/Dior/Dune-Sun-1381.html,femme,Eau de Parfum,2003,"floral;woody;powdery;citrus;fruity;vanilla;white floral;musky;f_gender","Mandarine;Cassis","Freesia;Lotus;Jasmin","Bois de santal;Vanille;Musc",,,,,,,,,,4.13
Dior,Eau Sauvage,https://www.fragrantica.fr/parfum/Dior/Eau-Sauvage-231.html,homme,Eau de Parfum,1966,"aromatic;citrus;fresh spicy;woody;earthy;green;mossy;floral;f_gender","Citron;Bergamote;Basilic;Romarin;Carvi;Notes fruitées","Jasmin;Coriandre;Œillet;Patchouli;Racine d'iris;Bois de santal;Rose;Lavande;Hedione","Mousse de chêne;Vétiver;Musc;Ambre",,faible,discret,,,,,,,4.22
Dior,Eau Sauvage Cologne,https://www.fragrantica.fr/parfum/Dior/Eau-Sauvage-Cologne-30854.html,homme,Eau de Parfum,2015,"citrus;aromatic;green;fresh spicy;woody;floral;earthy;fresh;f_gender","Bergamote de Calabre;Pamplemousse;Mandarine","Petit-grain;Hedione;Férule gommeuse;Poivre rose",Vétiver,,modéré (e),modéré (e),,,,,,,4.20
Dior,Eau Sauvage Extreme,https://www.fragrantica.fr/parfum/Dior/Eau-Sauvage-Extreme-232.html,homme,Eau de Parfum,1984,"aromatic;fresh spicy;citrus;woody;lavender;earthy;powdery;mossy;f_gender","Citron;Lavande;Bergamote;Basilic;Patchouli;Notes fruitées","Romarin;Feuille de laurier;Coriandre;Bois de santal;Aldéhydes;Jasmin;Racine d'iris","Mousse de chêne;Patchouli;Cèdre;Musc;Ambre",,,,,,,,,,4.18
Dior,Eau Sauvage Extreme 2010,https://www.fragrantica.fr/parfum/Dior/Eau-Sauvage-Extreme-2010-72771.html,homme,Eau de Parfum,2010,"aromatic;citrus;fresh spicy;woody;green;earthy;lavender;mossy;f_gender","Bergamote;Citron de Sicile;Pamplemousse","Élémi;Lavande;Basilic;Menthe;Jasmin","Mousse de chêne;Cèdre de Virginie;Vétiver;Patchouli",,longue tenue,modéré (e),,,,,,,4.29
Dior,Eau Sauvage Fraicheur Cuir,https://www.fragrantica.fr/parfum/Dior/Eau-Sauvage-Fraicheur-Cuir-1242.html,homme,Eau de Parfum,2007,"citrus;leather;amber;woody;animalic;aromatic;smoky;powdery;f_gender",Limone Costa d'Amalfi,Cèdre de Virginie,"Cuir;Ambre",,,,,,,,,,4.22
Dior,Eau Sauvage Parfum,https://www.fragrantica.fr/parfum/Dior/Eau-Sauvage-Parfum-14811.html,homme,Eau de Parfum,2012,"aromatic;amber;citrus;woody;earthy;warm spicy;balsamic;fresh spicy;f_gender","Bergamote;Cédrat;Petit-grain","Vétiver;Lavande;Hedione","Myrrhe;Mousse de chêne;Patchouli",,,,,,,,,,4.37
Dior,Eau Sauvage Parfum 2017,https://www.fragrantica.fr/parfum/Dior/Eau-Sauvage-Parfum-2017-43977.html,homme,Extrait de Parfum,2017,"aromatic;citrus;fresh spicy;woody;lavender;balsamic;earthy;conifer;f_gender","Cédrat;Bergamote;Lavande",Vétiver de Haïti,Élémi,,,,,,,,,,4.41
Dior,Aqua Fahrenheit,https://www.fragrantica.fr/parfum/Dior/Aqua-Fahrenheit-11388.html,homme,Eau de Parfum,2011,"citrus;aromatic;fresh spicy;green;violet;leather;powdery;woody;f_gender","Pamplemousse;Mandarine","Violette;Menthe;Basilic","Cuir;Vétiver",,longue tenue,modéré (e),,,,,,,4.17
Dior,Fahrenheit,https://www.fragrantica.fr/parfum/Dior/Fahrenheit-228.html,homme,Eau de Parfum,1988,"leather;woody;ozonic;fresh spicy;aromatic;animalic;aquatic;floral;f_gender","Fleur de muscadier;Lavande;Cèdre;Mandarine;Camomille;Bergamote;Aubépine;Citron","Feuille de violette;Noix de muscade;Cèdre;Bois de santal;Œillet;Chèvrefeuille;Jasmin;Muguet","Cuir;Vétiver;Musc;Ambre;Patchouli;Fève de tonka",,,,,,,,,,3.99
Dior,Fahrenheit 0 Degree,https://www.fragrantica.fr/parfum/Dior/Fahrenheit-0-Degree-2609.html,homme,Eau de Parfum,2003,"citrus;woody;powdery;floral;fresh spicy;violet;leather;aromatic;f_gender","Violette;Pamplemousse;Musc;Noix de muscade;Patchouli","Freesia;Mandarine;Cuir;Bois de santal","Carvi;Ambre;Cèdre",,,,,,,,,,4.23
Dior,Fahrenheit 32,https://www.fragrantica.fr/parfum/Dior/Fahrenheit-32-987.html,homme,Eau de Parfum,2007,"vanilla;white floral;sweet;citrus;aromatic;woody;earthy;powdery;f_gender",Fleur d'oranger,Vétiver,Vanille,,,,,,,,,,4.09
Dior,Fahrenheit Absolute,https://www.fragrantica.fr/parfum/Dior/Fahrenheit-Absolute-6555.html,homme,Eau de Parfum,2009,"amber;balsamic;smoky;violet;warm spicy;oud;powdery;sweet;f_gender",,,,"Encens;Myrrhe;Violette;Oud",,,,,,,,,4.28
Dior,Fahrenheit Le Parfum,https://www.fragrantica.fr/parfum/Dior/Fahrenheit-Le-Parfum-23099.html,homme,Eau de Parfum,2014,"vanilla;ozonic;soft spicy;aquatic;rum;leather;powdery;sweet;f_gender","Daim;Réglisse;Mandarine de Sicile","Feuille de violette;Rhum;Coriandre;Cumin",Vanille bourbon,,,,,,,,,,4.27
Dior,Fahrenheit Summer,https://www.fragrantica.fr/parfum/Dior/Fahrenheit-Summer-229.html,homme,Eau de Parfum,2002,"woody;citrus;powdery;floral;violet;warm spicy;amber;patchouli;f_gender","Mandarine;Pamplemousse","Violette;Freesia;Bois de santal","Cèdre;Ambre;Patchouli",,longue tenue,modéré (e),,,,,,,4.05
Dior,Fahrenheit Summer 2006,https://www.fragrantica.fr/parfum/Dior/Fahrenheit-Summer-2006-2610.html,homme,Eau de Parfum,2006,"citrus;woody;patchouli;warm spicy;powdery;balsamic;fresh spicy;aromatic;f_gender",,,,"Bois de santal;Patchouli;Mandarine;Bergamote",médiocre,discret,,,,,,,4.00
Dior,Fahrenheit Summer 2007,https://www.fragrantica.fr/parfum/Dior/Fahrenheit-Summer-2007-4134.html,homme,Eau de Parfum,2007,"woody;floral;powdery;violet;citrus;patchouli;amber;fresh;f_gender",,,,"Violette;Freesia;Agrumes;Cèdre;Patchouli;Bois de santal;Ambre",,,,,,,,,4.14
Dior,Higher,https://www.fragrantica.fr/parfum/Dior/Higher-233.html,homme,Eau de Parfum,2001,"aromatic;fresh spicy;fruity;woody;sweet;green;fresh;citrus;f_gender","Poire;Basilic;Citron;Pêche","Cyprès;Romarin;Poivre;Cardamome","Musc;Cèdre",,modéré (e),modéré (e),,,,,,,4.13
Dior,Higher Black,https://www.fragrantica.fr/parfum/Dior/Higher-Black-11792.html,homme,Eau de Parfum,2002,"aromatic;woody;fruity;fresh spicy;green;sweet;citrus;warm spicy;f_gender","Pêche;Menthe;Poire;Limone Costa d'Amalfi","Cyprès;Epices;Romarin","Bois de poirier;Musc",,,,,,,,,,4.37
Dior,Higher Energy,https://www.fragrantica.fr/parfum/Dior/Higher-Energy-234.html,homme,Eau de Parfum,2003,"fresh spicy;aromatic;woody;fruity;sweet;green;citrus;fresh;f_gender","Baies de genévrier;Ananas;Pamplemousse;Melon;Menthe","Poivre;Noix de muscade;Encens","Cèdre;Vétiver;Mousse de chêne;Bois de santal;Musc;Ciste",,modéré (e),modéré (e),,,,,,,4.04
Dior,J'adior Solid Perfume J'adore L'Or,https://www.fragrantica.fr/parfum/Dior/J-adior-Solid-Perfume-J-adore-L-Or-117030.html,femme,Extrait de Parfum,2025,"white floral;rose;floral;citrus;animalic;sweet;soapy;fresh;f_gender",,,,"Jasmin;Rose;Fleur d'oranger",,,,,,,,,3.40
Dior,J'adore,https://www.fragrantica.fr/parfum/Dior/J-adore-210.html,femme,Extrait de Parfum,1999,"white floral;floral;fruity;sweet;fresh;citrus;aquatic;powdery;f_gender","Poire;Melon;Magnolia;Pêche;Mandarine;Bergamote","Jasmin;Muguet;Tubéreuse;Freesia;Rose;Orchidée;Violette;Prune","Musc;Vanille;Cèdre;Mûre",,très longue tenue,discret,,,,,,,3.80
Dior,J'Adore Absolu,https://www.fragrantica.fr/parfum/Dior/J-Adore-Absolu-51818.html,femme,Extrait de Parfum,2018,"white floral;floral;tuberose;citrus;rose;animalic;sweet;green;f_gender","Jasmin Sambac;Magnolia","Jasmin;Tubéreuse d'Inde;Rose de Mai",Fleur d'oranger,,,,,,,,,,4.02
Dior,J'adore Adoration en or Limited Edition,https://www.fragrantica.fr/parfum/Dior/J-adore-Adoration-en-or-Limited-Edition-212.html,femme,Extrait de Parfum,,,,,,,,,,,,,,,3.83
Dior,J'Adore Anniversaire en Or,https://www.fragrantica.fr/parfum/Dior/J-Adore-Anniversaire-en-Or-4497.html,femme,Extrait de Parfum,2004,"fruity;green;citrus;floral;powdery;sweet;rose;violet;f_gender","Petit-grain;Lierre","Violette;Orchidée;Rose","Cassis;Prune de Damas;Tangerine;Musc",,,,,,,,,,3.82
Dior,J'adore Body Mist,https://www.fragrantica.fr/parfum/Dior/J-adore-Body-Mist-66239.html,femme,Extrait de Parfum,2020,"white floral;powdery;fresh;violet;musky;fruity;woody;sweet;f_gender",,,,"Jasmin;Violette;Musc;Poire;Cèdre;Muguet;Vanille;Melon;Bergamote;Prune",,,,,,,,,4.13
Dior,J'Adore Collector Anniversary Edition,https://www.fragrantica.fr/parfum/Dior/J-Adore-Collector-Anniversary-Edition-7023.html,femme,Extrait de Parfum,2009,"floral;white floral;fruity;sweet;fresh;powdery;aquatic;woody;f_gender","Melon;Poire;Magnolia;Pêche;Bergamote","Jasmin;Rose;Freesia;Tubéreuse;Orchidée;Muguet;Violette;Prune","Bois de santal;Vanille;Musc;Cèdre",,modéré (e),modéré (e),,,,,,,3.71
Dior,J'adore Eau de Parfum Infinissime x India Mahdavi,https://www.fragrantica.fr/parfum/Dior/J-adore-Eau-de-Parfum-Infinissime-x-India-Mahdavi-71116.html,femme,Extrait de Parfum,2021,"white floral;citrus;tuberose;yellow floral;sweet;woody;rose;green;f_gender","Orange sanguine;Bergamote;Poivre rose","Tubéreuse;Ylang-ylang;Muguet;Rose;Jasmin Sambac",Bois de santal,,modéré (e),modéré (e),,,,,,,3.50
Dior,J'adore Eau de Toilette 2002,https://www.fragrantica.fr/parfum/Dior/J-adore-Eau-de-Toilette-2002-5.html,femme,Extrait de Parfum,2002,"white floral;citrus;floral;powdery;fresh;fruity;sweet;musky;f_gender","Prune;Néroli;Mandarine;Bergamote;Citron;Noix de muscade","Jasmin;Muguet;Violette;Orchidée;Rose;Magnolia","Prune;Musc;Vanille",,modéré (e),modéré (e),,,,,,,3.73
Dior,J'adore Eau de Toilette 2011,https://www.fragrantica.fr/parfum/Dior/J-adore-Eau-de-Toilette-2011-13017.html,femme,Extrait de Parfum,2011,"white floral;citrus;sweet;fresh;yellow floral;woody;floral;tuberose;f_gender","Agrumes;Mandarine;Néroli","Jasmin;Fleur d'oranger d'Afrique;Ylang-ylang;Tubéreuse;Rose","Notes boisées;Vanille",,modéré (e),modéré (e),,,,,,,3.85
Dior,J'Adore Extrait de Parfum,https://www.fragrantica.fr/parfum/Dior/J-Adore-Extrait-de-Parfum-11398.html,femme,Extrait de Parfum,,"woody;yellow floral;rose;sweet;floral;powdery;warm spicy;balsamic;f_gender",Ylang-ylang,Rose,"Bois de santal;Notes boisées",,,,,,,,,,3.86
Dior,J'Adore Gold Supreme (Divinement Or),https://www.fragrantica.fr/parfum/Dior/J-Adore-Gold-Supreme-Divinement-Or-4498.html,femme,Extrait de Parfum,2006,"floral;white floral;fruity;powdery;sweet;fresh;woody;aquatic;f_gender","Poire;Magnolia;Melon;Pêche;Bergamote","Jasmin;Muguet;Freesia;Tubéreuse;Prune;Violette;Orchidée;Rose","Bois de santal;Musc;Vanille;Cèdre",,,,,,,,,,3.62
Dior,J'Adore In Joy,https://www.fragrantica.fr/parfum/Dior/J-Adore-In-Joy-43704.html,femme,Extrait de Parfum,2017,"white floral;salty;fruity;yellow floral;sweet;marine;tuberose;floral;f_gender",Sel de mer,"Jasmin Sambac;Ylang-ylang;Néroli;Tubéreuse",Pêche,,,,,,,,,,3.79
Dior,J'Adore Infinissime,https://www.fragrantica.fr/parfum/Dior/J-Adore-Infinissime-62638.html,femme,Extrait de Parfum,2020,"white floral;tuberose;woody;yellow floral;citrus;sweet;floral;green;f_gender","Orange sanguine;Poivre rose;Bergamote","Tubéreuse;Jasmin Sambac;Ylang-ylang;Muguet;Rose",Bois de santal,,,,,,,,,,3.83
Dior,J'adore Intense,https://www.fragrantica.fr/parfum/Dior/J-adore-Intense-126252.html,femme,Extrait de Parfum,2026,"sweet;honey;yellow floral;woody;white floral;floral;powdery;vanilla;f_gender",Abricot,"Ylang-ylang;Jasmin;Rose","Miel;Vanille;Bois de santal",,,,,,,,,,3.65
Dior,J'Adore L'Absolu,https://www.fragrantica.fr/parfum/Dior/J-Adore-L-Absolu-4496.html,femme,Extrait de Parfum,2007,"white floral;yellow floral;tuberose;sweet;woody;rose;floral;fruity;f_gender",Ylang-ylang,"Jasmin;Tubéreuse;Rose","Notes fruitées;Musc;Notes boisées",,,,,,,,,,4.05
Dior,J'Adore L'Absolu,https://www.fragrantica.fr/parfum/Dior/J-Adore-L-Absolu-17148.html,femme,Extrait de Parfum,2012,"white floral;tuberose;rose;floral;animalic;green;fresh;citrus;f_gender",,,,"Jasmin;Tubéreuse d'Inde;Rose de Grasse",,,,,,,,,3.96
Dior,J'adore L'eau Cologne Florale,https://www.fragrantica.fr/parfum/Dior/J-adore-L-eau-Cologne-Florale-5626.html,femme,Extrait de Parfum,2009,"citrus;floral;fresh;fresh spicy;yellow floral;aromatic;white floral;woody;f_gender",,,,"Magnolia;Néroli;Agrumes;Limone Costa d'Amalfi;Bergamote;Ylang-ylang",,,,,,,,,4.05
Dior,J'Adore L'Or,https://www.fragrantica.fr/parfum/Dior/J-Adore-L-Or-10371.html,femme,Extrait de Parfum,2010,"vanilla;amber;white floral;rose;sweet;floral;balsamic;powdery;f_gender","Jasmin;Rose","Vanille;Fève de tonka","Ambre;Ciste de France;Patchouli",,,,,,,,,,4.22
Dior,J'Adore L'Or (2017),https://www.fragrantica.fr/parfum/Dior/J-Adore-L-Or-2017-47398.html,femme,Extrait de Parfum,2017,"vanilla;white floral;yellow floral;sweet;tuberose;rose;floral;woody;f_gender",Jasmin,"Ylang-ylang;Tubéreuse;Rose de Mai","Vanille de Tahiti;Fève de tonka",,longue tenue,puissant,,,,,,,4.25
Dior,J'adore L'Or (2023),https://www.fragrantica.fr/parfum/Dior/J-adore-L-Or-2023-84202.html,femme,Extrait de Parfum,2023,"white floral;floral;violet;fresh;citrus;rose;powdery;soapy;f_gender",,,,"Jasmin;Fleur d'oranger;Violette;Muguet;Rose",modéré (e),modéré (e),,,,,,,4.06
Dior,J'adore Le Jasmin,https://www.fragrantica.fr/parfum/Dior/J-adore-Le-Jasmin-3178.html,femme,Extrait de Parfum,2007,"white floral;floral;woody;citrus;fruity;powdery;violet;fresh;f_gender",,,,"Jasmin;Magnolia;Violette;Notes boisées;Mandarine;Prune;Rose;Orchidée;Cèdre;Lierre",,,,,,,,,4.04
Dior,J'adore Lumiere Eau de Toilette,https://www.fragrantica.fr/parfum/Dior/J-adore-Lumiere-Eau-de-Toilette-36495.html,femme,Extrait de Parfum,2016,"citrus;floral;rose;white floral;woody;fresh;fresh spicy;vanilla;f_gender","Orange sanguine;Citron","Magnolia;Néroli;Rose de Damas","Bois de santal;Vanille",,modéré (e),modéré (e),,,,,,,3.97
Dior,J'adore Parfum d'Eau,https://www.fragrantica.fr/parfum/Dior/J-adore-Parfum-d-Eau-75642.html,femme,Extrait de Parfum,2022,"white floral;floral;green;citrus;fruity;rose;fresh;yellow floral;f_gender",,,,"Notes vertes;Jasmin Sambac;Magnolia;Chèvrefeuille;Néroli;Rose",modéré (e),modéré (e),,,,,,,4.06
Dior,J'Adore Roller Pearl,https://www.fragrantica.fr/parfum/Dior/J-Adore-Roller-Pearl-53834.html,femme,Extrait de Parfum,2019,"white floral;yellow floral;rose;sweet;tuberose;floral;woody;animalic;f_gender",,,,"Jasmin Sambac;Jasmin;Ylang-ylang;Rose de Damas;Tubéreuse;Fleur d'oranger",,,,,,,,,4.07
Dior,J'Adore Shimmering Hair Mist,https://www.fragrantica.fr/parfum/Dior/J-Adore-Shimmering-Hair-Mist-138067.html,femme,Extrait de Parfum,2026,"rose;white floral;yellow floral;floral;sweet;woody;fresh;animalic;f_gender",,,,"Jasmin Sambac;Rose de Damas;Ylang-ylang;Jasmin",,,,,,,,,3.00
Dior,J'Adore Summer Fragrance,https://www.fragrantica.fr/parfum/Dior/J-Adore-Summer-Fragrance-4499.html,femme,Extrait de Parfum,2004,"fruity;floral;white floral;sweet;violet;citrus;powdery;fresh;f_gender","Champaca;Mandarine","Jasmin;Muguet;Orchidée;Violette","Mûre;Prune;Notes boisées",,modéré (e),modéré (e),,,,,,,4.05
Dior,J'Adore Voile de Parfum,https://www.fragrantica.fr/parfum/Dior/J-Adore-Voile-de-Parfum-17513.html,femme,Extrait de Parfum,2013,"iris;powdery;musky;rose;violet;earthy;floral;woody;f_gender",Rose de Damas,Iris de Toscane,Musc blanc,,modéré (e),modéré (e),,,,,,,3.96
Dior,J’Adore Hair Mist,https://www.fragrantica.fr/parfum/Dior/J-Adore-Hair-Mist-46218.html,femme,Extrait de Parfum,2017,"citrus;rose;white floral;floral;fresh;fresh spicy;green;aromatic;f_gender",,,,"Néroli;Rose de Damas;Orange sanguine",,,,,,,,,4.26
Dior,J’adore Touche de Parfum,https://www.fragrantica.fr/parfum/Dior/J-adore-Touche-de-Parfum-31714.html,femme,Extrait de Parfum,2015,"musky;powdery;woody;floral;white floral;rose;iris;warm spicy;f_gender",,,,"Bois de santal;Jasmin Sambac;Musc;Ambrette;Rose de Damas;Iris;Hibiscus",longue tenue,modéré (e),,,,,,,4.36
Dior,L'or J'adore The Absolute Perfume,https://www.fragrantica.fr/parfum/Dior/L-or-J-adore-The-Absolute-Perfume-211.html,femme,Extrait de Parfum,2007,"floral;musky;powdery;sweet;fresh;violet;citrus;rose;f_gender","Pivoine;Pois de senteur","Magnolia;Champaca;Violette",Musc,,,,,,,,,,3.94
Dior,Le Nectar de J'Adore,https://www.fragrantica.fr/parfum/Dior/Le-Nectar-de-J-Adore-118816.html,femme,Extrait de Parfum,2025,"white floral;tuberose;rose;animalic;floral;green;fresh;citrus;f_gender",,,,"Tubéreuse;Jasmin;Rose",médiocre,discret,,,,,,,2.21
Dior,Joy by Dior,https://www.fragrantica.fr/parfum/Dior/Joy-by-Dior-51285.html,femme,Eau de Parfum,2018,"citrus;woody;powdery;white floral;musky;rose;warm spicy;floral;f_gender","Bergamote;Mandarine","Jasmin;Rose de Grasse;Pêche;Bourgeon de cassis","Musc blanc;Bois de santal;Cèdre;Patchouli;Benjoin",,,,,,,,,,3.40
Dior,Joy by Dior Intense,https://www.fragrantica.fr/parfum/Dior/Joy-by-Dior-Intense-56214.html,femme,Eau de Parfum,2019,"vanilla;white floral;powdery;citrus;rose;musky;woody;floral;f_gender","Néroli;Bergamote","Rose de Grasse;Jasmin","Vanille;Musc;Fève de tonka;Bois de santal",,,,,,,,,,3.82
Dior,Ambre Nuit,https://www.fragrantica.fr/parfum/Dior/Ambre-Nuit-7092.html,unisexe,Eau de Parfum,2009,"rose;citrus;soft spicy;woody;floral;fresh spicy;amber;musky","Bergamote;Pamplemousse","Rose de Damas;Poivre rose","Ambre gris;Gaïac;Cèdre;Patchouli",,,,,,,,,,4.37
Dior,Bois d'Argent,https://www.fragrantica.fr/parfum/Dior/Bois-d-Argent-1377.html,unisexe,Eau de Parfum,2004,"amber;woody;powdery;iris;sweet;aromatic;honey;balsamic","Iris;Cyprès;Baies de genévrier","Myrrhe;Patchouli","Notes boisées;Miel;Vanille;Ambre;Résines;Musc;Cuir",,modéré (e),modéré (e),,,,,,,4.20
Dior,Cologne Blanche,https://www.fragrantica.fr/parfum/Dior/Cologne-Blanche-1379.html,unisexe,Eau de Parfum,2004,"citrus;almond;sweet;fresh spicy;aromatic;white floral;vanilla;nutty","Amande douce;Orange;Bergamote;Romarin",Fleur d'oranger de Tunisie,"Vanille;Fève de tonka",,,,,,,,,,3.91
Dior,Cuir Cannage,https://www.fragrantica.fr/parfum/Dior/Cuir-Cannage-25228.html,unisexe,Eau de Parfum,2014,"leather;woody;smoky;white floral;iris;animalic;powdery;violet","Ylang-ylang;Fleur d'oranger;Bergamote","Cuir;Iris;Jasmin;Rose","Cuir;Bouleau;Tabac;Genévrier;Violette;Huile de cade",,,,,,,,,,4.13
Dior,Cuir Saddle,https://www.fragrantica.fr/parfum/Dior/Cuir-Saddle-119743.html,unisexe,Eau de Parfum,2025,"leather;musky;powdery;animalic;floral;amber;smoky;woody",,,,"Cuir;Daim;Musc;Notes fleuries;Amberwood",,,,,,,,,3.70
Dior,Dior Grand Bal,https://www.fragrantica.fr/parfum/Dior/Dior-Grand-Bal-14984.html,femme,Eau de Parfum,2012,"white floral;yellow floral;sweet;citrus;woody;musky;powdery;floral;f_gender",,,,,,,,,,,,,4.26
Dior,Dior Paradise,https://www.fragrantica.fr/parfum/Dior/Dior-Paradise-132884.html,unisexe,Eau de Parfum,2026,"citrus;sweet;almond;fruity;vanilla;nutty;woody;amber","Orange;Citron vert;Mandarine","Amande amère;Sirop","Fève de tonka;Notes boisées",,,,,,,,,,3.67
Dior,Eau Noire,https://www.fragrantica.fr/parfum/Dior/Eau-Noire-1378.html,unisexe,Eau de Parfum,2004,"aromatic;soft spicy;lavender;herbal;coffee;sweet;warm spicy;fresh spicy","Thym;Sauge","Lavande;Café;Immortelle;Cèdre de Virginie;Safran","Réglisse;Vanille;Violette;Cuir;Tiges vertes",,,,,,,,,,4.05
Dior,Fève Délicieuse,https://www.fragrantica.fr/parfum/Dior/Feve-Delicieuse-30164.html,unisexe,Eau de Parfum,2015,"sweet;vanilla;lactonic;cacao;warm spicy;caramel;amber;nutty","Lavande;Menthe;Bergamote","Griotte;Freesia;Jasmin","Fève de tonka;Vanille;Cosse de cacao;Caramel;Praliné;Lait;Benjoin;Bois de santal;Cuir;Cèdre",,longue tenue,puissant,,,,,,,4.25
Dior,Gris Montaigne,https://www.fragrantica.fr/parfum/Dior/Gris-Montaigne-17842.html,femme,Eau de Parfum,2013,"woody;earthy;patchouli;mossy;rose;citrus;warm spicy;powdery;f_gender","Bergamote;Pamplemousse","Rose;Fraise;Jasmin;Fleur d'oranger;Ylang-ylang","Patchouli;Mousse de chêne;Bois de santal;Ambre;Cèdre;Musc blanc",,longue tenue,modéré (e),,,,,,,4.27
Dior,La Colle Noire,https://www.fragrantica.fr/parfum/Dior/La-Colle-Noire-38153.html,unisexe,Eau de Parfum,2016,"rose;floral;powdery;fresh;fruity;musky;warm spicy;woody",Citron,"Rose de Mai;Pivoine;Epices;Muguet;Cassis;Framboise;Pêche","Musc blanc;Ambre;Bois de santal;Héliotrope;Oud",,,,,,,,,,4.14
Dior,La Collection Couturier Parfumeur Cologne Royale,https://www.fragrantica.fr/parfum/Dior/La-Collection-Couturier-Parfumeur-Cologne-Royale-10627.html,unisexe,Eau de Parfum,2010,"citrus;fresh;musky;white floral;fresh spicy;powdery;aromatic;floral",,,,"Agrumes;Néroli;Musc",modéré (e),discret,,,,,,,4.12
Dior,La Collection Couturier Parfumeur Granville,https://www.fragrantica.fr/parfum/Dior/La-Collection-Couturier-Parfumeur-Granville-10630.html,femme,Eau de Parfum,2010,"aromatic;woody;fresh spicy;citrus;conifer;warm spicy;green;balsamic;f_gender","Citron;Thym;Romarin","Pin;Genêt des teinturiers","Poivre;Bois de santal;Notes boisées",,modéré (e),modéré (e),,,,,,,4.04
Dior,La Collection Couturier Parfumeur Leather Oud,https://www.fragrantica.fr/parfum/Dior/La-Collection-Couturier-Parfumeur-Leather-Oud-10631.html,homme,Eau de Parfum,2010,"animalic;leather;musky;oud;woody;amber;smoky;powdery;f_gender",,,,"Civette;Cuir;Oud;Cire d'abeille;Bouleau;Ciste de France;Ambre;Clou de girofle;Cardamome;Bois de santal;Patchouli;Cèdre de Virginie;Vétiver;Amyris",très longue tenue,énorme,,,,,,,4.12
Dior,La Collection Couturier Parfumeur Milly-la-Foret,https://www.fragrantica.fr/parfum/Dior/La-Collection-Couturier-Parfumeur-Milly-la-Foret-10633.html,femme,Eau de Parfum,2010,"musky;floral;citrus;powdery;fresh;fresh spicy;animalic;sweet;f_gender",,,,"Musc;Notes fleuries;Agrumes",,,,,,,,,3.88
Dior,La Collection Couturier Parfumeur Mitzah,https://www.fragrantica.fr/parfum/Dior/La-Collection-Couturier-Parfumeur-Mitzah-10629.html,femme,Eau de Parfum,2010,"amber;warm spicy;balsamic;smoky;cinnamon;honey;woody;aromatic;f_gender","Coriandre;Cardamome","Cannelle;Rose","Encens;Ciste de France;Miel blanc;Patchouli;Ambre;Vanille",,,,,,,,,,4.43
Dior,La Collection Couturier Parfumeur New Look 1947,https://www.fragrantica.fr/parfum/Dior/La-Collection-Couturier-Parfumeur-New-Look-1947-10628.html,femme,Eau de Parfum,2010,"white floral;vanilla;floral;yellow floral;rose;amber;iris;tuberose;f_gender",,,,"Ylang-ylang;Benjoin;Iris;Vanille;Tubéreuse;Rose;Pivoine;Jasmin",,,,,,,,,4.28
Dior,La Collection Couturier Parfumeur Patchouli Imperial,https://www.fragrantica.fr/parfum/Dior/La-Collection-Couturier-Parfumeur-Patchouli-Imperial-13292.html,homme,Eau de Parfum,2011,"woody;patchouli;warm spicy;aromatic;citrus;balsamic;earthy;powdery;f_gender",,,,"Feuille de patchouli d'Indonésie;Bois de santal;Coriandre;Cèdre;Bergamote de Calabre;Mandarine de Sicile",,,,,,,,,4.26
Dior,La Collection Couturier Parfumeur Vetiver,https://www.fragrantica.fr/parfum/Dior/La-Collection-Couturier-Parfumeur-Vetiver-10632.html,homme,Eau de Parfum,2010,"aromatic;woody;earthy;coffee;warm spicy;green;smoky;f_gender",,,,"Vétiver;Café",,,,,,,,,4.48
Dior,Oud Ispahan,https://www.fragrantica.fr/parfum/Dior/Oud-Ispahan-15231.html,unisexe,Eau de Parfum,2012,"oud;rose;woody;warm spicy;amber;patchouli;balsamic;floral",Ciste,"Rose;Patchouli;Safran","Oud;Bois de santal;Cèdre",,,,,,,,,,4.07
Dior,Rose Star,https://www.fragrantica.fr/parfum/Dior/Rose-Star-106146.html,unisexe,Extrait de Parfum,2025,"rose;honey;sweet;musky;fresh spicy;citrus;floral;fruity","Poivre du Sichuan;Poire;Citron",Rose,"Miel;Musc",,modéré (e),modéré (e),,,,,,,3.22
Dior,Les Creations de Monsieur Dior Diorama,https://www.fragrantica.fr/parfum/Dior/Les-Creations-de-Monsieur-Dior-Diorama-10408.html,femme,Extrait de Parfum,2010,"fruity;white floral;woody;sweet;fresh spicy;yellow floral;patchouli;aromatic;f_gender","Ylang-ylang;Bergamote","Jasmin;Carvi;Prune;Pêche;Rose","Patchouli;Cèdre de Virginie",,,,,,,,,,4.07
Dior,Les Creations de Monsieur Dior Diorella,https://www.fragrantica.fr/parfum/Dior/Les-Creations-de-Monsieur-Dior-Diorella-7372.html,femme,Extrait de Parfum,2009,"citrus;white floral;aromatic;woody;fruity;earthy;yellow floral;fresh;f_gender",Limone Costa d'Amalfi,Chèvrefeuille,Vétiver,,modéré (e),modéré (e),,,,,,,4.00
Dior,Les Creations de Monsieur Dior Dioressence,https://www.fragrantica.fr/parfum/Dior/Les-Creations-de-Monsieur-Dior-Dioressence-7371.html,femme,Extrait de Parfum,2009,"warm spicy;patchouli;fresh spicy;cinnamon;aromatic;woody;rose;earthy;f_gender",Géranium,Cannelle,Patchouli,,modéré (e),modéré (e),,,,,,,4.11
Dior,Les Creations de Monsieur Dior Diorissimo Eau de Parfum,https://www.fragrantica.fr/parfum/Dior/Les-Creations-de-Monsieur-Dior-Diorissimo-Eau-de-Parfum-7370.html,femme,Extrait de Parfum,2009,"white floral;fresh;green;musky;floral;soapy;powdery;animalic;f_gender",Muguet,Jasmin,Musc,,,,,,,,,,4.15
Dior,Les Creations de Monsieur Dior Diorissimo Eau de Toilette,https://www.fragrantica.fr/parfum/Dior/Les-Creations-de-Monsieur-Dior-Diorissimo-Eau-de-Toilette-7369.html,femme,Extrait de Parfum,2009,"white floral;fresh;green;yellow floral;floral;soapy;sweet;woody;f_gender",Ylang-ylang,Muguet,Jasmin,,,,,,,,,,4.10
Dior,Les Creations de Monsieur Dior Diorissimo Extrait de Parfum,https://www.fragrantica.fr/parfum/Dior/Les-Creations-de-Monsieur-Dior-Diorissimo-Extrait-de-Parfum-7368.html,femme,Extrait de Parfum,2009,"white floral;fresh;yellow floral;green;sweet;floral;woody;soapy;f_gender",,,,,,,,,,,,,4.12
Dior,Les Creations de Monsieur Dior Diorling,https://www.fragrantica.fr/parfum/Dior/Les-Creations-de-Monsieur-Dior-Diorling-13698.html,femme,Extrait de Parfum,2012,"leather;white floral;patchouli;citrus;woody;animalic;warm spicy;fresh spicy;f_gender",Bergamote,Jasmin,"Cuir;Patchouli",,,,,,,,,,4.05
Dior,Les Creations de Monsieur Dior Eau Fraiche,https://www.fragrantica.fr/parfum/Dior/Les-Creations-de-Monsieur-Dior-Eau-Fraiche-7373.html,femme,Extrait de Parfum,2009,"citrus;patchouli;woody;green;aromatic;warm spicy;balsamic;earthy;f_gender",Mandarine,Petit-grain,Patchouli,,modéré (e),modéré (e),,,,,,,4.16
Dior,Les Creations de Monsieur Dior Forever and Ever,https://www.fragrantica.fr/parfum/Dior/Les-Creations-de-Monsieur-Dior-Forever-and-Ever-7374.html,femme,Extrait de Parfum,2009,"floral;rose;white floral;soft spicy;fresh;green;citrus;animalic;f_gender",Freesia,Jasmin,Teinture de rose,,,,,,,,,,4.31
Dior,Ambre Elixir Precieux,https://www.fragrantica.fr/parfum/Dior/Ambre-Elixir-Precieux-22983.html,unisexe,Eau de Parfum,2014,"amber;animalic;powdery;soft spicy",,,,Ambre,,,,,,,,,4.20
Dior,Jasmin Elixir Precieux,https://www.fragrantica.fr/parfum/Dior/Jasmin-Elixir-Precieux-76182.html,unisexe,Eau de Parfum,2022,"white floral;fresh;floral;green;soapy;animalic;rose;citrus",,,,"Jasmin;Muguet",,,,,,,,,4.35
Dior,Musc Elixir Precieux,https://www.fragrantica.fr/parfum/Dior/Musc-Elixir-Precieux-22984.html,unisexe,Eau de Parfum,2014,"musky;powdery;animalic;sweet",,,,Musc,,,,,,,,,3.28
Dior,Oud Elixir Precieux,https://www.fragrantica.fr/parfum/Dior/Oud-Elixir-Precieux-22985.html,unisexe,Eau de Parfum,2014,"oud;fresh spicy",,,,Oud,,,,,,,,,4.13
Dior,Patchouli Elixir Precieux,https://www.fragrantica.fr/parfum/Dior/Patchouli-Elixir-Precieux-76183.html,unisexe,Eau de Parfum,2022,"patchouli;woody;warm spicy;earthy;balsamic",,,,Patchouli,modéré (e),modéré (e),,,,,,,4.30
Dior,Rose Elixir Precieux,https://www.fragrantica.fr/parfum/Dior/Rose-Elixir-Precieux-22982.html,unisexe,Eau de Parfum,2014,"rose;floral;citrus",,,,Huile essentielle de rose de Turquie,très longue tenue,énorme,,,,,,,4.33
Dior,Diorissimo Extrait de Parfum,https://www.fragrantica.fr/parfum/Dior/Diorissimo-Extrait-de-Parfum-26210.html,femme,Extrait de Parfum,2014,"white floral;yellow floral;fresh;sweet;green;floral;woody;soapy;f_gender",,,,"Muguet;Ylang-ylang;Jasmin Sambac",,,,,,,,,4.36
Dior,J'Adore Extrait de Parfum,https://www.fragrantica.fr/parfum/Dior/J-Adore-Extrait-de-Parfum-26206.html,femme,Extrait de Parfum,2014,"yellow floral;white floral;rose;sweet;floral;woody;fresh;animalic;f_gender",,,,"Ylang-ylang;Jasmin Sambac;Rose de Mai",,,,,,,,,4.36
Dior,Miss Dior Extrait de Parfum,https://www.fragrantica.fr/parfum/Dior/Miss-Dior-Extrait-de-Parfum-26208.html,femme,Extrait de Parfum,2014,"white floral;patchouli;rose;woody;warm spicy;citrus;earthy;floral;f_gender",,,,"Patchouli;Rose de Mai;Fleur d'oranger;Jasmin Sambac",,,,,,,,,4.12
Dior,Miss Dior Original Extrait de Parfum,https://www.fragrantica.fr/parfum/Dior/Miss-Dior-Original-Extrait-de-Parfum-26209.html,femme,Extrait de Parfum,2014,"earthy;mossy;patchouli;green;woody;rose;white floral;balsamic;f_gender",,,,"Mousse;Patchouli;Férule gommeuse;Rose de Mai;Jasmin Sambac",longue tenue,puissant,,,,,,,4.34
Dior,Poison Extrait de Parfum,https://www.fragrantica.fr/parfum/Dior/Poison-Extrait-de-Parfum-26207.html,femme,Extrait de Parfum,2014,"tuberose;vanilla;white floral;rose;aromatic;soft spicy;animalic;herbal;f_gender",,,,"Tubéreuse;Coriandre;Vanille;Rose de Mai",,,,,,,,,4.09
Dior,Le Muguet,https://www.fragrantica.fr/parfum/Dior/Le-Muguet-107960.html,unisexe,Eau de Parfum,2025,"white floral;fresh;green;soapy;floral;rose;citrus",,,,"Muguet;Jasmin;Rose de Grasse",,,,,,,,,2.22
Dior,Ambre Nuit,https://www.fragrantica.fr/parfum/Dior/Ambre-Nuit-48395.html,unisexe,Eau de Parfum,2018,"amber;rose;floral;animalic;powdery;soft spicy;citrus",,,,"Ambre;Rose de Turquie",,,,,,,,,4.38
Dior,Ambre Nuit Esprit De Parfum,https://www.fragrantica.fr/parfum/Dior/Ambre-Nuit-Esprit-De-Parfum-95986.html,unisexe,Eau de Parfum,2024,"warm spicy;amber;cinnamon;musky;powdery;animalic;aromatic;soft spicy","Cannelle;Cardamome",Notes épicées,"Ambre;Musc",,,,,,,,,,4.25
Dior,Ambre Nuit New Look Limited Edition,https://www.fragrantica.fr/parfum/Dior/Ambre-Nuit-New-Look-Limited-Edition-71824.html,unisexe,Extrait de Parfum,2022,"woody;citrus;amber;rose;patchouli;soft spicy;fresh spicy;powdery","Bergamote;Pamplemousse","Rose de Turquie;Poivre rose","Ambre;Gaïac;Patchouli;Cèdre",,,,,,,,,,4.05
Dior,Balade Sauvage,https://www.fragrantica.fr/parfum/Dior/Balade-Sauvage-48398.html,unisexe,Eau de Parfum,2018,"woody;citrus;fruity;aromatic;green;sweet;white floral;ozonic","Bergamote;Notes d'ozone;Petit-grain","Figuier;Figue;Notes solaires;Fleur d'oranger;Hedione;Notes marines;Rose;Pêche","Galets;Amberwood;Ciste;Vanille",,,,,,,,,,4.33
Dior,Belle De Jour,https://www.fragrantica.fr/parfum/Dior/Belle-De-Jour-48394.html,unisexe,Eau de Parfum,2018,"fruity;rose;powdery;sweet;woody;aquatic;floral;fresh",,,,"Rose;Poire;Poire blanche;Notes poudrées;Pêche blanche;Glace à la poire;Notes boisées",,,,,,,,,4.19
Dior,Bois D'Argent,https://www.fragrantica.fr/parfum/Dior/Bois-D-Argent-48396.html,unisexe,Eau de Parfum,2018,"iris;powdery;amber;musky;floral;violet;warm spicy;earthy",,,,"Myrrhe;Iris;Musc;Notes fleuries",,,,,,,,,4.13
Dior,Bois d’Argent Esprit de Parfum,https://www.fragrantica.fr/parfum/Dior/Bois-d-Argent-Esprit-de-Parfum-108727.html,unisexe,Eau de Parfum,2025,"amber;honey;iris;powdery;sweet;animalic;vanilla;violet",,,,"Miel;Iris de Toscane;Encens;Ambre gris;Ambroxan;Vanille",,,,,,,,,3.62
Dior,Bois Talisman,https://www.fragrantica.fr/parfum/Dior/Bois-Talisman-100813.html,unisexe,Eau de Parfum,2025,"vanilla;smoky;woody;sweet;powdery;balsamic;soft spicy;aromatic",Vanille,Sucre,"Fumée;Cèdre",,,,,,,,,,3.82
Dior,Cheval Blanc Paris,https://www.fragrantica.fr/parfum/Dior/Cheval-Blanc-Paris-69283.html,unisexe,Eau de Parfum,2021,"powdery;musky;white floral;animalic;sweet",,,,"Musc;Notes poudrées;Fleurs blanches",,,,,,,,,4.33
Dior,Dioramour,https://www.fragrantica.fr/parfum/Dior/Dioramour-48397.html,unisexe,Eau de Parfum,2018,"powdery;iris;white floral;violet;earthy;floral;woody;fresh",,,,"Iris;Notes poudrées;Jasmin",,,,,,,,,4.38
Dior,Diorissima,https://www.fragrantica.fr/parfum/Dior/Diorissima-48391.html,unisexe,Eau de Parfum,2018,"white floral;citrus;musky;powdery;lactonic;sweet;animalic;fresh spicy",,,,"Gardénia;Orange;Musc",,,,,,,,,4.06
Dior,Dioriviera,https://www.fragrantica.fr/parfum/Dior/Dioriviera-81847.html,unisexe,Eau de Parfum,2023,"green;fruity;sweet;rose;woody;floral;bitter;citrus",,,,"Figue;Notes vertes;Rose",,,,,,,,,3.88
Dior,Eden-Roc,https://www.fragrantica.fr/parfum/Dior/Eden-Roc-66856.html,unisexe,Eau de Parfum,2021,"mineral;salty;citrus;white floral;woody;aromatic;marine;coconut","Sel de mer;Notes minérales;Agrumes","Jasmin;Noix de Coco;Lentisque","Pin;Ciste",,,,,,,,,,3.77
Dior,Fève Délicieuse (2018),https://www.fragrantica.fr/parfum/Dior/Feve-Delicieuse-2018-48392.html,unisexe,Eau de Parfum,2018,"vanilla;sweet;caramel;chocolate;warm spicy;amber;balsamic;cherry","Lavande;Menthe;Bergamote de Calabre","Cerise;Freesia;Jasmin","Fève de tonka;Vanille de Madagascar;Caramel;Chocolat noir;Noix de Coco;Benjoin;Cuir;Bois de santal;Cèdre",,,,,,,,,,4.17
Dior,Grand Bal (2018),https://www.fragrantica.fr/parfum/Dior/Grand-Bal-2018-48389.html,unisexe,Eau de Parfum,2018,"white floral;yellow floral;sweet;floral;woody;citrus;powdery;fruity","Fleur d'oranger;Bergamote","Jasmin;Ylang-ylang;Pêche;Hedione","Musc blanc;Bois de santal",,modéré (e),modéré (e),,,,,,,4.22
Dior,Gris Dior,https://www.fragrantica.fr/parfum/Dior/Gris-Dior-48387.html,unisexe,Extrait de Parfum,2017,"woody;earthy;mossy;rose;patchouli;citrus;warm spicy;amber",,,,"Mousse de chêne;Rose;Patchouli;Bergamote;Cèdre;Ambre;Bois de santal",,,,,,,,,4.21
Dior,Gris Dior Esprit De Parfum,https://www.fragrantica.fr/parfum/Dior/Gris-Dior-Esprit-De-Parfum-95984.html,unisexe,Eau de Parfum,2024,"woody;patchouli;rose;amber;warm spicy;earthy;balsamic;floral",Rose de Bulgarie,Cèdre Atlas,"Patchouli;Ambre",,longue tenue,puissant,,,,,,,4.23
Dior,Gris Dior New Look Limited Edition,https://www.fragrantica.fr/parfum/Dior/Gris-Dior-New-Look-Limited-Edition-71823.html,unisexe,Extrait de Parfum,2022,"woody;rose;earthy;mossy;patchouli;citrus;warm spicy;powdery",Bergamote,"Rose;Jasmin","Mousse;Patchouli;Cèdre;Bois de santal;Ambre",,modéré (e),modéré (e),,,,,,,4.12
Dior,Happy Hour,https://www.fragrantica.fr/parfum/Dior/Happy-Hour-48388.html,unisexe,Eau de Parfum,2018,"yellow floral;fruity;white floral;sweet;woody;fresh spicy;sour;floral",,,,"Canneberge;Ylang-ylang;Jasmin",modéré (e),modéré (e),,,,,,,4.31
Dior,Holy Peony,https://www.fragrantica.fr/parfum/Dior/Holy-Peony-53124.html,femme,Eau de Parfum,2019,"rose;floral;fresh;fruity;musky;green;powdery;sweet;f_gender",,,,"Pivoine;Rose;Fruits rouges;Musc;Abricot;Feuilles vertes;Notes boisées",modéré (e),modéré (e),,,,,,,3.98
Dior,Jasmin Des Anges,https://www.fragrantica.fr/parfum/Dior/Jasmin-Des-Anges-48383.html,unisexe,Eau de Parfum,2018,"fruity;white floral;floral;powdery;lactonic;sweet;musky;vanilla",Bergamote,"Jasmin;Abricot;Pêche;Osmanthus","Musc blanc;Vanille",,modéré (e),modéré (e),,,,,,,4.23
Dior,La Colle Noire (2018),https://www.fragrantica.fr/parfum/Dior/La-Colle-Noire-2018-48393.html,unisexe,Extrait de Parfum,2018,"rose;floral;fruity;fresh;sweet;musky;white floral;citrus","Cassis;Citron","Rose;Pivoine;Framboise;Muguet;Pêche","Musc blanc;Oud;Miel;Bois de santal;Amberwood",,,,,,,,,,4.31
Dior,Leather Oud,https://www.fragrantica.fr/parfum/Dior/Leather-Oud-48386.html,unisexe,Eau de Parfum,2018,"smoky;leather;warm spicy;woody;oud;fresh spicy;aromatic;animalic",Bergamote,"Cardamome;Clou de girofle;Géranium;Jasmin","Cuir;Oud;Fumée;Bouleau;Patchouli;Amberwood;Sable;Bois de santal",,,,,,,,,,4.02
Dior,Lucky,https://www.fragrantica.fr/parfum/Dior/Lucky-48385.html,unisexe,Eau de Parfum,2018,"white floral;ozonic;fresh;green;soapy;animalic;floral;rose",,,,"Muguet;Fleurs blanches;Notes d'ozone",modéré (e),modéré (e),,,,,,,4.14
Dior,Lucky Esprit De Parfum,https://www.fragrantica.fr/parfum/Dior/Lucky-Esprit-De-Parfum-95987.html,unisexe,Eau de Parfum,2024,"white floral;fresh;woody;leather;green;animalic;soapy;smoky",Muguet,Cuir,Notes boisées,,,,,,,,,,4.09
Dior,New Look 1947,https://www.fragrantica.fr/parfum/Dior/New-Look-1947-48382.html,unisexe,Eau de Parfum,2018,"white floral;yellow floral;amber;vanilla;sweet;tuberose;rose;warm spicy",Poivre rose,"Ylang-ylang;Jasmin;Gardénia;Tubéreuse;Rose","Benjoin;Vanille",,modéré (e),modéré (e),,,,,,,4.19
Dior,New Look 2024,https://www.fragrantica.fr/parfum/Dior/New-Look-2024-88939.html,unisexe,Eau de Parfum,2024,"amber;aldehydic;fresh;fresh spicy;soapy;warm spicy;woody;balsamic",Aldéhydes,Encens,Ambre,,modéré (e),modéré (e),,,,,,,3.22
Dior,Oud Ispahan,https://www.fragrantica.fr/parfum/Dior/Oud-Ispahan-48384.html,unisexe,Eau de Parfum,2018,"woody;amber;rose;smoky;floral;balsamic;warm spicy;sweet",,,,"Notes boisées;Rose;Fumée;Myrrhe;Résine;Notes fleuries",très longue tenue,puissant,,,,,,,4.03
Dior,Oud Ispahan Esprit De Parfum,https://www.fragrantica.fr/parfum/Dior/Oud-Ispahan-Esprit-De-Parfum-95985.html,unisexe,Eau de Parfum,2024,"warm spicy;oud;rose;fresh spicy;floral;animalic;citrus","Cumin;Clou de girofle",Rose,"Oud;Notes épicées",,,,,,,,,,3.92
Dior,Oud Ispahan New Look Limited Edition,https://www.fragrantica.fr/parfum/Dior/Oud-Ispahan-New-Look-Limited-Edition-71825.html,unisexe,Extrait de Parfum,2022,"rose;oud;amber;woody;smoky;warm spicy;balsamic;floral","Fumée;Ciste","Rose;Patchouli","Oud;Myrrhe;Bois de santal",,très longue tenue,puissant,,,,,,,4.34
Dior,Oud Rosewood,https://www.fragrantica.fr/parfum/Dior/Oud-Rosewood-60318.html,unisexe,Eau de Parfum,2020,"woody;oud;fruity;sweet;animalic;warm spicy;balsamic;amber","Framboise;Coing","Bois de santal;Notes animales","Oud;Palissandre",,,,,,,,,,4.08
Dior,Patchouli Imperial,https://www.fragrantica.fr/parfum/Dior/Patchouli-Imperial-48381.html,unisexe,Eau de Parfum,2018,"woody;warm spicy;amber;patchouli;vanilla;aromatic;balsamic;smoky","Bergamote;Mandarine","Coriandre;Cannelle;Rose","Patchouli;Ambre;Fumée;Cèdre;Benjoin;Bois de santal;Fève de tonka;Vanille",,,,,,,,,,4.13
Dior,Purple Oud,https://www.fragrantica.fr/parfum/Dior/Purple-Oud-48376.html,unisexe,Eau de Parfum,2018,"citrus;oud;warm spicy;soft spicy;sweet;metallic;fresh spicy;leather",,,,"Orange;Oud;Poivre rose;Safran",longue tenue,modéré (e),,,,,,,4.08
Dior,Rose Gipsy,https://www.fragrantica.fr/parfum/Dior/Rose-Gipsy-48390.html,unisexe,Eau de Parfum,2018,"rose;floral;green;aquatic;warm spicy;citrus",,,,"Rose de Mai;Notes vertes;Goutte de rosée;Notes fleuries;Notes épicées",,,,,,,,,4.15
Dior,Rose Kabuki,https://www.fragrantica.fr/parfum/Dior/Rose-Kabuki-48380.html,unisexe,Eau de Parfum,2018,"rose;aquatic;musky;floral;powdery;animalic;citrus;sweet",,,,"Rose;Goutte de rosée;Musc",modéré (e),modéré (e),,,,,,,4.04
Dior,Rouge Trafalgar,https://www.fragrantica.fr/parfum/Dior/Rouge-Trafalgar-58665.html,femme,Extrait de Parfum,2020,"fruity;sweet;citrus;musky;woody;cherry;patchouli;soft spicy;f_gender","Framboise;Fraise;Cerise;Mandarine","Cassis;Pamplemousse","Musc;Patchouli",,modéré (e),modéré (e),,,,,,,4.07
Dior,Rouge Trafalgar Esprit De Parfum,https://www.fragrantica.fr/parfum/Dior/Rouge-Trafalgar-Esprit-De-Parfum-95983.html,unisexe,Extrait de Parfum,2024,"fruity;sweet;cherry;rose;soft spicy;fresh;nutty;floral","Cerise;Poivre rose","Rose de Bulgarie;Rose de Turquie",Fruits rouges,,,,,,,,,,4.53
Dior,Sakura,https://www.fragrantica.fr/parfum/Dior/Sakura-48379.html,unisexe,Eau de Parfum,2018,"floral;powdery;fresh;green;rose;musky;violet;yellow floral",Notes vertes,"Fleur de cerisier du Japon;Rose;Jasmin;Hedione","Musc blanc;Mimosa;Violette",,,,,,,,,,4.05
Dior,Santal Noir,https://www.fragrantica.fr/parfum/Dior/Santal-Noir-48378.html,unisexe,Extrait de Parfum,2018,,,,,,longue tenue,puissant,,,,,,,4.20
Dior,Souffle De Soie,https://www.fragrantica.fr/parfum/Dior/Souffle-De-Soie-48377.html,unisexe,Eau de Parfum,2018,"white floral;powdery;tuberose;musky;rose;citrus;aromatic;floral",Bergamote,"Jasmin;Tubéreuse;Rose;Élémi","Musc blanc;Patchouli;Violette;Vanille;Cannelle",,modéré (e),modéré (e),,,,,,,4.27
Dior,Spice Blend,https://www.fragrantica.fr/parfum/Dior/Spice-Blend-56055.html,unisexe,Eau de Parfum,2019,"fresh spicy;warm spicy;cinnamon;soft spicy;woody;rum;aromatic;fresh","Rhum;Gingembre","Cannelle;Poivre rose;Poivre noir;Clou de girofle;Noix de muscade;Coriandre","Feuille de laurier;Notes boisées",,modéré (e),modéré (e),,,,,,,4.21
Dior,Terra Bella,https://www.fragrantica.fr/parfum/Dior/Terra-Bella-48374.html,unisexe,Eau de Parfum,2018,"aromatic;white floral;fresh spicy;woody;herbal;citrus;sweet;soapy",,,,"Fleur d'oranger;Cyprès;Myrte",modéré (e),modéré (e),,,,,,,4.07
Dior,The Cachemire,https://www.fragrantica.fr/parfum/Dior/The-Cachemire-48371.html,unisexe,Eau de Parfum,2018,"citrus;green;aromatic;fresh;woody;fresh spicy;musky;floral","Petit-grain;Bergamote;Citron;Bigarade","Thé blanc;Hedione;Chèvrefeuille;Cassis;Magnolia;Rose","Maté;Musc;Iso E Super;Fumée;Racine d'iris",,modéré (e),modéré (e),,,,,,,4.09
Dior,Tobacolor,https://www.fragrantica.fr/parfum/Dior/Tobacolor-65551.html,unisexe,Eau de Parfum,2021,"sweet;tobacco;honey;amber;fruity;smoky;warm spicy;white floral",,,,"Tabac;Feuille de tabac;Miel;Fumée;Prune;Ambre;Notes orientales;Tabac sylvestre;Pêche;Agrumes",longue tenue,puissant,,,,,,,4.17
Dior,Vanilla Diorama,https://www.fragrantica.fr/parfum/Dior/Vanilla-Diorama-68198.html,unisexe,Eau de Parfum,2021,"warm spicy;vanilla;woody;rum;sweet;citrus;cacao;powdery","Orange;Poivre rose;Citron","Rhum;Cacao;Cardamome","Vanille bourbon;Bois de santal;Patchouli",,longue tenue,modéré (e),,,,,,,4.14
Dior,Dior Miss Dior Blooming Bouquet Bobby Limited Edition,https://www.fragrantica.fr/parfum/Dior/Dior-Miss-Dior-Blooming-Bouquet-Bobby-Limited-Edition-64707.html,femme,Extrait de Parfum,2021,"rose;fruity;floral;fresh;powdery;citrus;musky;sweet;f_gender",Mandarine,"Pivoine rose;Abricot;Pêche;Rose de Damas",Musc blanc,,modéré (e),modéré (e),,,,,,,4.07
Dior,Miss Dior,https://www.fragrantica.fr/parfum/Dior/Miss-Dior-223.html,femme,Extrait de Parfum,1947,"aromatic;green;earthy;woody;white floral;mossy;aldehydic;fresh;f_gender","Aldéhydes;Férule gommeuse;Sauge sclarée;Gardénia;Bergamote","Narcisse;Iris;Œillet;Racine d'iris;Jasmin;Muguet;Rose;Néroli","Mousse de chêne;Cuir;Vétiver;Patchouli;Ciste;Ambre;Bois de santal",,,,,,,,,,4.13
Dior,Miss Dior (new),https://www.fragrantica.fr/parfum/Dior/Miss-Dior-2012-17796.html,femme,Extrait de Parfum,2012,"patchouli;citrus;rose;woody;white floral;warm spicy;musky;earthy;f_gender",Mandarine d'Italie,"Rose;Jasmin d'Egypte","Patchouli;Musc",,modéré (e),puissant,,,,,,,4.09
Dior,Miss Dior Absolutely Blooming,https://www.fragrantica.fr/parfum/Dior/Miss-Dior-Absolutely-Blooming-39070.html,femme,Extrait de Parfum,2016,"fruity;rose;floral;sweet;woody;musky;soft spicy;fresh;f_gender","Framboise;Cassis;Grenade;Poivre rose","Rose de Mai;Pivoine",Musc blanc,,longue tenue,puissant,,,,,,,4.05
Dior,Miss Dior Absolutely Blooming Roller Pearl,https://www.fragrantica.fr/parfum/Dior/Miss-Dior-Absolutely-Blooming-Roller-Pearl-48406.html,femme,Extrait de Parfum,2018,"fruity;rose;floral;sweet;woody;soft spicy;musky;fresh;f_gender","Framboise;Grenade;Poivre rose;Cassis","Rose de Grasse;Rose de Damas;Pivoine",Musc blanc,,,,,,,,,,4.25
Dior,Miss Dior Blooming Bouquet,https://www.fragrantica.fr/parfum/Dior/Miss-Dior-Blooming-Bouquet-23280.html,femme,Extrait de Parfum,2014,"floral;rose;fresh;fruity;musky;citrus;powdery;sweet;f_gender",Mandarine de Sicile,"Pivoine rose;Rose de Damas;Abricot;Pêche",Musc blanc,,médiocre,puissant,,,,,,,4.09
Dior,Miss Dior Blooming Bouquet (2023),https://www.fragrantica.fr/parfum/Dior/Miss-Dior-Blooming-Bouquet-2023-78945.html,femme,Extrait de Parfum,2023,"floral;rose;fresh;musky;citrus;sweet;powdery;fresh spicy;f_gender","Bergamote;Pois de senteur","Pivoine;Rose de Damas",Musc blanc,,modéré (e),discret,,,,,,,4.12
Dior,Miss Dior Blooming Bouquet Couture Edition,https://www.fragrantica.fr/parfum/Dior/Miss-Dior-Blooming-Bouquet-Couture-Edition-23281.html,femme,Extrait de Parfum,2011,"rose;floral;fresh;citrus;musky;powdery;fruity;sweet;f_gender",Mandarine de Sicile,"Rose;Pivoine",Musc blanc,,,,,,,,,,4.13
Dior,Miss Dior Blooming Bouquet Roller Pearl,https://www.fragrantica.fr/parfum/Dior/Miss-Dior-Blooming-Bouquet-Roller-Pearl-48407.html,femme,Extrait de Parfum,2018,"floral;rose;citrus;fresh;fruity;powdery;musky;sweet;f_gender","Bergamote;Mandarine de Sicile","Pivoine;Rose de Damas;Pêche;Abricot",Musc blanc,,,,,,,,,,4.24
Dior,Miss Dior Blooming Bouquet Roller-Pearl,https://www.fragrantica.fr/parfum/Dior/Miss-Dior-Blooming-Bouquet-Roller-Pearl-135013.html,femme,Extrait de Parfum,2026,"floral;rose;fresh;sweet;musky;honey;citrus;powdery;f_gender","Pois de senteur;Bergamote","Pivoine;Rose","Musc;Cèdre",,médiocre,discret,,,,,,,3.67
Dior,Miss Dior Bobby Limited Edition,https://www.fragrantica.fr/parfum/Dior/Miss-Dior-Bobby-Limited-Edition-75538.html,femme,Extrait de Parfum,2022,"vanilla;powdery;amber;floral;fresh;rose;fruity;warm spicy;f_gender","Pivoine;Muguet;Iris","Abricot;Pêche;Rose","Benjoin;Vanille;Fève de tonka;Bois de santal;Musc",,,,,,,,,,3.58
Dior,Miss Dior Brume Soyeuse pour le Corps,https://www.fragrantica.fr/parfum/Dior/Miss-Dior-Brume-Soyeuse-pour-le-Corps-37572.html,femme,Extrait de Parfum,2016,"rose;citrus;musky;white floral;floral;powdery;patchouli;fruity;f_gender",Mandarine,"Rose;Jasmin","Musc;Patchouli",,médiocre,discret,,,,,,,4.35
Dior,Miss Dior Cherie,https://www.fragrantica.fr/parfum/Dior/Miss-Dior-Cherie-213.html,femme,Extrait de Parfum,2005,"sweet;fruity;caramel;cherry;patchouli;woody;citrus;tropical;f_gender","Cerise;Fraise;Ananas;Mandarine","Popcorn;Caramel;Rose;Jasmin;Violette","Patchouli;Musc;Ambre",,longue tenue,modéré (e),,,,,,,4.01
Dior,Miss Dior Cherie 2007,https://www.fragrantica.fr/parfum/Dior/Miss-Dior-Cherie-2007-1514.html,femme,Extrait de Parfum,2007,"citrus;patchouli;floral;woody;warm spicy;white floral;fresh spicy;earthy;f_gender",,,,"Patchouli;Orange;Freesia;Bergamote;Muguet",,,,,,,,,3.95
Dior,Miss Dior Cherie Blooming Bouquet 2007,https://www.fragrantica.fr/parfum/Dior/Miss-Dior-Cherie-Blooming-Bouquet-2007-3738.html,femme,Extrait de Parfum,2008,"floral;fresh;rose;musky;citrus;powdery;sweet;fruity;f_gender",Mandarine,Pivoine,Musc,,,,,,,,,,4.00
Dior,Miss Dior Cherie Blooming Bouquet 2011,https://www.fragrantica.fr/parfum/Dior/Miss-Dior-Cherie-Blooming-Bouquet-2011-13143.html,femme,Extrait de Parfum,2011,"rose;floral;citrus;fresh;musky;patchouli;woody;fresh spicy;f_gender","Agrumes;Orange","Pivoine;Rose","Musc;Patchouli",,modéré (e),modéré (e),,,,,,,3.98
Dior,Miss Dior Cherie Eau de Parfum,https://www.fragrantica.fr/parfum/Dior/Miss-Dior-Cherie-Eau-de-Parfum-11588.html,femme,Extrait de Parfum,2011,"fruity;woody;sweet;patchouli;citrus;earthy;rose;warm spicy;f_gender","Fraise;Mandarine","Rose;Jasmin","Patchouli;Bois de santal;Ambre;Mousse de chêne;Vétiver",,longue tenue,modéré (e),,,,,,,4.10
Dior,Miss Dior Cherie Eau de Printemps,https://www.fragrantica.fr/parfum/Dior/Miss-Dior-Cherie-Eau-de-Printemps-2521.html,femme,Extrait de Parfum,2008,"citrus;white floral;rose;patchouli;fresh spicy;floral;woody;warm spicy;f_gender","Orange sanguine;Bergamote","Rose;Jasmin;Néroli",Patchouli,,,,,,,,,,3.95
Dior,Miss Dior Cherie Eau De Toilette 2010,https://www.fragrantica.fr/parfum/Dior/Miss-Dior-Cherie-Eau-De-Toilette-2010-8208.html,femme,Extrait de Parfum,2010,"sweet;vanilla;fruity;lactonic;patchouli;white floral;woody;nutty;f_gender","Notes fruitées;Tubéreuse;Freesia;Jasmin;Muguet;Fleur d'oranger d'Afrique","Praliné;Popcorn;Vanille",Patchouli,,modéré (e),modéré (e),,,,,,,4.15
Dior,Miss Dior Cherie Extrait de Parfum,https://www.fragrantica.fr/parfum/Dior/Miss-Dior-Cherie-Extrait-de-Parfum-11399.html,femme,Extrait de Parfum,2005,"white floral;tuberose;patchouli;citrus;woody;warm spicy;animalic;earthy;f_gender",Mandarine,"Tubéreuse;Jasmin",Patchouli,,longue tenue,modéré (e),,,,,,,4.20
Dior,Miss Dior Cherie L'Eau,https://www.fragrantica.fr/parfum/Dior/Miss-Dior-Cherie-L-Eau-5722.html,femme,Extrait de Parfum,2009,"white floral;citrus;musky;lactonic;powdery;animalic;fresh;green;f_gender",Bigarade,Gardénia,Musc,,modéré (e),modéré (e),,,,,,,4.06
Dior,Miss Dior Couture Edition,https://www.fragrantica.fr/parfum/Dior/Miss-Dior-Couture-Edition-13763.html,femme,Extrait de Parfum,2011,"citrus;woody;patchouli;warm spicy;white floral;earthy;rose;fresh spicy;f_gender","Orange;Mandarine;Bergamote","Jasmin;Rose","Patchouli;Bois de santal;Vétiver",,longue tenue,puissant,,,,,,,4.12
Dior,Miss Dior Eau de Parfum (2017),https://www.fragrantica.fr/parfum/Dior/Miss-Dior-Eau-de-Parfum-2017-45202.html,femme,Extrait de Parfum,2017,"citrus;rose;woody;patchouli;sweet;warm spicy;soft spicy;balsamic;f_gender","Poivre rose;Orange sanguine;Orange douce;Mandarine;Bergamote de Calabre;Citron","Rose de Grasse;Rose de Damas;Feuille de jasmin","Patchouli;Palissandre",,longue tenue,modéré (e),,,,,,,3.97
Dior,Miss Dior Eau de Parfum (2021),https://www.fragrantica.fr/parfum/Dior/Miss-Dior-Eau-de-Parfum-2021-68905.html,femme,Extrait de Parfum,2021,"powdery;vanilla;rose;floral;fruity;sweet;fresh;iris;f_gender","Iris;Pivoine;Muguet","Rose;Abricot;Pêche","Vanille;Musc;Fève de tonka;Bois de santal;Benjoin",,faible,puissant,,,,,,,3.89
Dior,Miss Dior Eau de Parfum Roller-Pearl,https://www.fragrantica.fr/parfum/Dior/Miss-Dior-Eau-de-Parfum-Roller-Pearl-135010.html,femme,Extrait de Parfum,2026,"rose;floral;fresh;fruity;vanilla;powdery;sweet;amber;f_gender","Pivoine;Muguet;Iris","Rose;Abricot;Pêche","Vanille;Benjoin;Fève de tonka;Musc;Bois de santal",,,,,,,,,,3.25
Dior,Miss Dior Eau De Toilette,https://www.fragrantica.fr/parfum/Dior/Miss-Dior-Eau-De-Toilette-17478.html,femme,Extrait de Parfum,2013,"patchouli;rose;citrus;woody;warm spicy;earthy;floral;white floral;f_gender",Orange sanguine,"Rose de Damas;Rose de Bulgarie;Néroli",Patchouli,,,,,,,,,,4.12
Dior,Miss Dior Eau de Toilette 2019,https://www.fragrantica.fr/parfum/Dior/Miss-Dior-Eau-de-Toilette-2019-53144.html,femme,Extrait de Parfum,2019,"citrus;rose;patchouli;woody;warm spicy;white floral;earthy;floral;f_gender","Orange sanguine;Mandarine","Rose de Grasse;Rose de Mai;Muguet",Patchouli,,,,,,,,,,3.96
Dior,Miss Dior Eau de Toilette Originale,https://www.fragrantica.fr/parfum/Dior/Miss-Dior-Eau-de-Toilette-Originale-23282.html,femme,Extrait de Parfum,2011,"green;patchouli;white floral;balsamic;aromatic;woody;warm spicy;earthy;f_gender",Férule gommeuse,Jasmin Sambac,Patchouli,,modéré (e),modéré (e),,,,,,,4.20
Dior,Miss Dior Eau de Toilette Roller Pearl 2019,https://www.fragrantica.fr/parfum/Dior/Miss-Dior-Eau-de-Toilette-Roller-Pearl-2019-53145.html,femme,Extrait de Parfum,2019,"citrus;rose;patchouli;white floral;woody;floral;warm spicy;earthy;f_gender","Orange sanguine;Mandarine","Rose de Grasse;Rose de Mai;Muguet",Patchouli,,,,,,,,,,4.19
Dior,Miss Dior Eau Fraiche,https://www.fragrantica.fr/parfum/Dior/Miss-Dior-Eau-Fraiche-14152.html,femme,Extrait de Parfum,2012,"citrus;white floral;patchouli;woody;green;fresh;warm spicy;fresh spicy;f_gender","Agrumes;Bergamote;Férule gommeuse","Jasmin;Gardénia",Patchouli,,,,,,,,,,3.73
Dior,Miss Dior Edition d’Exception,https://www.fragrantica.fr/parfum/Dior/Miss-Dior-Edition-d-Exception-30169.html,femme,Extrait de Parfum,2015,"rose;citrus;musky;patchouli;white floral;floral;woody;powdery;f_gender",Mandarine,"Rose;Jasmin d'Egypte","Musc;Feuille de patchouli d'Indonésie",,,,,,,,,,4.06
Dior,Miss Dior Esprit de Parfum,https://www.fragrantica.fr/parfum/Dior/Miss-Dior-Esprit-de-Parfum-23283.html,femme,Extrait de Parfum,,"green;patchouli;white floral;aromatic;balsamic;woody;warm spicy;earthy;f_gender",Férule gommeuse,Jasmin Sambac,Patchouli,,,,,,,,,,4.30
Dior,Miss Dior Essence,https://www.fragrantica.fr/parfum/Dior/Miss-Dior-Essence-112972.html,femme,Extrait de Parfum,2025,"fruity;woody;sweet;white floral;floral;violet;rose;sour;f_gender","Mûre;Sureau noir","Jasmin Sambac;Jasmin","Notes boisées;Chêne",,longue tenue,puissant,,,,,,,3.75
Dior,Miss Dior Essence by Maison Février,https://www.fragrantica.fr/parfum/Dior/Miss-Dior-Essence-by-Maison-Fevrier-118329.html,femme,Extrait de Parfum,2025,"woody;fruity;sweet;floral;white floral;violet;rose;honey;f_gender","Mûre;Sureau noir","Jasmin Sambac;Jasmin","Notes boisées;Chêne",,faible,discret,,,,,,,3.08
Dior,Miss Dior Le Parfum,https://www.fragrantica.fr/parfum/Dior/Miss-Dior-Le-Parfum-15967.html,femme,Extrait de Parfum,2012,"amber;patchouli;rose;vanilla;woody;citrus;warm spicy;balsamic;f_gender",Mandarine,"Rose de Turquie;Rose de Bulgarie","Ambre;Patchouli;Vanille",,très longue tenue,puissant,,,,,,,4.18
Dior,Miss Dior Le Parfum Edition d’Exception,https://www.fragrantica.fr/parfum/Dior/Miss-Dior-Le-Parfum-Edition-d-Exception-30168.html,femme,Extrait de Parfum,2013,"amber;vanilla;rose;patchouli;citrus;woody;powdery;warm spicy;f_gender",Mandarine,Rose de Damas,"Ambre;Vanille;Feuille de patchouli d'Indonésie",,très longue tenue,énorme,,,,,,,3.78
Dior,Miss Dior Parfum,https://www.fragrantica.fr/parfum/Dior/Miss-Dior-Parfum-11400.html,femme,Extrait de Parfum,1947,"green;white floral;patchouli;balsamic;woody;aromatic;warm spicy;earthy;f_gender",Férule gommeuse,Jasmin,Patchouli,,très longue tenue,modéré (e),,,,,,,4.38
Dior,Miss Dior Parfum (2024),https://www.fragrantica.fr/parfum/Dior/Miss-Dior-Parfum-2024-89584.html,femme,Extrait de Parfum,2024,"woody;fruity;amber;sweet;earthy;patchouli;floral;warm spicy;f_gender","Abricot;Pêche;Mandarine","Fraise des bois;Notes fleuries;Jasmin","Patchouli;Amberwood;Ambre;Mousse;Cèdre Atlas",,,,,,,,,,4.01
Dior,Miss Dior Parfum pour Cheveux,https://www.fragrantica.fr/parfum/Dior/Miss-Dior-Parfum-pour-Cheveux-29770.html,femme,Extrait de Parfum,2015,"rose;citrus;musky;white floral;floral;patchouli;powdery;fresh spicy;f_gender",Bergamote,"Rose;Jasmin d'Egypte","Musc;Feuille de patchouli d'Indonésie",,modéré (e),modéré (e),,,,,,,4.29
Dior,Miss Dior Parfum Roller-Pearl,https://www.fragrantica.fr/parfum/Dior/Miss-Dior-Parfum-Roller-Pearl-135007.html,femme,Extrait de Parfum,2026,"fruity;floral;sweet;amber;white floral;earthy;citrus;mossy;f_gender","Abricot;Pêche;Mandarine","Notes fleuries;Fraise;Jasmin","Patchouli;Ambre;Mousse;Amberwood;Cèdre Atlas",,médiocre,discret,,,,,,,2.75
Dior,Miss Dior Rose Essence,https://www.fragrantica.fr/parfum/Dior/Miss-Dior-Rose-Essence-73762.html,femme,Extrait de Parfum,2022,"woody;rose;aromatic;musky;green;earthy;fresh spicy;powdery;f_gender","Notes vertes;Géranium",Rose de Grasse,"Musc;Gaïac;Vétiver;Patchouli",,modéré (e),discret,,,,,,,3.92
Dior,Miss Dior Rose N'Roses,https://www.fragrantica.fr/parfum/Dior/Miss-Dior-Rose-N-Roses-58562.html,femme,Extrait de Parfum,2020,"rose;musky;fresh spicy;citrus;aromatic;powdery;floral;herbal;f_gender","Géranium;Bergamote;Mandarine d'Italie","Rose de Grasse;Rose de Damas",Musc blanc,,modéré (e),modéré (e),,,,,,,3.82
Dior,Miss Dior Rose N'Roses Roller Pearl,https://www.fragrantica.fr/parfum/Dior/Miss-Dior-Rose-N-Roses-Roller-Pearl-65505.html,femme,Extrait de Parfum,2021,"rose;citrus;musky;fresh spicy;floral;aromatic;powdery;herbal;f_gender","Mandarine d'Italie;Bergamote;Géranium","Rose de Grasse;Rose de Damas",Musc blanc,,,,,,,,,,4.18
Dior,Miss Dioramour,https://www.fragrantica.fr/parfum/Dior/Miss-Dioramour-124285.html,femme,Extrait de Parfum,2026,"floral;citrus;woody;fruity;white floral;amber;sweet;powdery;f_gender","Tangerine;Mandarine;Abricot;Pêche","Notes fleuries;Jasmin;Fraise des bois","Cèdre Atlas;Ambre;Amberwood;Mousse;Patchouli",,,,,,,,,,3.30
Dior,Miss Dior Blooming Bouquet Hair Mist,https://www.fragrantica.fr/parfum/Dior/Miss-Dior-Blooming-Bouquet-Hair-Mist-107260.html,femme,Eau de Parfum,2025,"floral;rose;fresh;sweet;musky;citrus;powdery;honey;f_gender","Pois de senteur;Bergamote","Pivoine;Rose",Musc,,faible,discret,,,,,,,3.62
Dior,Miss Dior Eau de Parfum Hair Mist,https://www.fragrantica.fr/parfum/Dior/Miss-Dior-Eau-de-Parfum-Hair-Mist-107262.html,femme,Eau de Parfum,2025,"vanilla;rose;powdery;floral;fruity;fresh;sweet;amber;f_gender","Pivoine;Iris;Muguet","Abricot;Pêche;Rose","Vanille;Fève de tonka;Benjoin;Musc;Bois de santal",,modéré (e),modéré (e),,,,,,,3.64
Dior,Miss Dior Parfum Hair Mist,https://www.fragrantica.fr/parfum/Dior/Miss-Dior-Parfum-Hair-Mist-107261.html,femme,Eau de Parfum,2025,"fruity;sweet;floral;citrus;amber;white floral;woody;powdery;f_gender","Mandarine;Pêche;Abricot","Fraise des bois;Notes fleuries;Jasmin","Ambre;Patchouli;Cèdre Atlas;Amberwood;Mousse",,modéré (e),modéré (e),,,,,,,3.50
Dior,Hypnotic Poison,https://www.fragrantica.fr/parfum/Dior/Hypnotic-Poison-219.html,femme,Extrait de Parfum,1998,"vanilla;sweet;almond;fruity;nutty;powdery;woody;coconut;f_gender","Noix de Coco;Prune;Abricot","Jasmin;Palissandre du Brésil;Tubéreuse;Carvi;Rose;Muguet","Vanille;Amande;Bois de santal;Musc",,faible,modéré (e),,,,,,,4.08
Dior,Hypnotic Poison Diable Rouge,https://www.fragrantica.fr/parfum/Dior/Hypnotic-Poison-Diable-Rouge-29212.html,femme,Extrait de Parfum,1998,"woody;sweet;white floral;fruity;vanilla;powdery;coconut;almond;f_gender","Noix de Coco;Prune;Abricot","Carvi;Tubéreuse;Rose;Jasmin;Muguet;Palissandre du Brésil","Vanille;Amande;Musc;Bois de santal;Ambre;Notes boisées",,,,,,,,,,4.25
Dior,Hypnotic Poison Eau de Parfum,https://www.fragrantica.fr/parfum/Dior/Hypnotic-Poison-Eau-de-Parfum-23098.html,femme,Extrait de Parfum,2014,"vanilla;sweet;soft spicy;almond;white floral;nutty;fruity;balsamic;f_gender","Réglisse;Amande","Jasmin Sambac;Fleur d'oranger","Vanille;Fève de tonka",,,,,,,,,,4.16
Dior,Hypnotic Poison Eau Secrete,https://www.fragrantica.fr/parfum/Dior/Hypnotic-Poison-Eau-Secrete-17218.html,femme,Extrait de Parfum,2013,"citrus;vanilla;white floral;sweet;fresh spicy;powdery;floral;fresh;f_gender","Mandarine de Sicile;Orange d'Italie;Bergamote de Calabre","Jasmin Sambac;Néroli de Tunisie",Vanille,,modéré (e),modéré (e),,,,,,,3.98
Dior,Hypnotic Poison Eau Sensuelle,https://www.fragrantica.fr/parfum/Dior/Hypnotic-Poison-Eau-Sensuelle-9600.html,femme,Extrait de Parfum,2010,"vanilla;sweet;powdery;woody;white floral;floral;yellow floral;tuberose;f_gender","Fleur d'oranger;Ylang-ylang;Rose","Orchidée;Tubéreuse;Notes vertes","Vanille;Bois de santal;Musc;Notes boisées",,,,,,,,,,4.16
Dior,Hypnotic Poison Elixir,https://www.fragrantica.fr/parfum/Dior/Hypnotic-Poison-Elixir-3911.html,femme,Extrait de Parfum,2008,"soft spicy;vanilla;anis;sweet;powdery;white floral;floral;balsamic;f_gender",,,,"Vanille;Réglisse;Badiane de Chine;Jasmin",,,,,,,,,4.46
Dior,Hypnotic Poison Extrait de Parfum,https://www.fragrantica.fr/parfum/Dior/Hypnotic-Poison-Extrait-de-Parfum-11402.html,femme,Extrait de Parfum,,"vanilla;white floral;rose;sweet;powdery;citrus;floral;balsamic;f_gender","Jasmin;Fleur d'oranger d'Afrique",Rose,Vanille,,très longue tenue,puissant,,,,,,,4.23
Dior,Hypnotic Poison Roller Pearl,https://www.fragrantica.fr/parfum/Dior/Hypnotic-Poison-Roller-Pearl-53828.html,femme,Extrait de Parfum,2019,"vanilla;almond;powdery;soft spicy;woody;nutty;anis;sweet;f_gender",,,,"Vanille;Amande amère;Bois de santal;Badiane de Chine;Jasmin Sambac;Musc",,,,,,,,,4.36
Dior,Midnight Poison,https://www.fragrantica.fr/parfum/Dior/Midnight-Poison-1282.html,femme,Extrait de Parfum,2007,"patchouli;citrus;rose;woody;amber;warm spicy;earthy;vanilla;f_gender","Bergamote;Mandarine",Rose,"Patchouli;Ambre;Vanille",,,,,,,,,,4.21
Dior,Midnight Poison Elixir,https://www.fragrantica.fr/parfum/Dior/Midnight-Poison-Elixir-3909.html,femme,Extrait de Parfum,2008,"patchouli;caramel;rose;vanilla;amber;woody;sweet;warm spicy;f_gender",,,,"Patchouli;Caramel;Rose;Vanille;Ambre",,,,,,,,,4.36
Dior,Midnight Poison Extrait de Parfum,https://www.fragrantica.fr/parfum/Dior/Midnight-Poison-Extrait-de-Parfum-11401.html,femme,Extrait de Parfum,2007,"vanilla;amber;patchouli;woody;rose;warm spicy;balsamic;sweet;f_gender",Rose,Patchouli,"Ciste de France;Fève de tonka;Vanille",,,,,,,,,,4.52
Dior,Poison,https://www.fragrantica.fr/parfum/Dior/Poison-218.html,femme,Extrait de Parfum,1985,"fruity;sweet;amber;white floral;woody;warm spicy;balsamic;tuberose;f_gender","Prune;Baies sauvages;Coriandre;Anis;Palissandre du Brésil","Tubéreuse;Encens;Miel blanc;Cannelle;Opoponax;Œillet;Jasmin;Fleur d'oranger d'Afrique;Rose","Vanille;Ambre;Bois de santal;Héliotrope;Musc;Vétiver;Cèdre de Virginie",,,,,,,,,,3.93
Dior,Poison Esprit de Parfum,https://www.fragrantica.fr/parfum/Dior/Poison-Esprit-de-Parfum-34811.html,femme,Extrait de Parfum,,"amber;warm spicy;sweet;woody;fruity;white floral;powdery;tuberose;f_gender","Prune;Fruits des bois;Anis;Palissandre;Coriandre;Poivre","Tubéreuse;Miel;Encens;Clou de girofle;Cannelle;Opoponax;Rose;Jasmin;Fleur d'oranger","Ambre;Vanille;Musc;Bois de santal;Héliotrope;Vétiver;Cèdre",,très longue tenue,énorme,,,,,,,4.56
Dior,Poison Girl,https://www.fragrantica.fr/parfum/Dior/Poison-Girl-35561.html,femme,Extrait de Parfum,2016,"vanilla;sweet;almond;powdery;citrus;amber;nutty;woody;f_gender","Bigarade;Citron","Rose de Damas;Rose de Grasse;Fleur d'oranger","Vanille;Amande;Fève de tonka;Baume de Tolu;Bois de santal;Héliotrope;Bois de cachemire",,,,,,,,,,3.95
Dior,Poison Girl Eau De Toilette,https://www.fragrantica.fr/parfum/Dior/Poison-Girl-Eau-De-Toilette-41809.html,femme,Extrait de Parfum,2017,"citrus;vanilla;sweet;caramel;powdery;amber;white floral;fresh;f_gender","Orange givrée;Bigarade;Citron","Fleur d'oranger;Néroli;Rose de Grasse;Rose de Damas","Vanille;Caramel;Fève de tonka;Héliotrope;Bois de cachemire",,,,,,,,,,4.07
Dior,Poison Girl Eau de Toilette Roller Pearl,https://www.fragrantica.fr/parfum/Dior/Poison-Girl-Eau-de-Toilette-Roller-Pearl-53830.html,femme,Extrait de Parfum,2018,"citrus;vanilla;sweet;caramel;powdery;amber;white floral;rose;f_gender","Orange givrée;Bigarade;Citron","Rose de Grasse;Rose de Damas;Fleur d'oranger;Néroli","Vanille;Caramel;Fève de tonka;Bois de cachemire;Héliotrope",,,,,,,,,,4.02
Dior,Poison Girl Unexpected,https://www.fragrantica.fr/parfum/Dior/Poison-Girl-Unexpected-48031.html,femme,Extrait de Parfum,2018,"vanilla;citrus;fresh spicy;sweet;fresh;woody;powdery;nutty;f_gender","Gingembre;Orange sanguine;Citron",Rose de Damas,"Vanille;Fève de tonka;Noisette;Bois de cachemire",,,,,,,,,,3.97
Dior,Poison Girl Unexpected Roller Pearl,https://www.fragrantica.fr/parfum/Dior/Poison-Girl-Unexpected-Roller-Pearl-53831.html,femme,Extrait de Parfum,2018,"citrus;vanilla;fresh spicy;sweet;fresh;woody;powdery;rose;f_gender","Orange sanguine;Gingembre;Citron",Rose de Damas,"Vanille;Fève de tonka;Noisette;Bois de cachemire",,,,,,,,,,4.16
Dior,Pure Poison,https://www.fragrantica.fr/parfum/Dior/Pure-Poison-214.html,femme,Extrait de Parfum,2004,"white floral;citrus;woody;powdery;animalic;sweet;amber;lactonic;f_gender","Jasmin;Orange;Bergamote;Mandarine de Sicile","Gardénia;Fleur d'oranger","Bois de santal;Ambre blanc;Cèdre;Musc blanc",,très longue tenue,énorme,,,,,,,4.04
Dior,Pure Poison Elixir,https://www.fragrantica.fr/parfum/Dior/Pure-Poison-Elixir-796.html,femme,Extrait de Parfum,2006,"white floral;citrus;cacao;vanilla;sweet;warm spicy;amber;animalic;f_gender","Jasmin;Mandarine;Petit-grain;Bergamote","Fleur d'oranger d'Afrique;Gardénia","Cacao;Vanille;Ambre",,,,,,,,,,4.35
Dior,Tendre Poison,https://www.fragrantica.fr/parfum/Dior/Tendre-Poison-220.html,femme,Extrait de Parfum,1994,"white floral;citrus;floral;tuberose;sweet;powdery;honey;woody;f_gender","Ase fétide;Bergamote;Palissandre du Brésil;Mandarine","Tubéreuse;Miel;Fleur d'oranger;Freesia;Rose","Musc;Bois de santal;Héliotrope;Vanille",,,,,,,,,,4.06
Dior,Sauvage,https://www.fragrantica.fr/parfum/Dior/Sauvage-31861.html,homme,Eau de Parfum,2015,"fresh spicy;amber;citrus;aromatic;musky;woody;lavender;herbal;f_gender","Bergamote de Calabre;Poivre","Poivre du Sichuan;Lavande;Poivre rose;Vétiver;Patchouli;Géranium;Élémi","Ambroxan;Cèdre;Ciste",,faible,modéré (e),,,,,,,3.85
Dior,Sauvage Eau de Parfum,https://www.fragrantica.fr/parfum/Dior/Sauvage-Eau-de-Parfum-48100.html,homme,Eau de Parfum,2018,"fresh spicy;citrus;amber;lavender;musky;aromatic;herbal;anis;f_gender",Bergamote,"Poivre du Sichuan;Lavande;Badiane de Chine;Noix de muscade","Ambroxan;Vanille",,faible,énorme,,,,,,,4.21
Dior,Sauvage Eau de Parfum Into The Wild,https://www.fragrantica.fr/parfum/Dior/Sauvage-Eau-de-Parfum-Into-The-Wild-114983.html,homme,Eau de Parfum,2025,"fresh spicy;amber;citrus;anis;lavender;soft spicy;vanilla;floral;f_gender",Bergamote,"Badiane de Chine;Lavande;Poivre du Sichuan;Noix de muscade","Ambroxan;Vanille",,,,,,,,,,2.48
Dior,Sauvage Eau de Toilette Into The Wild,https://www.fragrantica.fr/parfum/Dior/Sauvage-Eau-de-Toilette-Into-The-Wild-114982.html,homme,Eau de Parfum,2025,"fresh spicy;aromatic;citrus;amber;herbal;lavender;musky;rose;f_gender","Bergamote de Calabre;Poivre","Géranium;Poivre du Sichuan;Lavande;Élémi;Poivre rose;Patchouli;Vétiver","Ambroxan;Ciste;Cèdre",,,,,,,,,,2.27
Dior,Sauvage Eau Forte,https://www.fragrantica.fr/parfum/Dior/Sauvage-Eau-Forte-95863.html,homme,Eau de Parfum,2024,"lavender;aromatic;musky;warm spicy;woody;powdery;fresh spicy;balsamic;f_gender","Epices;Résine d'élémi",Lavande,"Musc;Notes boisées",,,,,,,,,,2.44
Dior,Sauvage Elixir,https://www.fragrantica.fr/parfum/Dior/Sauvage-Elixir-68415.html,homme,Eau de Parfum,2021,"warm spicy;fresh spicy;woody;aromatic;lavender;soft spicy;cinnamon;amber;f_gender","Noix de muscade;Cannelle;Cardamome;Pamplemousse",Lavande,"Réglisse;Bois de santal;Ambre;Patchouli;Vétiver de Haïti",,,,,,,,,,4.30
Dior,Sauvage Extrait,https://www.fragrantica.fr/parfum/Dior/Sauvage-Extrait-138704.html,homme,Eau de Parfum,2026,"woody;amber;lavender;aromatic;citrus;fresh spicy;musky;patchouli;f_gender","Bergamote;Lavande;Ambroxan",Oud vietnamien,"Cèdre de Virginie;Cèdre Atlas;Patchouli;Vétiver",,,,,,,,,,3.80
Dior,Sauvage Parfum,https://www.fragrantica.fr/parfum/Dior/Sauvage-Parfum-56324.html,homme,Eau de Parfum,2019,"citrus;woody;amber;aromatic;vanilla;fresh spicy;warm spicy;powdery;f_gender","Bergamote;Mandarine;Élémi",Bois de santal,"Résine oliban;Fève de tonka;Vanille",,très longue tenue,énorme,,,,,,,4.11
Dior,Sauvage Parfum Into The Wild,https://www.fragrantica.fr/parfum/Dior/Sauvage-Parfum-Into-The-Wild-114984.html,homme,Eau de Parfum,2025,"citrus;fresh spicy;woody;aromatic;amber;powdery;warm spicy;balsamic;f_gender","Bergamote;Mandarine;Élémi",Bois de santal,"Encens;Fève de tonka;Vanille",,,,,,,,,,2.35
Dior,Sauvage Rare Blend,https://www.fragrantica.fr/parfum/Dior/Sauvage-Rare-Blend-118815.html,homme,Eau de Parfum,2025,"vanilla;oud;amber;musky;balsamic;powdery;sweet;woody;f_gender",,,,"Ciste;Oud;Vanille",,,,,,,,,1.66
Dior,Sauvage Very Cool Spray,https://www.fragrantica.fr/parfum/Dior/Sauvage-Very-Cool-Spray-43933.html,homme,Eau de Parfum,2017,"fresh spicy;citrus;aromatic;amber;woody;musky;lavender;herbal;f_gender","Pamplemousse;Bergamote;Poivre","Lavande;Poivre du Sichuan;Poivre rose;Géranium;Patchouli;Vétiver;Élémi","Ambroxan;Cèdre",,,,,,,,,,4.22
Dior,Dolce Vita Parfum,https://www.fragrantica.fr/parfum/Dior/Dolce-Vita-Parfum-33769.html,femme,Eau de Parfum,1994,"warm spicy;powdery;woody;vanilla;fruity;citrus;sweet;floral;f_gender","Pêche;Cardamome;Lys;Bergamote;Rose;Pamplemousse","Abricot;Cannelle;Palissandre;Héliotrope;Lys;Magnolia","Vanille;Noix de Coco;Bois de santal;Cèdre",,,,,,,,,,4.38
Dior,Eau de Cologne aux Fleurs Fraîches,https://www.fragrantica.fr/parfum/Dior/Eau-de-Cologne-aux-Fleurs-Fraiches-87549.html,unisexe,Eau de Parfum,,"white floral;citrus;mossy;rose;fresh;earthy;floral;aromatic","Citron;Verveine odorante","Jasmin;Eau de rose;Muguet",Mousse de chêne,,faible,modéré (e),,,,,,,2.12
Dior,Eau de Cologne Fraîche,https://www.fragrantica.fr/parfum/Dior/Eau-de-Cologne-Fraiche-69860.html,unisexe,Eau de Parfum,1952,"citrus;mossy;woody;earthy;aromatic;white floral;sweet;amber","Citron;Verveine odorante","Palissandre;Jasmin;Rose","Mousse de chêne;Patchouli",,,,,,,,,,4.47
Dior,Dior Addict extrait de parfum,https://www.fragrantica.fr/parfum/Dior/Dior-Addict-extrait-de-parfum-114371.html,femme,Extrait de Parfum,2002,"white floral;vanilla;sweet;citrus;fruity;rose;aromatic;amber;f_gender","Fleur d'oranger de Tunisie;Feuille de mandarinier;Mûre","Reine de la nuit;Jasmin Sambac;Rose","Santal de Mysore;Vanille bourbon;Fève de tonka",,très longue tenue,modéré (e),,,,,,,4.83
Dior,Dioressence Eau Parfumee,https://www.fragrantica.fr/parfum/Dior/Dioressence-Eau-Parfumee-63691.html,femme,Eau de Parfum,1969,"animalic;amber;citrus;warm spicy;fresh spicy;floral;aromatic;powdery;f_gender","Fruits;Bergamote;Orange;Aldéhydes;Notes vertes;Patchouli","Œillet;Géranium;Violette;Racine d'iris;Jasmin;Rose;Ylang-ylang;Tubéreuse;Cannelle","Notes animales;Ambre gris;Vanille;Mousse de chêne;Benjoin;Musc;Patchouli;Vétiver;Styrax",,,,,,,,,,4.35
Dior,Dioressence Parfum,https://www.fragrantica.fr/parfum/Dior/Dioressence-Parfum-33768.html,femme,Eau de Parfum,1979,"warm spicy;floral;citrus;powdery;green;fresh spicy;woody;white floral;f_gender","Notes vertes;Patchouli;Aldéhydes;Bergamote;Notes fruitées;Orange","Œillet;Racine d'iris;Géranium;Cannelle;Violette;Rose;Tubéreuse;Jasmin;Ylang-ylang","Patchouli;Benjoin;Musc;Vanille",,,,,,,,,,4.52
Dior,Dune Esprit de Parfum,https://www.fragrantica.fr/parfum/Dior/Dune-Esprit-de-Parfum-29213.html,femme,Eau de Parfum,1994,"woody;amber;floral;sweet;warm spicy;citrus;yellow floral;rose;f_gender","Palissandre;Pivoine;Mandarine;Aldéhydes;Bergamote","Ajonc;Giroflée;Rose;Ylang-ylang;Lys;Jasmin","Ambre;Bois de santal;Benjoin;Mousse;Patchouli;Vanille",,longue tenue,puissant,,,,,,,4.55
Dior,Dune Parfum,https://www.fragrantica.fr/parfum/Dior/Dune-Parfum-85003.html,femme,Eau de Parfum,1991,"woody;floral;amber;balsamic;warm spicy;white floral;rose;patchouli;f_gender","Palissandre du Brésil;Aldéhydes;Pivoine;Mandarine;Bergamote","Giroflée;Rose;Lys;Jasmin;Ylang-ylang","Patchouli;Bois de santal;Ambre gris;Benjoin;Mousse de chêne;Musc;Vanille",,longue tenue,puissant,,,,,,,4.40
Dior,Eau Sauvage 100% Glaçon,https://www.fragrantica.fr/parfum/Dior/Eau-Sauvage-100-Glacon-36113.html,unisexe,Eau de Parfum,2001,"aromatic;citrus;fresh spicy;green;fresh;amber;fruity;powdery","Agrumes;Basilic;Citron;Notes fruitées;Menthe","Coriandre;Rose;Racine d'iris;Patchouli","Ambre;Musc",,,,,,,,,,4.21
Dior,Fahrenheit Cologne,https://www.fragrantica.fr/parfum/Dior/Fahrenheit-Cologne-34582.html,homme,Eau de Parfum,2015,"citrus;woody;violet;fresh spicy;aromatic;powdery;floral;earthy;f_gender","Bergamote de Calabre;Mandarine de Sicile;Citron","Violette de France;Patchouli","Vétiver de Haïti;Noix de muscade;Cèdre de Virginie;Carvi",,modéré (e),modéré (e),,,,,,,4.15
Dior,Hypnotic Poison Collector Rubis,https://www.fragrantica.fr/parfum/Dior/Hypnotic-Poison-Collector-Rubis-65948.html,femme,Extrait de Parfum,2009,"musky;woody;balsamic;powdery;sweet;fresh spicy;vanilla;white floral;f_gender",,,,"Palissandre du Brésil;Musc;Cumin;Jasmin Sambac;Vanille;Amande amère",modéré (e),modéré (e),,,,,,,4.70
Dior,Poison Eau de Cologne,https://www.fragrantica.fr/parfum/Dior/Poison-Eau-de-Cologne-42581.html,femme,Extrait de Parfum,1985,"woody;amber;sweet;fruity;white floral;warm spicy;powdery;balsamic;f_gender","Prune;Baies sauvages;Coriandre;Anis;Palissandre;Quatre-épices","Tubéreuse;Encens;Miel blanc;Opoponax;Cannelle;Rose;Clou de girofle;Jasmin;Fleur d'oranger","Musc;Ambre;Vanille;Héliotrope;Bois de santal;Vétiver;Cèdre de Virginie",,,,,,,,,,4.42
Dior,Poison Parfum,https://www.fragrantica.fr/parfum/Dior/Poison-Parfum-99474.html,femme,Extrait de Parfum,1992,"woody;amber;warm spicy;sweet;aromatic;white floral;floral;powdery;f_gender","Baies sauvages;Coriandre;Miel;Prune;Poivre;Anis;Palissandre du Brésil","Tubéreuse;Résine oliban;Cannelle;Opoponax;Néroli;Œillet;Jasmin;Rose","Bois de santal;Ambre;Cèdre;Vanille;Héliotrope;Vétiver;Musc",,très longue tenue,énorme,,,,,,,4.46
Dior,Tendre Poison Parfum,https://www.fragrantica.fr/parfum/Dior/Tendre-Poison-Parfum-78485.html,femme,Extrait de Parfum,1994,"citrus;powdery;woody;vanilla;floral;green;fresh spicy;white floral;f_gender","Ase fétide;Palissandre du Brésil;Férule gommeuse;Bergamote;Tangerine","Rose;Tubéreuse;Freesia;Miel;Néroli;Orange","Héliotrope;Bois de santal;Vanille;Musc",,longue tenue,puissant,,,,,,,4.62
Louis Vuitton,Ink Mark,https://www.fragrantica.fr/parfum/Louis-Vuitton/Ink-Mark-115407.html,unisexe,Eau de Parfum,2025,"woody;powdery;warm spicy;aromatic;balsamic",,,,,,,,,,,,,4.44
Louis Vuitton,Moon Tale,https://www.fragrantica.fr/parfum/Louis-Vuitton/Moon-Tale-115408.html,unisexe,Eau de Parfum,2025,"floral;fruity;white floral;fresh;sweet;rose;citrus;aquatic",,,,"Pivoine;Framboise;Jasmin Sambac;Magnolia;Géranium rosat",,,,,,,,,4.53
Louis Vuitton,Rain Tea,https://www.fragrantica.fr/parfum/Louis-Vuitton/Rain-Tea-115406.html,unisexe,Eau de Parfum,2025,"citrus;fresh spicy;green;aromatic;herbal;fresh;ozonic",,,,"Thé;Citronnelle;Magnolia;Notes boisées;Rose",,,,,,,,,4.46
Louis Vuitton,Tea Storm,https://www.fragrantica.fr/parfum/Louis-Vuitton/Tea-Storm-138914.html,unisexe,Eau de Parfum,2026,"citrus;fresh spicy;green;fresh;aromatic;herbal;ozonic;floral",Citronnelle,"Magnolia;Rose",Thé,,,,,,,,,,5.00
Louis Vuitton,Cosmic Cloud,https://www.fragrantica.fr/parfum/Louis-Vuitton/Cosmic-Cloud-68355.html,unisexe,Eau de Parfum,2021,"musky;powdery;fruity;animalic;sweet;citrus;soft spicy;aromatic",,,,"Musc;Cassis;Bergamote;Patchouli",,,,,,,,,3.72
Louis Vuitton,Dancing Blossom,https://www.fragrantica.fr/parfum/Louis-Vuitton/Dancing-Blossom-68358.html,unisexe,Eau de Parfum,2021,"white floral;rose;floral;tuberose;fruity;animalic;lactonic;soft spicy",,,,"Rose de Mai;Jasmin Sambac;Tubéreuse;Osmanthus",très longue tenue,énorme,,,,,,,4.04
Louis Vuitton,Fantasmagory,https://www.fragrantica.fr/parfum/Louis-Vuitton/Fantasmagory-116625.html,unisexe,Eau de Parfum,2025,"vanilla;almond;nutty;sweet;fruity;powdery;balsamic;soft spicy","Anis;Gingembre","Amande;Notes fleuries","Vanille;Cuir",,,,,,,,,,4.28
Louis Vuitton,Myriad,https://www.fragrantica.fr/parfum/Louis-Vuitton/Myriad-85363.html,unisexe,Eau de Parfum,2023,"oud;rose;warm spicy;metallic;leather;tobacco;fresh spicy;floral",Safran,"Rose de Bulgarie;Rose de Grasse","Oud;Ambrette;Cacao;Musc blanc",,,,,,,,,,3.87
Louis Vuitton,Rhapsody,https://www.fragrantica.fr/parfum/Louis-Vuitton/Rhapsody-68359.html,unisexe,Eau de Parfum,2021,"mossy;earthy;aromatic;fresh spicy;fresh;white floral;green;woody",,,,"Mousse de chêne;Maté;Muguet;Jasmin;Rose;Patchouli;Vétiver",,,,,,,,,4.15
Louis Vuitton,Stellar Times,https://www.fragrantica.fr/parfum/Louis-Vuitton/Stellar-Times-68356.html,unisexe,Eau de Parfum,2021,"white floral;amber;woody;citrus;animalic;sweet;soapy;powdery",,,,"Fleur d'oranger;Ambre;Notes boisées",très longue tenue,énorme,,,,,,,4.44
Louis Vuitton,Symphony,https://www.fragrantica.fr/parfum/Louis-Vuitton/Symphony-68357.html,unisexe,Eau de Parfum,2021,"citrus;fresh spicy;aromatic;floral;bitter;green;powdery;woody",,,,"Pamplemousse;Bergamote;Gingembre",,,,,,,,,4.47
Louis Vuitton,Afternoon Swim,https://www.fragrantica.fr/parfum/Louis-Vuitton/Afternoon-Swim-53947.html,unisexe,Eau de Parfum,2019,"citrus;fresh spicy;sweet;aromatic;amber;fruity;aldehydic;green",,,,"Mandarine;Orange de Sicile;Bergamote;Ambre gris;Gingembre",,,,,,,,,4.43
Louis Vuitton,Ambre Levant,https://www.fragrantica.fr/parfum/Louis-Vuitton/Ambre-Levant-122775.html,unisexe,Eau de Parfum,2026,"amber;oud;balsamic;animalic;smoky;warm spicy;cinnamon;musky","Cannelle;Mandarine","Encens;Poivre blanc","Ambre;Ambre gris;Oud;Ciste",,très longue tenue,énorme,,,,,,,4.32
Louis Vuitton,Apogée,https://www.fragrantica.fr/parfum/Louis-Vuitton/Apogee-40498.html,femme,Eau de Parfum,2016,"white floral;floral;fresh;citrus;green;musky;rose;soapy;f_gender","Tangerine;Orange","Muguet;Magnolia;Jasmin;Rose","Musc blanc;Gaïac;Bois de santal",,,,,,,,,,4.07
Louis Vuitton,Attrape-Rêves,https://www.fragrantica.fr/parfum/Louis-Vuitton/Attrape-Reves-51016.html,femme,Extrait de Parfum,2018,"rose;floral;fresh;fruity;tropical;aquatic;cacao;warm spicy;f_gender","Litchi;Bergamote;Gingembre","Pivoine;Rose de Turquie;Cacao",Patchouli,,,,,,,,,,4.33
Louis Vuitton,Au Hasard,https://www.fragrantica.fr/parfum/Louis-Vuitton/Au-Hasard-49756.html,homme,Eau de Parfum,2018,"musky;woody;powdery;warm spicy;leather;aromatic;fruity;animalic;f_gender","Bergamote;Citron;Aldéhydes","Poire;Cardamome;Freesia;Notes vertes;Néroli","Cuir;Musc;Bois de santal;Ambrette;Bois de cachemire",,très longue tenue,énorme,,,,,,,4.37
Louis Vuitton,Cactus Garden,https://www.fragrantica.fr/parfum/Louis-Vuitton/Cactus-Garden-53946.html,unisexe,Eau de Parfum,2019,"citrus;fresh spicy;aromatic;herbal;green;woody;fresh;floral",,,,"Citronnelle;Bergamote de Calabre;Maté",,,,,,,,,4.32
Louis Vuitton,California Dream,https://www.fragrantica.fr/parfum/Louis-Vuitton/California-Dream-60388.html,unisexe,Eau de Parfum,2020,"citrus;musky;fruity;sweet;powdery;aquatic;fresh;green",,,,"Mandarine;Musc;Poire;Ambrette;Benjoin",longue tenue,puissant,,,,,,,4.17
Louis Vuitton,City Of Stars,https://www.fragrantica.fr/parfum/Louis-Vuitton/City-Of-Stars-73344.html,unisexe,Eau de Parfum,2022,"citrus;powdery;white floral;musky;fresh spicy;sweet;fruity;aromatic","Orange sanguine;Citron vert;Mandarine sanguine;Citron;Bergamote",Fleur de tiaré,"Notes poudrées;Musc;Bois de santal",,longue tenue,puissant,,,,,,,4.33
Louis Vuitton,Cœur Battant,https://www.fragrantica.fr/parfum/Louis-Vuitton/Coeur-Battant-57129.html,femme,Extrait de Parfum,2019,"yellow floral;white floral;fruity;sweet;aquatic;fresh;green;floral;f_gender","Poire;Cascalone;Ambrette","Jasmin d'Egypte;Narcisse;Ylang-ylang","Mousse;Patchouli",,longue tenue,puissant,,,,,,,4.09
Louis Vuitton,Contre Moi,https://www.fragrantica.fr/parfum/Louis-Vuitton/Contre-Moi-40501.html,femme,Extrait de Parfum,2016,"vanilla;citrus;floral;sweet;cacao;powdery;musky;warm spicy;f_gender","Citron;Bergamote;Notes herbacées","Magnolia;Fleur d'oranger;Poire;Rose","Vanille de Tahiti;Vanille de Madagascar;Cacao;Ambrette",,modéré (e),modéré (e),,,,,,,4.15
Louis Vuitton,Dans la Peau,https://www.fragrantica.fr/parfum/Louis-Vuitton/Dans-la-Peau-40500.html,femme,Eau de Parfum,2016,"leather;floral;yellow floral;fruity;animalic;green;powdery;lactonic;f_gender","Abricot;Notes aquatiques","Narcisse;Magnolia;Jasmin","Cuir;Musc",,très longue tenue,énorme,,,,,,,4.34
Louis Vuitton,eLVes,https://www.fragrantica.fr/parfum/Louis-Vuitton/eLVes-104087.html,femme,Eau de Parfum,2025,"fruity;rose;coconut;sweet;floral;amber;white floral;fresh;f_gender","Pêche;Cassis;Gingembre;Cannelle","Rose de Bulgarie;Rose;Lait de coco;Muguet;Violette","Ambroxan;Patchouli",,longue tenue,puissant,,,,,,,4.00
Louis Vuitton,Étoile Filante,https://www.fragrantica.fr/parfum/Louis-Vuitton/Etoile-Filante-64314.html,femme,Eau de Parfum,2021,"fruity;floral;sweet;musky;white floral;powdery;citrus;lactonic;f_gender",Fraise,"Osmanthus;Jasmin;Magnolia",Musc blanc,,,,,,,,,,3.89
Louis Vuitton,Fleur du Désert,https://www.fragrantica.fr/parfum/Louis-Vuitton/Fleur-du-Desert-73006.html,unisexe,Eau de Parfum,2022,"white floral;rose;oud;amber;floral;citrus;sweet;honey","Miel;Cannelle","Jasmin;Fleur d'oranger;Rose","Oud;Ambroxan;Ambrette",,très longue tenue,énorme,,,,,,,4.36
Louis Vuitton,Heures d'Absence,https://www.fragrantica.fr/parfum/Louis-Vuitton/Heures-d-Absence-59485.html,femme,Eau de Parfum,2020,"white floral;sweet;powdery;yellow floral;rose;floral;fruity;musky;f_gender","Jasmin Sambac;Rose de Mai","Mimosa;Pittosporum;Framboise","Musc;Vanille;Bois de santal",,,,,,,,,,4.23
Louis Vuitton,Imagination,https://www.fragrantica.fr/parfum/Louis-Vuitton/Imagination-67370.html,homme,Eau de Parfum,2021,"citrus;fresh spicy;fresh;green;amber;aromatic;sweet;white floral;f_gender","Cédrat;Bergamote de Calabre;Orange de Sicile","Néroli de Tunisie;Gingembre du Nigeria;Cannelle Ceylan","Thé noir chinois;Ambroxan;Gaïac;Résine oliban",,,,,,,,,,4.53
Louis Vuitton,L’Immensité,https://www.fragrantica.fr/parfum/Louis-Vuitton/L-Immensite-49751.html,homme,Eau de Parfum,2018,"aromatic;fresh spicy;citrus;amber;herbal;aquatic;fresh;musky;f_gender","Pamplemousse;Bergamote;Gingembre","Romarin;Sauge;Géranium;Notes aquatiques","Ambroxan;Ambre;Ciste",,,,,,,,,,4.34
Louis Vuitton,Le Jour se Lève,https://www.fragrantica.fr/parfum/Louis-Vuitton/Le-Jour-se-Leve-48305.html,femme,Eau de Parfum,2018,"citrus;fresh spicy;aromatic;green;floral;white floral;fruity;sweet;f_gender","Pamplemousse;Mandarine;Orange;Bergamote;Cassis","Jasmin Sambac;Muguet;Notes vertes;Magnolia;Osmanthus;Pivoine;Rose","Musc blanc;Iso E Super;Vanilline;Vanille",,,,,,,,,,4.24
Louis Vuitton,Les Sables Roses,https://www.fragrantica.fr/parfum/Louis-Vuitton/Les-Sables-Roses-55040.html,unisexe,Eau de Parfum,2019,"rose;oud;amber;warm spicy;animalic;metallic;floral;leather",,,,"Rose;Rose de Bulgarie;Oud;Ambre gris;Safran;Poivre noir",,,,,,,,,4.42
Louis Vuitton,LV Lovers,https://www.fragrantica.fr/parfum/Louis-Vuitton/LV-Lovers-93785.html,homme,Eau de Parfum,2024,"woody;green;aromatic;powdery;balsamic;warm spicy;bitter;fresh spicy;f_gender","Férule gommeuse;Bergamote","Gingembre;Notes solaires","Bois de santal;Cèdre",,,,,,,,,,4.10
Louis Vuitton,LV x TM Spell On You,https://www.fragrantica.fr/parfum/Louis-Vuitton/LV-x-TM-Spell-On-You-107114.html,femme,Eau de Parfum,2025,"powdery;floral;violet;iris;musky;white floral;rose;fruity;f_gender","Iris de Toscane;Violette;Notes vertes","Iris de Toscane;Jasmin de Chine;Rose","Acacia;Pêche;Musc blanc",,modéré (e),modéré (e),,,,,,,4.93
Louis Vuitton,LV x TM Spell On You V.2,https://www.fragrantica.fr/parfum/Louis-Vuitton/LV-x-TM-Spell-On-You-V-2-107115.html,femme,Eau de Parfum,2025,"powdery;floral;violet;iris;musky;white floral;rose;fruity;f_gender","Iris de Toscane;Violette;Notes vertes","Iris de Toscane;Jasmin de Chine;Rose","Acacia;Pêche;Musc blanc",,longue tenue,puissant,,,,,,,4.93
Louis Vuitton,LVERS Copper Edition,https://www.fragrantica.fr/parfum/Louis-Vuitton/LVERS-Copper-Edition-108426.html,homme,Eau de Parfum,2025,"woody;green;powdery;aromatic;balsamic;warm spicy;bitter;herbal;f_gender","Férule gommeuse;Bergamote",Gingembre,"Bois de santal;Cèdre",,,,,,,,,,2.19
Louis Vuitton,Matière Noire,https://www.fragrantica.fr/parfum/Louis-Vuitton/Matiere-Noire-40496.html,femme,Eau de Parfum,2016,"floral;rose;oud;fruity;amber;fresh;yellow floral;warm spicy;f_gender","Sirop de cassis;Notes aquatiques","Rose;Cyclamen;Narcisse;Jasmin Sambac","Oud;Benjoin;Encens;Patchouli",,,,,,,,,,4.09
Louis Vuitton,Météore,https://www.fragrantica.fr/parfum/Louis-Vuitton/Meteore-62251.html,homme,Eau de Parfum,2020,"citrus;fresh spicy;sweet;aromatic;green;floral;fruity;aldehydic;f_gender","Mandarine;Bergamote de Calabre;Orange de Sicile","Néroli de Tunisie;Noix de muscade d'Indonésie;Poivre rose;Poivre;Cardamome du Guatémala",Huile de vétiver de Java,,longue tenue,puissant,,,,,,,4.26
Louis Vuitton,Mille Feux,https://www.fragrantica.fr/parfum/Louis-Vuitton/Mille-Feux-40497.html,femme,Eau de Parfum,2016,"fruity;leather;rose;floral;iris;sweet;warm spicy;earthy;f_gender","Framboise;Bergamote","Rose;Safran;Osmanthus;Iris;Jasmin","Cuir;Racine d'iris;Mousse;Bois de santal;Patchouli",,longue tenue,puissant,,,,,,,4.08
Louis Vuitton,Monogram Attrape-Rêves,https://www.fragrantica.fr/parfum/Louis-Vuitton/Monogram-Attrape-Reves-122038.html,femme,Eau de Parfum,2026,"fresh;floral;fruity;tropical;rose;aquatic;cacao;f_gender",Litchi,"Pivoine;Cacao",Patchouli,,,,,,,,,,4.88
Louis Vuitton,Monogram eLVes,https://www.fragrantica.fr/parfum/Louis-Vuitton/Monogram-eLVes-122132.html,femme,Eau de Parfum,2026,"fruity;sweet;rose;coconut;lactonic;floral;vanilla;tropical;f_gender","Pêche;Cassis;Gingembre;Cannelle","Notes fruitées;Rose;Lait de coco;Muguet","Ambroxan;Patchouli",,très longue tenue,énorme,,,,,,,4.74
Louis Vuitton,Monogram Imagination,https://www.fragrantica.fr/parfum/Louis-Vuitton/Monogram-Imagination-122037.html,homme,Eau de Parfum,2026,"citrus;fresh;fresh spicy;green;aromatic;ozonic;floral;powdery;f_gender","Agrumes;Bergamote","Néroli;Epices","Thé noir chinois;Ambroxan;Ambre",,longue tenue,puissant,,,,,,,4.79
Louis Vuitton,Nouveau Monde,https://www.fragrantica.fr/parfum/Louis-Vuitton/Nouveau-Monde-49753.html,homme,Eau de Parfum,2018,"warm spicy;leather;oud;cacao;rose;caramel;vanilla;sweet;f_gender",,,,"Oud;Cuir;Cacao;Rose;Safran;Caramel;Vanille;Amberwood;Résine oliban;Patchouli;Cassis",très longue tenue,énorme,,,,,,,4.24
Louis Vuitton,Nuit de Feu,https://www.fragrantica.fr/parfum/Louis-Vuitton/Nuit-de-Feu-60031.html,unisexe,Eau de Parfum,2020,"amber;smoky;oud;leather;balsamic;warm spicy;fresh spicy;animalic",,,,"Encens;Oud;Cuir;Résine oliban;Musc",,,,,,,,,4.08
Louis Vuitton,Ombre Nomade,https://www.fragrantica.fr/parfum/Louis-Vuitton/Ombre-Nomade-49755.html,unisexe,Eau de Parfum,2018,"amber;warm spicy;oud;smoky;rose;leather;woody;fruity",,,,"Oud;Rose;Encens;Framboise;Safran;Amberwood;Benjoin;Bouleau;Géranium",,,,,,,,,4.26
Louis Vuitton,On The Beach,https://www.fragrantica.fr/parfum/Louis-Vuitton/On-The-Beach-66060.html,unisexe,Eau de Parfum,2021,"aromatic;fresh spicy;woody;citrus;green;sweet;bitter;floral","Yuzu;Néroli","Romarin;Thym;Sable;Clou de girofle;Poivre rose",Cyprès,,,,,,,,,,4.31
Louis Vuitton,Orage,https://www.fragrantica.fr/parfum/Louis-Vuitton/Orage-49752.html,homme,Eau de Parfum,2018,"citrus;aromatic;fresh spicy;woody;earthy;floral;green;patchouli;f_gender","Bergamote;Pamplemousse","Hedione;Iris;Poivre","Huile de vétiver de Java;Patchouli;Iso E Super;Musc blanc",,longue tenue,puissant,,,,,,,4.31
Louis Vuitton,Pacific Chill,https://www.fragrantica.fr/parfum/Louis-Vuitton/Pacific-Chill-81423.html,unisexe,Eau de Parfum,2023,"citrus;fresh spicy;aromatic;green;fruity;sweet;fresh;powdery","Cédrat;Orange;Citron;Menthe;Cassis;Coriandre","Abricot;Basilic;Graines de carotte;Rose de Mai","Figue;Dattes;Ambrette",,,,,,,,,,4.45
Louis Vuitton,Pur Ambre,https://www.fragrantica.fr/parfum/Louis-Vuitton/Pur-Ambre-90204.html,unisexe,Eau de Parfum,2024,"amber;animalic;musky;balsamic;salty;marine",,,,"Ambre gris;Ambroxan",,,,,,,,,4.63
Louis Vuitton,Pur Oud,https://www.fragrantica.fr/parfum/Louis-Vuitton/Pur-Oud-66436.html,unisexe,Eau de Parfum,2021,"oud;fresh spicy",,,,"Oud;Ambrettolide;Helvetolide",,,,,,,,,3.79
Louis Vuitton,Pur Santal,https://www.fragrantica.fr/parfum/Louis-Vuitton/Pur-Santal-90205.html,unisexe,Eau de Parfum,2024,"musky;powdery;woody;warm spicy;balsamic;animalic;aromatic;sweet",,,,"Bois de santal;Musc",,,,,,,,,4.67
Louis Vuitton,Rose des Vents,https://www.fragrantica.fr/parfum/Louis-Vuitton/Rose-des-Vents-40495.html,femme,Eau de Parfum,2016,"rose;powdery;iris;green;musky;floral;fruity;woody;f_gender","Pêche;Notes vertes;Cassis","Rose de Mai;Rose;Rose de Turquie;Iris","Musc blanc;Racine d'iris;Cèdre;Feuille de violette;Poivre",,longue tenue,modéré (e),,,,,,,4.00
Louis Vuitton,Spell On You,https://www.fragrantica.fr/parfum/Louis-Vuitton/Spell-On-You-68960.html,femme,Eau de Parfum,2021,"powdery;floral;violet;iris;rose;musky;white floral;fruity;f_gender","Violette;Iris de Toscane;Notes vertes","Iris de Toscane;Rose;Jasmin de Chine","Acacia;Pêche;Musc blanc",,,,,,,,,,4.13
Louis Vuitton,Sun Song,https://www.fragrantica.fr/parfum/Louis-Vuitton/Sun-Song-53945.html,unisexe,Eau de Parfum,2019,"citrus;white floral;sweet;soapy;animalic;fresh;aldehydic;musky",Cédrat,Fleur d'oranger,Musc,,très longue tenue,énorme,,,,,,,4.38
Louis Vuitton,Sun Song 2025,https://www.fragrantica.fr/parfum/Louis-Vuitton/Sun-Song-2025-107116.html,unisexe,Eau de Parfum,2025,"citrus;white floral;aromatic;green;fresh;fresh spicy;soapy;sweet","Citron;Petit-grain","Néroli;Fleur d'oranger",Musc,,,,,,,,,,4.28
Louis Vuitton,Sur la Route,https://www.fragrantica.fr/parfum/Louis-Vuitton/Sur-la-Route-49754.html,homme,Eau de Parfum,2018,"citrus;fresh;green;woody;aromatic;fresh spicy;floral;powdery;f_gender","Agrumes;Bergamote de Calabre;Citron;Poivre rose","Herbe;Hedione;Noix de muscade;Cardamome","Cèdre;Cuir;Baumier du Pérou;Iso E Super;Patchouli",,,,,,,,,,4.43
Louis Vuitton,Turbulences,https://www.fragrantica.fr/parfum/Louis-Vuitton/Turbulences-40499.html,femme,Eau de Parfum,2016,"white floral;tuberose;animalic;floral;leather;musky;green;citrus;f_gender",Jasmin,"Tubéreuse;Magnolia;Rose","Cuir;Musc;Bois de santal",,,,,,,,,,3.97
Louis Vuitton,Eau de Voyage,https://www.fragrantica.fr/parfum/Louis-Vuitton/Eau-de-Voyage-39153.html,unisexe,Eau de Parfum,1946,,,,,,,,,,,,,,4.29
Louis Vuitton,Heures d’Absence (1927),https://www.fragrantica.fr/parfum/Louis-Vuitton/Heures-d-Absence-1927-39152.html,unisexe,Eau de Parfum,1927,,,,,,très longue tenue,énorme,,,,,,,3.33
Louis Vuitton,Je Tu Il,https://www.fragrantica.fr/parfum/Louis-Vuitton/Je-Tu-Il-39155.html,unisexe,Eau de Parfum,1928,,,,,,,,,,,,,,3.30
Louis Vuitton,Reminiscences,https://www.fragrantica.fr/parfum/Louis-Vuitton/Reminiscences-39154.html,unisexe,Eau de Parfum,1946,,,,,,faible,énorme,,,,,,,4.00
Louis Vuitton,Sur la Route (vintage),https://www.fragrantica.fr/parfum/Louis-Vuitton/Sur-la-Route-vintage-39156.html,unisexe,Eau de Parfum,1927,,,,,,très longue tenue,énorme,,,,,,,4.31
Giorgio Armani,Armani,https://www.fragrantica.fr/parfum/Giorgio-Armani/Armani-827.html,femme,Eau de Parfum,1981,"green;aromatic;woody;balsamic;amber;mossy;floral;white floral;f_gender","Férule gommeuse;Souci;Aldéhydes;Bergamote;Ananas;Menthe","Narcisse;Racine d'iris;Tubéreuse;Rose;Jasmin;Cyclamen;Muguet;Orchidée","Mousse de chêne;Benjoin;Cèdre;Ambre;Bois de santal;Fève de tonka;Musc",,,,,,,,,,4.31
Giorgio Armani,Giò,https://www.fragrantica.fr/parfum/Giorgio-Armani/Gio-418.html,femme,Eau de Parfum,1992,"white floral;warm spicy;woody;floral;amber;tuberose;powdery;citrus;f_gender","Jasmin;Jacinthe;Mandarine de Sicile;Rose rouge;Palissandre du Brésil;Bergamote;Violette","Tubéreuse;Gardénia;Œillet;Clou de girofle;Pêche;Fleur d'oranger;Fleurs blanches;Myrrhe;Ylang-ylang;Iris;Racine d'iris;Cannelle de Chine;Muguet","Ambre;Bois de santal;Styrax;Vanille;Musc;Cèdre",,très longue tenue,puissant,,,,,,,4.28
Giorgio Armani,I Will,https://www.fragrantica.fr/parfum/Giorgio-Armani/I-Will-138759.html,homme,Eau de Parfum,2026,"vanilla;lavender;leather;aromatic;ozonic;aquatic;animalic;fresh spicy;f_gender","Bergamote;Cardamome","Feuille de violette;Lavande","Vanille;Cuir;Notes boisées",,,,,,,,,,4.35
Giorgio Armani,Acqua di Gio,https://www.fragrantica.fr/parfum/Giorgio-Armani/Acqua-di-Gio-410.html,homme,Eau de Parfum,1996,"citrus;aromatic;marine;fresh spicy;floral;woody;fresh;white floral;f_gender","Citron vert;Citron;Bergamote;Jasmin;Orange;Mandarine;Néroli","Notes marines;Jasmin;Calone;Romarin;Pêche;Freesia;Jacinthe;Cyclamen;Violette;Coriandre;Rose;Noix de muscade;Réséda","Musc blanc;Cèdre;Mousse de chêne;Patchouli;Ambre",,,,,,,,,,4.13
Giorgio Armani,Acqua di Gio,https://www.fragrantica.fr/parfum/Giorgio-Armani/Acqua-di-Gio-411.html,femme,Eau de Parfum,1995,"floral;fresh;white floral;green;rose;fruity;sweet;vodka;f_gender","Pivoine;Vodka au musc;Ananas;Citron;Pêche;Feuille de bananier;Violette","Muguet;Jacinthe;Lys;Jasmin;Freesia;Calone;Ylang-ylang;Rose","Musc;Cèdre;Bois de santal;Ambre;Styrax",,,,,,,,,,3.98
Giorgio Armani,Acqua di Gio - Acqua di Life Edition,https://www.fragrantica.fr/parfum/Giorgio-Armani/Acqua-di-Gio-Acqua-di-Life-Edition-11755.html,homme,Eau de Parfum,2011,"marine;aromatic;fresh spicy;citrus;amber;sweet;salty;green;f_gender","Eau de mer;Bergamote;Néroli","Kaki;Cresson;Romarin","Ambre;Ciste de France;Patchouli",,modéré (e),modéré (e),,,,,,,4.10
Giorgio Armani,Acqua di Giò Absolu,https://www.fragrantica.fr/parfum/Giorgio-Armani/Acqua-di-Gio-Absolu-48138.html,homme,Eau de Parfum,2018,"aromatic;woody;citrus;fresh spicy;amber;marine;fruity;warm spicy;f_gender","Notes marines;Bergamote;Poire;Pomme;Pamplemousse;Citron","Lavande;Romarin;Géranium","Notes boisées;Fève de tonka;Amberwood;Patchouli;Ciste",,très longue tenue,puissant,,,,,,,4.11
Giorgio Armani,Acqua di Giò Absolu Instinct,https://www.fragrantica.fr/parfum/Giorgio-Armani/Acqua-di-Gio-Absolu-Instinct-53764.html,homme,Eau de Parfum,2019,"woody;citrus;marine;aromatic;amber;warm spicy;aquatic;patchouli;f_gender","Notes marines;Citron;Bergamote","Algue;Patchouli","Amberwood;Bois d'ébène",,,,,,,,,,4.07
Giorgio Armani,Acqua di Gio Blue Edition Pour Homme,https://www.fragrantica.fr/parfum/Giorgio-Armani/Acqua-di-Gio-Blue-Edition-Pour-Homme-25615.html,homme,Eau de Parfum,2014,"citrus;aquatic;fresh spicy;white floral;floral;fresh;amber;aromatic;f_gender",,,,"Notes aquatiques;Bergamote de Calabre;Jasmin;Mandarine;Kaki;Capucine;Patchouli;Romarin;Ciste;Néroli;Ambre",,,,,,,,,4.10
Giorgio Armani,Acqua di Giò Eau de Parfum,https://www.fragrantica.fr/parfum/Giorgio-Armani/Acqua-di-Gio-Eau-de-Parfum-71606.html,homme,Eau de Parfum,2022,"aromatic;marine;mineral;citrus;fresh spicy;lavender;salty;woody;f_gender","Notes marines;Mandarine verte","Sauge sclarée;Lavande;Géranium","Notes minérales;Vétiver;Patchouli",,,,,,,,,,4.05
Giorgio Armani,Acqua di Giò Eau de Parfum Intense,https://www.fragrantica.fr/parfum/Giorgio-Armani/Acqua-di-Gio-Eau-de-Parfum-Intense-122311.html,homme,Eau de Parfum,2026,"aromatic;marine;fruity;woody;citrus;fresh;fresh spicy;green;f_gender","Pomme verte;Bergamote de Calabre","Notes marines;Sauge sclarée","Notes boisées;Ambre",,modéré (e),modéré (e),,,,,,,3.90
Giorgio Armani,Acqua di Giò Elixir,https://www.fragrantica.fr/parfum/Giorgio-Armani/Acqua-di-Gio-Elixir-101438.html,homme,Eau de Parfum,2025,"aquatic;citrus;ozonic;woody;fresh spicy;leather;patchouli;aromatic;f_gender","Bergamote;Mandarine verte;Noix de muscade","Notes aquatiques;Feuille de violette","Cuir;Patchouli;Vétiver;Ciste",,,,,,,,,,4.13
Giorgio Armani,Acqua di Gio Essenza,https://www.fragrantica.fr/parfum/Giorgio-Armani/Acqua-di-Gio-Essenza-14825.html,homme,Eau de Parfum,2012,"fresh spicy;aromatic;citrus;fresh;aquatic;woody;floral;amber;f_gender","Notes aquatiques;Bergamote;Pamplemousse;Calone","Basilic;Notes fleuries;Jasmin;Sauge","Poivre;Cèdre;Musc;Vétiver;Ambre gris;Sauge sclarée;Ambre;Patchouli",,longue tenue,modéré (e),,,,,,,4.33
Giorgio Armani,Acqua di Giò Parfum,https://www.fragrantica.fr/parfum/Giorgio-Armani/Acqua-di-Gio-Parfum-81508.html,homme,Eau de Parfum,2023,"aromatic;fresh spicy;marine;woody;citrus;amber;patchouli;warm spicy;f_gender","Notes marines;Bergamote","Romarin;Sauge sclarée;Géranium","Résine oliban;Patchouli",,,,,,,,,,4.44
Giorgio Armani,Acqua di Giò Profondo,https://www.fragrantica.fr/parfum/Giorgio-Armani/Acqua-di-Gio-Profondo-59532.html,homme,Eau de Parfum,2020,"marine;aromatic;citrus;fresh spicy;fresh;woody;mineral;salty;f_gender","Notes marines;Aquozone;Bergamote;Mandarine verte","Romarin;Lavande;Cyprès;Lentisque","Notes minérales;Musc;Patchouli;Ambre",,,,,,,,,,4.33
Giorgio Armani,Acqua di Giò Profondo Eau de Parfum (2024),https://www.fragrantica.fr/parfum/Giorgio-Armani/Acqua-di-Gio-Profondo-Eau-de-Parfum-2024-105624.html,homme,Eau de Parfum,2024,"aromatic;marine;citrus;woody;mineral;fresh spicy;salty;lavender;f_gender","Notes marines;Mandarine verte","Romarin;Lavande","Notes minérales;Ambre gris;Musc;Cèdre;Patchouli",,,,,,,,,,4.44
Giorgio Armani,Acqua di Giò Profondo Eau de Toilette,https://www.fragrantica.fr/parfum/Giorgio-Armani/Acqua-di-Gio-Profondo-Eau-de-Toilette-106317.html,homme,Eau de Parfum,2025,"citrus;fresh;woody;aromatic;mineral;ozonic;lavender;fresh spicy;f_gender","Citron;Pamplemousse;Epices","Calone;Lavande;Cyprès","Notes minérales;Notes boisées;Patchouli",,,,,,,,,,4.05
Giorgio Armani,Acqua di Giò Profondo Lights,https://www.fragrantica.fr/parfum/Giorgio-Armani/Acqua-di-Gio-Profondo-Lights-66265.html,homme,Eau de Parfum,2021,"aromatic;woody;fresh spicy;marine;citrus;balsamic;warm spicy;lavender;f_gender","Notes marines;Mandarine verte;Cardamome","Romarin;Sapin baumier;Cyprès;Lentisque;Extrait de lavande","Cèdre;Vétiver;Patchouli",,modéré (e),modéré (e),,,,,,,4.11
Giorgio Armani,Acqua di Giò Profondo Parfum,https://www.fragrantica.fr/parfum/Giorgio-Armani/Acqua-di-Gio-Profondo-Parfum-90451.html,homme,Eau de Parfum,2024,"marine;citrus;aromatic;patchouli;yellow floral;salty;amber;woody;f_gender","Notes marines;Mandarine verte",Mimosa,"Patchouli;Ciste",,modéré (e),modéré (e),,,,,,,3.99
Giorgio Armani,Acqua di Giò Profumo,https://www.fragrantica.fr/parfum/Giorgio-Armani/Acqua-di-Gio-Profumo-29727.html,homme,Eau de Parfum,2015,"aromatic;marine;fresh spicy;amber;woody;smoky;warm spicy;citrus;f_gender","Notes marines;Bergamote","Romarin;Sauge;Géranium","Encens;Patchouli",,,,,,,,,,4.43
Giorgio Armani,Acqua di Gio Profumo Special Blend,https://www.fragrantica.fr/parfum/Giorgio-Armani/Acqua-di-Gio-Profumo-Special-Blend-46467.html,homme,Eau de Parfum,2017,"aromatic;fresh spicy;marine;woody;patchouli;warm spicy;amber;balsamic;f_gender","Notes marines;Bergamote","Sauge;Romarin;Géranium","Patchouli;Encens",,longue tenue,modéré (e),,,,,,,4.38
Giorgio Armani,Acqua di Gioia,https://www.fragrantica.fr/parfum/Giorgio-Armani/Acqua-di-Gioia-8442.html,femme,Eau de Parfum,2010,"citrus;aromatic;green;white floral;fresh spicy;woody;fresh;sweet;f_gender","Limone Costa d'Amalfi;Menthe",Jasmin d'eau,"Cèdre de Virginie;Cassonade;Ciste de France",,,,,,,,,,3.93
Giorgio Armani,Acqua di Gioia Eau de Parfum Satinee,https://www.fragrantica.fr/parfum/Giorgio-Armani/Acqua-di-Gioia-Eau-de-Parfum-Satinee-14402.html,femme,Eau de Parfum,2012,"fresh;green;citrus;aquatic;aromatic;white floral;floral;woody;f_gender","Menthe;Mojito;Limone Costa d'Amalfi","Notes aquatiques;Jasmin;Pivoine;Poivre rose","Cèdre de Virginie;Ciste de France",,,,,,,,,,4.06
Giorgio Armani,Acqua di Gioia Eau de Toilette,https://www.fragrantica.fr/parfum/Giorgio-Armani/Acqua-di-Gioia-Eau-de-Toilette-24452.html,femme,Eau de Parfum,2014,"fresh;citrus;fruity;floral;aquatic;woody;white floral;ozonic;f_gender","Citron;Poire;Feuille de violette;Cassis","Pivoine;Jasmin Sambac;Jasmin","Cèdre;Bois de cachemire",,modéré (e),modéré (e),,,,,,,3.89
Giorgio Armani,Acqua Di Gioia Eau Fraiche,https://www.fragrantica.fr/parfum/Giorgio-Armani/Acqua-Di-Gioia-Eau-Fraiche-17566.html,femme,Eau de Parfum,2013,"citrus;aquatic;fresh;sweet;white floral;green;aromatic;woody;f_gender","Citron;Pamplemousse;Mandarine","Notes aquatiques;Jasmin d'eau;Thé;Ylang-ylang","Cassonade;Musc;Cèdre",,,,,,,,,,3.99
Giorgio Armani,Acqua di Gioia Essenza,https://www.fragrantica.fr/parfum/Giorgio-Armani/Acqua-di-Gioia-Essenza-12402.html,femme,Eau de Parfum,2011,"sweet;white floral;green;aromatic;woody;citrus;musky;vanilla;f_gender","Menthe;Limone Costa d'Amalfi;Poivre rose",Jasmin,"Sucre;Bois de cachemire;Cèdre de Virginie",,longue tenue,puissant,,,,,,,3.84
Giorgio Armani,Acqua di Gioia Hair & Body Mist,https://www.fragrantica.fr/parfum/Giorgio-Armani/Acqua-di-Gioia-Hair-Body-Mist-50128.html,femme,Eau de Parfum,2018,"floral;fresh;aromatic;green;woody;citrus;sweet;white floral;f_gender","Menthe;Citron","Pivoine;Jasmin Sambac;Poivre rose","Cèdre;Cassonade;Ciste",,faible,puissant,,,,,,,3.94
Giorgio Armani,Acqua di Gioia Intense,https://www.fragrantica.fr/parfum/Giorgio-Armani/Acqua-di-Gioia-Intense-90952.html,femme,Eau de Parfum,2024,"citrus;fresh;fruity;white floral;musky;woody;rose;powdery;f_gender","Agrumes;Fruits rouges","Jasmin;Rose de Damas","Musc;Notes boisées",,,,,,,,,,4.03
Giorgio Armani,Acqua Di Gioia Jasmine,https://www.fragrantica.fr/parfum/Giorgio-Armani/Acqua-Di-Gioia-Jasmine-30621.html,femme,Eau de Parfum,2015,"white floral;green;fruity;fresh;ozonic;sweet;aquatic;citrus;f_gender","Pomme verte;Feuille de violette;Citron;Férule gommeuse","Jasmin d'eau;Jasmin","Cassonade;Musc;Cèdre",,modéré (e),modéré (e),,,,,,,3.75
Giorgio Armani,Air di Gioia,https://www.fragrantica.fr/parfum/Giorgio-Armani/Air-di-Gioia-36599.html,femme,Eau de Parfum,2016,"woody;floral;fresh;citrus;salty;white floral;aromatic;earthy;f_gender","Sel;Néroli;Mandarine","Pivoine;Fleur d'oranger;Ylang-ylang","Cyprès;Mousse;Patchouli;Bois de cachemire",,,,,,,,,,3.71
Giorgio Armani,Light di Gioia,https://www.fragrantica.fr/parfum/Giorgio-Armani/Light-di-Gioia-54301.html,femme,Eau de Parfum,2019,"white floral;citrus;musky;woody;lactonic;fresh spicy;animalic;powdery;f_gender",Bergamote,"Gardénia;Jasmin","Musc blanc;Notes boisées",,modéré (e),modéré (e),,,,,,,3.69
Giorgio Armani,Ocean di Gioia,https://www.fragrantica.fr/parfum/Giorgio-Armani/Ocean-di-Gioia-59809.html,femme,Eau de Parfum,2020,"white floral;green;fresh;fruity;citrus;sweet;musky;aquatic;f_gender","Poire;Notes vertes;Agrumes","Jasmin d'eau;Muguet;Sel;Rose","Musc;Bois de santal",,modéré (e),modéré (e),,,,,,,4.12
Giorgio Armani,Sky di Gioia,https://www.fragrantica.fr/parfum/Giorgio-Armani/Sky-di-Gioia-43587.html,femme,Eau de Parfum,2016,"fruity;fresh;rose;floral;tropical;sweet;musky;aquatic;f_gender","Litchi;Poire","Pivoine rose;Rose","Musc blanc;Mûre;Cèdre",,,,,,,,,,3.75
Giorgio Armani,Sun di Gioia,https://www.fragrantica.fr/parfum/Giorgio-Armani/Sun-di-Gioia-36600.html,femme,Eau de Parfum,2016,"floral;amber;vanilla;tropical;yellow floral;citrus;sweet;powdery;f_gender","Freesia;Bergamote","Frangipanier;Ylang-ylang;Jasmin Sambac","Vanille;Ambroxan;Benjoin;Iris",,,,,,,,,,3.88
Giorgio Armani,Terra di Gioia,https://www.fragrantica.fr/parfum/Giorgio-Armani/Terra-di-Gioia-66409.html,femme,Eau de Parfum,2021,"floral;sweet;amber;woody;white floral;musky;fruity;citrus;f_gender","Poire;Mandarine;Bergamote","Fleur d'amandier;Jasmin","Amberwood;Musc",,,,,,,,,,3.88
Giorgio Armani,Armani Attitude,https://www.fragrantica.fr/parfum/Giorgio-Armani/Armani-Attitude-1067.html,homme,Eau de Parfum,2007,"warm spicy;woody;amber;patchouli;coffee;aromatic;lavender;citrus;f_gender","Café;Citron de Sicile","Lavande;Cardamome","Patchouli;Ambre;Opoponax;Cèdre de Chine",,modéré (e),modéré (e),,,,,,,4.38
Giorgio Armani,Attitude Extreme,https://www.fragrantica.fr/parfum/Giorgio-Armani/Attitude-Extreme-5743.html,homme,Eau de Parfum,2009,"warm spicy;soft spicy;anis;coffee;woody;amber;citrus;aromatic;f_gender",,,,"Badiane de Chine;Café;Ambre;Cardamome;Limone Costa d'Amalfi;Patchouli;Cèdre de Virginie",,,,,,,,,4.37
Giorgio Armani,Armani Code,https://www.fragrantica.fr/parfum/Giorgio-Armani/Armani-Code-412.html,homme,Eau de Parfum,2004,"citrus;leather;anis;soft spicy;floral;tobacco;sweet;aromatic;f_gender","Citron;Bergamote","Badiane de Chine;Fleur d'olivier;Gaïac","Cuir;Fève de tonka;Tabac",,,,,,,,,,4.17
Giorgio Armani,Armani Code A-List,https://www.fragrantica.fr/parfum/Giorgio-Armani/Armani-Code-A-List-49501.html,homme,Eau de Parfum,2018,"citrus;aromatic;lavender;woody;vanilla;sweet;amber;fresh spicy;f_gender","Mandarine verte;Bergamote",Lavande,"Fève de tonka;Gaïac",,,,,,,,,,4.12
Giorgio Armani,Armani Code Absolu,https://www.fragrantica.fr/parfum/Giorgio-Armani/Armani-Code-Absolu-53106.html,homme,Eau de Parfum,2019,"vanilla;powdery;sweet;fresh spicy;citrus;leather;amber;musky;f_gender","Mandarine verte;Pomme","Noix de muscade;Fleur d'oranger;Graines de carotte","Vanille;Fève de tonka;Daim;Notes boisées",,modéré (e),énorme,,,,,,,4.40
Giorgio Armani,Armani Code Absolu Femme,https://www.fragrantica.fr/parfum/Giorgio-Armani/Armani-Code-Absolu-Femme-54302.html,femme,Eau de Parfum,2019,"white floral;vanilla;citrus;tuberose;sweet;powdery;fresh spicy;fresh;f_gender","Néroli;Gingembre;Mandarine","Tubéreuse;Fleur d'oranger;Jasmin","Vanille;Fève de tonka;Bois de santal",,longue tenue,puissant,,,,,,,4.01
Giorgio Armani,Armani Code Absolu Gold,https://www.fragrantica.fr/parfum/Giorgio-Armani/Armani-Code-Absolu-Gold-59334.html,homme,Eau de Parfum,2020,"amber;warm spicy;woody;vanilla;iris;powdery;citrus;fruity;f_gender","Mandarine;Pomme verte","Iris;Safran","Fève de tonka;Benjoin;Gaïac;Cèdre",,,,,,,,,,4.43
Giorgio Armani,Armani Code Cashmere,https://www.fragrantica.fr/parfum/Giorgio-Armani/Armani-Code-Cashmere-42278.html,femme,Eau de Parfum,2017,"almond;white floral;powdery;leather;nutty;floral;sweet;fruity;f_gender","Fleur d'oranger;Jasmin Sambac","Lait d'amande;Héliotrope;Iris","Daim;Cuir;Encens;Patchouli",,,,,,,,,,4.17
Giorgio Armani,Armani Code Casino Limited Edition 2008,https://www.fragrantica.fr/parfum/Giorgio-Armani/Armani-Code-Casino-Limited-Edition-2008-3051.html,homme,Eau de Parfum,2008,"citrus;woody;aromatic;vanilla;fresh spicy;amber;sweet;smoky;f_gender","Bergamote;Citron",,"Gaïac;Fève de tonka",,modéré (e),modéré (e),,,,,,,4.30
Giorgio Armani,Armani Code Colonia,https://www.fragrantica.fr/parfum/Giorgio-Armani/Armani-Code-Colonia-42895.html,homme,Eau de Parfum,2017,"citrus;amber;vanilla;aromatic;sweet;woody;white floral;powdery;f_gender","Bergamote;Mandarine;Poivre rose","Fleur d'oranger;Sauge sclarée;Amyl Salicylate","Fève de tonka;Amberwood;Héliotrope",,,,,,,,,,3.99
Giorgio Armani,Armani Code Couture Edition,https://www.fragrantica.fr/parfum/Giorgio-Armani/Armani-Code-Couture-Edition-17126.html,femme,Eau de Parfum,2012,"citrus;sweet;floral;vanilla;fruity;white floral;fresh spicy;honey;f_gender","Orange sanguine;Petit-grain;Poire;Gingembre;Bergamote","Fleur d'oranger;Mirabilis;Osmanthus","Miel;Cuir;Vanille;Fève de tonka;Cèdre",,,,,,,,,,4.32
Giorgio Armani,Armani Code Eau de Parfum,https://www.fragrantica.fr/parfum/Giorgio-Armani/Armani-Code-Eau-de-Parfum-65581.html,homme,Eau de Parfum,2021,"vanilla;citrus;aromatic;musky;powdery;lavender;sweet;leather;f_gender","Lavande;Citron;Bergamote",Fève de tonka,"Vanille;Daim;Musc;Cèdre",,,,,,,,,,4.35
Giorgio Armani,Armani Code Eau de Parfum (2024),https://www.fragrantica.fr/parfum/Giorgio-Armani/Armani-Code-Eau-de-Parfum-2024-96540.html,homme,Eau de Parfum,2024,"fresh spicy;vanilla;amber;citrus;sweet;aromatic;warm spicy;floral;f_gender",Mandarine verte,Noix de muscade,Fève de tonka,,,,,,,,,,4.29
Giorgio Armani,Armani Code Eau de Toilette,https://www.fragrantica.fr/parfum/Giorgio-Armani/Armani-Code-Eau-de-Toilette-79263.html,homme,Eau de Parfum,2023,"lavender;vanilla;aromatic;woody;citrus;amber;sweet;fresh spicy;f_gender",Mandarine verte,Lavande,"Fève de tonka;Cèdre",,,,,,,,,,4.10
Giorgio Armani,Armani Code Elixir,https://www.fragrantica.fr/parfum/Giorgio-Armani/Armani-Code-Elixir-1738.html,femme,Eau de Parfum,2007,,,,,,très longue tenue,énorme,,,,,,,4.38
Giorgio Armani,Armani Code Elixir,https://www.fragrantica.fr/parfum/Giorgio-Armani/Armani-Code-Elixir-106074.html,homme,Eau de Parfum,2025,"leather;animalic;vanilla;amber;alcohol;citrus;smoky;sweet;f_gender",Mandarine verte,"Cuir;Liqueur",Fève de tonka,,longue tenue,modéré (e),,,,,,,3.70
Giorgio Armani,Armani Code for Women,https://www.fragrantica.fr/parfum/Giorgio-Armani/Armani-Code-for-Women-413.html,femme,Eau de Parfum,2006,"citrus;white floral;sweet;vanilla;honey;fresh spicy;fresh;powdery;f_gender","Orange d'Italie;Jasmin;Bigarade","Jasmin;Fleur d'oranger;Gingembre","Miel;Vanille;Bois de santal",,,,,,,,,,4.00
Giorgio Armani,Armani Code Golden Edition,https://www.fragrantica.fr/parfum/Giorgio-Armani/Armani-Code-Golden-Edition-21934.html,homme,Eau de Parfum,2013,"citrus;leather;woody;aromatic;floral;sweet;tobacco;vanilla;f_gender","Bergamote;Citron","Fleur d'olivier;Gaïac;Badiane de Chine","Cuir;Fève de tonka;Tabac",,,,,,,,,,3.93
Giorgio Armani,Armani Code Ice,https://www.fragrantica.fr/parfum/Giorgio-Armani/Armani-Code-Ice-24601.html,homme,Eau de Parfum,2014,"fresh spicy;aromatic;green;citrus;woody;lavender;fresh;herbal;f_gender","Menthe;Gingembre;Citron","Lavande;Géranium;Sauge","Notes boisées;Gaïac;Fève de tonka",,modéré (e),modéré (e),,,,,,,3.78
Giorgio Armani,Armani Code Le Parfum,https://www.fragrantica.fr/parfum/Giorgio-Armani/Armani-Code-Le-Parfum-4957.html,femme,Extrait de Parfum,2008,"fresh spicy;white floral;citrus;fresh;rose;fruity;sweet;floral;f_gender",,,,"Gingembre;Jasmin;Rose;Orange;Poire",modéré (e),modéré (e),,,,,,,3.85
Giorgio Armani,Armani Code Luna,https://www.fragrantica.fr/parfum/Giorgio-Armani/Armani-Code-Luna-14611.html,femme,Eau de Parfum,2012,"citrus;vanilla;sweet;white floral;floral;fruity;aromatic;fresh;f_gender","Bigarade;Bergamote;Petit-grain;Poire","Fleur d'oranger;Osmanthus;Mirabilis","Vanille;Fève de tonka;Cuir;Cèdre",,modéré (e),modéré (e),,,,,,,3.89
Giorgio Armani,Armani Code Mirror Edition,https://www.fragrantica.fr/parfum/Giorgio-Armani/Armani-Code-Mirror-Edition-5204.html,femme,Eau de Parfum,2008,"citrus;white floral;sweet;vanilla;honey;fresh;floral;powdery;f_gender","Orange d'Italie;Bigarade;Jasmin","Jasmin;Fleur d'oranger","Vanille;Miel",,,,,,,,,,3.59
Giorgio Armani,Armani Code Parfum,https://www.fragrantica.fr/parfum/Giorgio-Armani/Armani-Code-Parfum-75126.html,homme,Eau de Parfum,2022,"iris;aromatic;powdery;woody;citrus;vanilla;earthy;aldehydic;f_gender","Bergamote;Feuille de bergamote","Iris;Aldéhydes;Sauge sclarée;Racine d'iris","Fève de tonka;Cèdre",,faible,puissant,,,,,,,4.40
Giorgio Armani,Armani Code Profumo,https://www.fragrantica.fr/parfum/Giorgio-Armani/Armani-Code-Profumo-34761.html,homme,Eau de Parfum,2016,"amber;vanilla;warm spicy;aromatic;leather;fresh spicy;sweet;animalic;f_gender","Cardamome;Pomme verte;Mandarine verte","Noix de muscade;Lavande;Fleur d'oranger","Fève de tonka;Ambre;Cuir",,modéré (e),énorme,,,,,,,4.27
Giorgio Armani,Armani Code Satin,https://www.fragrantica.fr/parfum/Giorgio-Armani/Armani-Code-Satin-31664.html,femme,Eau de Parfum,2015,"sweet;white floral;vanilla;cacao;warm spicy;citrus;fresh spicy;fresh;f_gender","Gingembre;Sorbet;Poire","Fleur d'oranger;Néroli;Jasmin","Vanille;Cacao;Praliné;Patchouli",,,,,,,,,,4.14
Giorgio Armani,Armani Code Sheer,https://www.fragrantica.fr/parfum/Giorgio-Armani/Armani-Code-Sheer-1046.html,femme,Eau de Parfum,2007,"white floral;fresh;floral;musky;woody;citrus;soapy;powdery;f_gender",Fleur d'oranger d'Afrique,"Cyclamen;Jasmin;Muguet","Musc;Notes boisées",,,,,,,,,,3.80
Giorgio Armani,Armani Code Special Blend,https://www.fragrantica.fr/parfum/Giorgio-Armani/Armani-Code-Special-Blend-31954.html,homme,Eau de Parfum,2015,"citrus;woody;anis;aromatic;floral;soft spicy;sweet;tobacco;f_gender","Néroli;Mandarine;Bergamote","Badiane de Chine;Fleur d'olivier;Estragon","Fève de tonka;Gaïac;Tabac;Cèdre",,longue tenue,puissant,,,,,,,4.34
Giorgio Armani,Armani Code Sport,https://www.fragrantica.fr/parfum/Giorgio-Armani/Armani-Code-Sport-11649.html,homme,Eau de Parfum,2011,"citrus;aromatic;green;fresh spicy;fresh;aquatic;fruity;amber;f_gender","Menthe;Mandarine","Citron;Fleur de gingembre","Notes aquatiques;Vétiver;Ambre",,longue tenue,modéré (e),,,,,,,4.08
Giorgio Armani,Armani Code Sport Athlete,https://www.fragrantica.fr/parfum/Giorgio-Armani/Armani-Code-Sport-Athlete-14936.html,homme,Eau de Parfum,2012,"citrus;fresh spicy;fresh;aromatic;green;aquatic;woody;amber;f_gender",,,,"Agrumes;Fleur de gingembre;Menthe;Notes aquatiques;Vétiver;Encens;Poivre rose",longue tenue,modéré (e),,,,,,,4.45
Giorgio Armani,Armani Code Sport Edition 2016,https://www.fragrantica.fr/parfum/Giorgio-Armani/Armani-Code-Sport-Edition-2016-39648.html,homme,Eau de Parfum,2016,"aromatic;fresh spicy;citrus;green;amber;woody;fresh;musky;f_gender","Menthe;Menthe poivrée;Citron de Sicile;Mandarine","Gingembre;Géranium","Ambroxan;Romarin;Vétiver;Ciste",,longue tenue,modéré (e),,,,,,,4.27
Giorgio Armani,Armani Code Summer pour Femme,https://www.fragrantica.fr/parfum/Giorgio-Armani/Armani-Code-Summer-pour-Femme-5746.html,femme,Eau de Parfum,2009,"white floral;citrus;fresh;aquatic;fresh spicy;sweet;floral;fruity;f_gender","Notes aquatiques;Bigarade;Néroli;Poire","Fleur d'oranger d'Afrique;Jasmin;Gingembre;Cyclamen","Musc;Notes boisées;Vanille",,modéré (e),modéré (e),,,,,,,4.06
Giorgio Armani,Armani Code Summer Pour Femme 2010,https://www.fragrantica.fr/parfum/Giorgio-Armani/Armani-Code-Summer-Pour-Femme-2010-7905.html,femme,Eau de Parfum,2010,"citrus;white floral;fresh;fresh spicy;floral;fruity;sweet;musky;f_gender","Bigarade;Néroli;Poire","Gingembre;Jasmin;Cyclamen;Fleur d'oranger d'Afrique","Musc;Vanille;Notes boisées",,,,,,,,,,4.07
Giorgio Armani,Armani Code Summer Pour Femme 2011,https://www.fragrantica.fr/parfum/Giorgio-Armani/Armani-Code-Summer-Pour-Femme-2011-12358.html,femme,Eau de Parfum,2011,"citrus;white floral;fresh;fruity;sweet;fresh spicy;floral;woody;f_gender","Bigarade;Néroli;Poire","Fleur d'oranger d'Afrique;Jasmin;Gingembre;Cyclamen","Musc;Notes boisées;Vanille",,,,,,,,,,3.99
Giorgio Armani,Armani Code Summer pour Homme,https://www.fragrantica.fr/parfum/Giorgio-Armani/Armani-Code-Summer-pour-Homme-5747.html,homme,Eau de Parfum,2009,"citrus;woody;aromatic;fresh spicy;marine;powdery;amber;musky;f_gender","Pamplemousse;Néroli;Eau de mer;Bergamote","Rose;Cèdre de Virginie;Estragon","Gaïac;Ambre;Musc",,modéré (e),modéré (e),,,,,,,4.22
Giorgio Armani,Armani Code Summer Pour Homme 2010,https://www.fragrantica.fr/parfum/Giorgio-Armani/Armani-Code-Summer-Pour-Homme-2010-7906.html,homme,Eau de Parfum,2010,"citrus;aromatic;floral;marine;fresh spicy;woody;rose;powdery;f_gender",,,,,,,,,,,,,4.39
Giorgio Armani,Armani Code Summer Pour Homme 2011,https://www.fragrantica.fr/parfum/Giorgio-Armani/Armani-Code-Summer-Pour-Homme-2011-12357.html,homme,Eau de Parfum,2011,"citrus;woody;aromatic;green;fresh spicy;rose;herbal;amber;f_gender","Pamplemousse;Bergamote;Néroli;Eau de mer","Feuille d'olivier;Rose;Estragon;Cèdre de Virginie","Ambre;Musc;Gaïac;Mousse de chêne",,faible,modéré (e),,,,,,,4.15
Giorgio Armani,Armani Code Turquoise for Men,https://www.fragrantica.fr/parfum/Giorgio-Armani/Armani-Code-Turquoise-for-Men-30324.html,homme,Eau de Parfum,2015,"woody;citrus;musky;powdery;white floral;amber;fresh spicy;aromatic;f_gender","Néroli;Pamplemousse","Olivier;Cèdre","Musc;Gaïac;Ambre",,,,,,,,,,4.11
Giorgio Armani,Armani Code Turquoise for Women,https://www.fragrantica.fr/parfum/Giorgio-Armani/Armani-Code-Turquoise-for-Women-30323.html,femme,Eau de Parfum,2015,"white floral;citrus;fresh;sweet;fresh spicy;fruity;musky;woody;f_gender","Fleur d'oranger;Néroli;Poire","Fleur d'oranger;Gingembre;Jasmin","Fleur d'oranger;Musc;Bois blancs;Vanille",,modéré (e),modéré (e),,,,,,,3.88
Giorgio Armani,Armani Code Ultimate,https://www.fragrantica.fr/parfum/Giorgio-Armani/Armani-Code-Ultimate-15718.html,homme,Eau de Parfum,2012,"vanilla;woody;powdery;sweet;floral;soft spicy;aromatic;anis;f_gender","Badiane de Chine;Pamplemousse;Mandarine","Héliotrope;Fleur d'olivier;Cèdre;Cyprès","Vanille;Fève de tonka;Gaïac",,,,,,,,,,4.21
Giorgio Armani,Armani Code Ultimate Femme,https://www.fragrantica.fr/parfum/Giorgio-Armani/Armani-Code-Ultimate-Femme-28001.html,femme,Eau de Parfum,2014,"white floral;citrus;vanilla;coffee;fresh;sweet;fresh spicy;warm spicy;f_gender","Bigarade;Gingembre;Poire","Café;Fleur d'oranger;Jasmin Sambac","Gousse de vanille;Bois exotiques",,,,,,,,,,4.28
Giorgio Armani,Armani Mania,https://www.fragrantica.fr/parfum/Giorgio-Armani/Armani-Mania-414.html,homme,Eau de Parfum,2002,"woody;citrus;musky;warm spicy;aromatic;powdery;earthy;amber;f_gender","Mandarine;Safran;Feuilles d'agrumes","Cèdre;Vétiver","Musc;Ambre",,modéré (e),modéré (e),,,,,,,4.31
Giorgio Armani,Armani Mania,https://www.fragrantica.fr/parfum/Giorgio-Armani/Armani-Mania-415.html,femme,Eau de Parfum,2004,"woody;citrus;powdery;floral;soft spicy;vanilla;fresh spicy;musky;f_gender","Poivre rose;Feuille de laurier;Orange;Cassis;Mandarine verte","Pivoine;Magnolia;Iris;Muguet","Vanille;Santal blanc;Ambre;Musc;Cèdre de Virginie",,longue tenue,puissant,,,,,,,4.11
Giorgio Armani,Mania,https://www.fragrantica.fr/parfum/Giorgio-Armani/Mania-423.html,femme,Eau de Parfum,1999,"warm spicy;amber;powdery;fresh spicy;woody;musky;citrus;vanilla;f_gender","Ciste;Vanille;Fleur d'oranger;Bergamote","Safran;Noix de muscade;Clou de girofle;Ambre","Musc blanc;Gaïac;Vanille;Iris",,,,,,,,,,4.19
Giorgio Armani,Summer Mania Eau Fraiche pour Femme,https://www.fragrantica.fr/parfum/Giorgio-Armani/Summer-Mania-Eau-Fraiche-pour-Femme-928.html,femme,Extrait de Parfum,2007,"musky;powdery;amber;woody;white floral;fruity;sweet;animalic;f_gender",Poire,Jasmin,"Musc blanc;Ambre;Bois de santal",,longue tenue,modéré (e),,,,,,,4.07
Giorgio Armani,Summer Mania Eau Fraiche pour Homme,https://www.fragrantica.fr/parfum/Giorgio-Armani/Summer-Mania-Eau-Fraiche-pour-Homme-929.html,homme,Eau de Parfum,2007,"citrus;musky;warm spicy;fresh;metallic;powdery;leather;fresh spicy;f_gender",Agrumes,Safran,Musc,,,,,,,,,,4.30
Giorgio Armani,Summer Mania Femme,https://www.fragrantica.fr/parfum/Giorgio-Armani/Summer-Mania-Femme-2705.html,femme,Eau de Parfum,2006,"floral;fruity;fresh;white floral;rose;citrus;woody;green;f_gender","Cassis;Feuille de violette;Mandarine;Orange;Cannelle de Chine;Poire","Pivoine;Jasmin;Rose;Muguet;Aubépine","Bois de santal;Ambre;Musc blanc",,,,,,,,,,4.02
Giorgio Armani,Summer Mania Homme,https://www.fragrantica.fr/parfum/Giorgio-Armani/Summer-Mania-Homme-2706.html,homme,Eau de Parfum,2006,"citrus;woody;musky;amber;powdery;warm spicy;fresh spicy;metallic;f_gender","Mandarine de Sicile;Bergamote",Safran,"Musc;Ambre;Cèdre",,très longue tenue,modéré (e),,,,,,,4.22
Giorgio Armani,Ambre Eccentrico,https://www.fragrantica.fr/parfum/Giorgio-Armani/Ambre-Eccentrico-31209.html,unisexe,Eau de Parfum,2015,"amber;warm spicy;cinnamon;fruity;sweet;vanilla;woody;patchouli",,,,"Ambre;Fruits secs;Cannelle;Fève de tonka;Patchouli;Prunol",longue tenue,puissant,,,,,,,4.31
Giorgio Armani,Ambre Soie,https://www.fragrantica.fr/parfum/Giorgio-Armani/Ambre-Soie-405.html,unisexe,Eau de Parfum,2004,"warm spicy;amber;fresh spicy;patchouli;woody;earthy;fresh;animalic",,,,"Ambre;Clou de girofle;Patchouli;Poivre;Gingembre",,,,,,,,,4.05
Giorgio Armani,Bois d'Encens,https://www.fragrantica.fr/parfum/Giorgio-Armani/Bois-d-Encens-406.html,unisexe,Eau de Parfum,2004,"woody;amber;warm spicy;aromatic;musky;earthy;balsamic;powdery",,,,"Ciste;Epices;Cèdre;Vétiver",,,,,,,,,4.29
Giorgio Armani,Cuir Amethyste,https://www.fragrantica.fr/parfum/Giorgio-Armani/Cuir-Amethyste-408.html,unisexe,Eau de Parfum,2005,"amber;woody;violet;powdery;leather;patchouli;warm spicy;smoky","Coriandre;Rose;Bergamote","Violette;Bouleau;Patchouli","Benjoin;Ciste;Vanille bourbon",,longue tenue,modéré (e),,,,,,,4.12
Giorgio Armani,Cuir Majeste,https://www.fragrantica.fr/parfum/Giorgio-Armani/Cuir-Majeste-40057.html,unisexe,Eau de Parfum,2016,"fruity;leather;sweet;rose;amber;smoky;tobacco;floral","Fruits secs;Encens;Osmanthus","Cuir;Rose de Mai;Tabac","Oud;Vanille;Mousse;Ambroxan",,,,,,,,,,4.46
Giorgio Armani,Cuir Nu Edition Murano,https://www.fragrantica.fr/parfum/Giorgio-Armani/Cuir-Nu-Edition-Murano-123101.html,unisexe,Eau de Parfum,2026,"amber;warm spicy;coffee;leather;animalic;rose;aromatic;musky","Café;Cardamome","Cuir;Rose de Damas","Ambre;Ciste;Fève de tonka",,,,,,,,,,4.17
Giorgio Armani,Eau de Jade,https://www.fragrantica.fr/parfum/Giorgio-Armani/Eau-de-Jade-403.html,unisexe,Eau de Parfum,2004,"citrus;fresh spicy;musky;aromatic;powdery;white floral;floral;green",,,,"Bergamote;Néroli de Tunisie;Musc;Poivre",,,,,,,,,4.06
Giorgio Armani,Eclat de Jasmin,https://www.fragrantica.fr/parfum/Giorgio-Armani/Eclat-de-Jasmin-1153.html,unisexe,Eau de Parfum,2007,"woody;fruity;floral;white floral;citrus;aromatic;earthy;amber","Bergamote;Citron","Jasmin;Osmanthus;Prune;Rose","Vétiver de Tahiti;Ciste;Patchouli",,,,,,,,,,4.02
Giorgio Armani,Encens Satin,https://www.fragrantica.fr/parfum/Giorgio-Armani/Encens-Satin-25990.html,unisexe,Eau de Parfum,2014,"amber;smoky;warm spicy;woody;balsamic;animalic;powdery;soft spicy",,,,"Encens;Ambre;Notes boisées;Epices",,,,,,,,,4.32
Giorgio Armani,Iris Celadon,https://www.fragrantica.fr/parfum/Giorgio-Armani/Iris-Celadon-42886.html,unisexe,Extrait de Parfum,2017,"warm spicy;iris;musky;patchouli;powdery;woody;earthy;aromatic","Iris;Cardamome;Aldéhydes;Bergamote","Iris;Chocolat;Maté","Patchouli;Musc;Ambrette",,,,,,,,,,4.01
Giorgio Armani,New York,https://www.fragrantica.fr/parfum/Giorgio-Armani/New-York-46272.html,unisexe,Extrait de Parfum,2017,"musky;powdery;fresh;amber;vanilla;floral;aldehydic;iris",,,,,,,,,,,,,4.29
Giorgio Armani,Pierre de Lune,https://www.fragrantica.fr/parfum/Giorgio-Armani/Pierre-de-Lune-404.html,unisexe,Eau de Parfum,2004,"violet;woody;powdery;iris;earthy;aromatic;fruity;fresh",,,,"Violette;Iris;Notes boisées;Cannelle de Chine",,,,,,,,,4.11
Giorgio Armani,Sable Fume,https://www.fragrantica.fr/parfum/Giorgio-Armani/Sable-Fume-31211.html,unisexe,Eau de Parfum,2015,"amber;balsamic;musky;iris;smoky;powdery;warm spicy;leather",,,,"Résines;Encens;Ambroxan;Racine d'iris;Daim;Benjoin",,,,,,,,,4.55
Giorgio Armani,Sable Or,https://www.fragrantica.fr/parfum/Giorgio-Armani/Sable-Or-31210.html,unisexe,Eau de Parfum,2015,"powdery;vanilla;warm spicy;woody;amber;iris;violet;cacao",,,,"Iris de Toscane;Bois de santal;Fève de tonka;Vanille;Cacao;Benjoin;Violette",,,,,,,,,4.37
Giorgio Armani,Cedre Olympe,https://www.fragrantica.fr/parfum/Giorgio-Armani/Cedre-Olympe-6062.html,unisexe,Eau de Parfum,2009,"woody;citrus;aromatic;amber;green;fresh spicy;balsamic;conifer",,,,"Cèdre de Virginie;Bigarade;Pin;Bergamote;Résine;Petit-grain",,,,,,,,,4.18
Giorgio Armani,Cyprès Pantelleria,https://www.fragrantica.fr/parfum/Giorgio-Armani/Cypres-Pantelleria-66244.html,unisexe,Eau de Parfum,2021,"woody;aromatic;citrus;aquatic;earthy;fresh;fresh spicy;mossy",,,,,,,,,,,,,3.93
Giorgio Armani,Figuier Eden,https://www.fragrantica.fr/parfum/Giorgio-Armani/Figuier-Eden-14878.html,unisexe,Eau de Parfum,2012,"green;fruity;citrus;fresh;sweet;woody;iris;powdery","Bergamote;Poivre rose;Mandarine","Figue;Thé;Herbe","Iris;Ambre",,,,,,,,,,4.19
Giorgio Armani,Gardénia Antigua,https://www.fragrantica.fr/parfum/Giorgio-Armani/Gardenia-Antigua-58908.html,unisexe,Eau de Parfum,2020,"white floral;yellow floral;musky;animalic;citrus;sweet;lactonic;amber","Néroli;Mandarine;Poivre rose","Gardénia;Ylang-ylang;Jasmin","Musc blanc;Ambre gris;Patchouli",,,,,,,,,,3.89
Giorgio Armani,Iris Bleu,https://www.fragrantica.fr/parfum/Giorgio-Armani/Iris-Bleu-103559.html,unisexe,Eau de Parfum,2025,"white floral;citrus;musky;woody;green;powdery;aromatic;floral","Férule gommeuse;Bergamote;Citron","Beurre d'iris;Jasmin","Musc blanc;Cèdre de Virginie;Gaïac",,,,,,,,,,4.05
Giorgio Armani,Jasmin Kusamono,https://www.fragrantica.fr/parfum/Giorgio-Armani/Jasmin-Kusamono-58909.html,femme,Eau de Parfum,2020,"white floral;fresh;woody;fruity;green;floral;soapy;aquatic;f_gender","Poire Nashi;Poivre rose","Muguet;Jasmin Sambac;Fleur d'oranger","Bois de santal;Cèdre",,,,,,,,,,4.02
Giorgio Armani,Orange Méditerranée,https://www.fragrantica.fr/parfum/Giorgio-Armani/Orange-Mediterranee-121233.html,unisexe,Eau de Parfum,2025,"citrus;fresh spicy;aromatic;fresh;rose;green;soft spicy;camphor",,,,"Bigarade;Cédrat;Thé;Pélargonium;Feuille de laurier;Pelure de citron;Bergamote;Fenouil;Géranium",,,,,,,,,4.06
Giorgio Armani,Oranger Alhambra,https://www.fragrantica.fr/parfum/Giorgio-Armani/Oranger-Alhambra-4036.html,femme,Eau de Parfum,2008,"citrus;aromatic;fresh spicy;woody;mossy;white floral;herbal;earthy;f_gender",,,,,,,,,,,,,3.94
Giorgio Armani,Orangerie Venise,https://www.fragrantica.fr/parfum/Giorgio-Armani/Orangerie-Venise-55756.html,unisexe,Eau de Parfum,2019,"citrus;fresh;aromatic;fresh spicy;woody;amber;mossy;white floral",,,,,,,,,,,,,4.03
Giorgio Armani,Pivoine Suzhou,https://www.fragrantica.fr/parfum/Giorgio-Armani/Pivoine-Suzhou-29301.html,femme,Eau de Parfum,2014,"rose;floral;fruity;fresh;sweet;musky;citrus;soft spicy;f_gender","Framboise;Poivre rose;Mandarine","Pivoine;Rose de Mai;Rose","Musc;Ambre;Patchouli",,,,,,,,,,4.09
Giorgio Armani,Pivoine Suzhou Soie de Nacre,https://www.fragrantica.fr/parfum/Giorgio-Armani/Pivoine-Suzhou-Soie-de-Nacre-41617.html,femme,Extrait de Parfum,2016,"rose;floral;fresh;fruity;sweet;musky;citrus;amber;f_gender","Framboise;Poivre rose;Mandarine","Pivoine;Rose de Mai;Rose","Musc;Ambre;Patchouli",,,,,,,,,,3.94
Giorgio Armani,Rose Alexandrie,https://www.fragrantica.fr/parfum/Giorgio-Armani/Rose-Alexandrie-2699.html,femme,Eau de Parfum,2008,"citrus;rose;floral;yellow floral;white floral;fresh spicy;powdery;green;f_gender",,,,,,,,,,,,,4.09
Giorgio Armani,Rose Milano,https://www.fragrantica.fr/parfum/Giorgio-Armani/Rose-Milano-58911.html,femme,Eau de Parfum,2020,"rose;citrus;earthy;mossy;woody;floral;patchouli;fruity;f_gender","Poire;Bergamote;Citron","Rose;Jasmin","Mousse;Patchouli",,,,,,,,,,4.00
Giorgio Armani,Rose Milano Soie de Nacre,https://www.fragrantica.fr/parfum/Giorgio-Armani/Rose-Milano-Soie-de-Nacre-79083.html,unisexe,Eau de Parfum,2023,"citrus;rose;white floral;earthy;mossy;woody;floral;patchouli","Citron;Bergamote","Rose de Damas;Jasmin","Mousse de chêne;Patchouli",,,,,,,,,,3.85
Giorgio Armani,Santal Dan Sha,https://www.fragrantica.fr/parfum/Giorgio-Armani/Santal-Dan-Sha-78477.html,unisexe,Eau de Parfum,2022,"woody;warm spicy;aromatic;powdery;fresh spicy;balsamic;citrus;amber","Cardamome du Guatémala;Bergamote de Calabre;Feuille de violette","Élémi;Résine oliban;Musc","Bois de santal;Cèdre de Virginie;Dreamwood",,,,,,,,,,4.05
Giorgio Armani,Thé Yulong,https://www.fragrantica.fr/parfum/Giorgio-Armani/The-Yulong-58907.html,unisexe,Eau de Parfum,2020,"citrus;green;white floral;aromatic;woody;earthy;fresh;floral","Mandarine;Petit-grain;Cardamome","Thé vert;Thé noir;Fleur d'oranger;Jasmin","Vétiver;Ambrette;Iris",,,,,,,,,,4.25
Giorgio Armani,Thé Yulong Eau de Toilette Edition Limitée,https://www.fragrantica.fr/parfum/Giorgio-Armani/The-Yulong-Eau-de-Toilette-Edition-Limitee-96936.html,unisexe,Eau de Parfum,2024,"citrus;green;aromatic;woody;fresh spicy;fresh;white floral;musky","Citron vert;Mandarine verte;Petit-grain","Thé noir;Thé vert;Maté;Jasmin;Fleur d'oranger","Gaïac;Ambrette;Iris",,,,,,,,,,3.97
Giorgio Armani,Thé Yulong Soie de Nacre,https://www.fragrantica.fr/parfum/Giorgio-Armani/The-Yulong-Soie-de-Nacre-70817.html,unisexe,Eau de Parfum,2021,"citrus;green;white floral;aromatic;woody;earthy;iris;floral","Petit-grain;Mandarine;Cardamome","Thé vert;Thé noir;Fleur d'oranger;Jasmin","Vétiver;Ambrette;Iris",,,,,,,,,,4.25
Giorgio Armani,Vétiver d'Hiver (Vetiver Babylone),https://www.fragrantica.fr/parfum/Giorgio-Armani/Vetiver-d-Hiver-Vetiver-Babylone-2698.html,homme,Eau de Parfum,2008,"citrus;aromatic;woody;earthy;fresh spicy;warm spicy;soft spicy;green;f_gender","Bergamote;Citron;Mandarine","Poivre rose;Cardamome;Coriandre","Vétiver;Patchouli",,,,,,,,,,4.27
Giorgio Armani,A Milano,https://www.fragrantica.fr/parfum/Giorgio-Armani/A-Milano-69489.html,unisexe,Eau de Parfum,2021,"citrus;aromatic;fresh;iris;fresh spicy;powdery;woody;lavender","Agrumes;Cédrat;Élémi","Lavande sauvage;Cyprès","Racine d'iris;Musc blanc",,,,,,,,,,4.25
Giorgio Armani,Armani Privé Charm',https://www.fragrantica.fr/parfum/Giorgio-Armani/Armani-Prive-Charm-45083.html,femme,Eau de Parfum,2017,"woody;powdery;floral;iris;musky;earthy;citrus;patchouli;f_gender","Iris;Notes fleuries;Bergamote de Calabre","Thé vert;Gaïac;Encens","Musc blanc;Patchouli;Vanille",,,,,,,,,,3.68
Giorgio Armani,Armani Prive Fil Rouge,https://www.fragrantica.fr/parfum/Giorgio-Armani/Armani-Prive-Fil-Rouge-37653.html,femme,Eau de Parfum,2016,"amber;musky;powdery;iris;aldehydic;animalic;citrus;violet;f_gender","Aldéhydes;Bergamote","Iris;Angélique","Ambre gris;Musc blanc",,,,,,,,,,3.82
Giorgio Armani,Armani Prive La Femme Bleue,https://www.fragrantica.fr/parfum/Giorgio-Armani/Armani-Prive-La-Femme-Bleue-12758.html,femme,Eau de Parfum,2011,"iris;powdery;vanilla;woody;warm spicy;cacao;amber;violet;f_gender",,,,"Iris;Vanille;Encens;Cacao;Notes boisées",,,,,,,,,4.28
Giorgio Armani,Armani Prive Laque,https://www.fragrantica.fr/parfum/Giorgio-Armani/Armani-Prive-Laque-55409.html,unisexe,Eau de Parfum,2019,"white floral;aldehydic;woody;rose;fresh;soapy;animalic;floral",Aldéhydes,"Fleurs blanches;Rose",Notes boisées orientales,,,,,,,,,,4.15
Giorgio Armani,Armani Privé Ombre & Lumiere,https://www.fragrantica.fr/parfum/Giorgio-Armani/Armani-Prive-Ombre-Lumiere-25081.html,femme,Eau de Parfum,2014,"white floral;iris;powdery;floral;musky;amber;citrus;violet;f_gender","Bergamote;Freesia","Jasmin;Iris","Ambroxan;Musc",,,,,,,,,,4.36
Giorgio Armani,Blanc Kogane,https://www.fragrantica.fr/parfum/Giorgio-Armani/Blanc-Kogane-88629.html,unisexe,Extrait de Parfum,2024,"white floral;aldehydic;musky;fresh;powdery;woody;soapy;animalic","Aldéhydes;Jasmin d'Inde","Musc blanc;Lys","Vétiver;Patchouli",,,,,,,,,,3.92
Giorgio Armani,Haute Couture en Jeu,https://www.fragrantica.fr/parfum/Giorgio-Armani/Haute-Couture-en-Jeu-100584.html,unisexe,Eau de Parfum,2024,"fresh spicy;rose;aromatic;musky;floral;herbal;citrus;powdery",,,,,,,,,,,,,4.04
Giorgio Armani,Ikat Bleu,https://www.fragrantica.fr/parfum/Giorgio-Armani/Ikat-Bleu-63629.html,unisexe,Eau de Parfum,2020,"powdery;vanilla;woody;musky;iris;smoky;balsamic;amber",,,,,,,,,,,,,4.25
Giorgio Armani,Ikat Rouge,https://www.fragrantica.fr/parfum/Giorgio-Armani/Ikat-Rouge-63630.html,unisexe,Eau de Parfum,2020,"amber;woody;citrus;powdery;smoky;iris;balsamic;warm spicy","Bergamote;Encens;Ciste","Iris;Patchouli","Ambre;Gaïac",,longue tenue,modéré (e),,,,,,,4.34
Giorgio Armani,Indigo Tanzanite,https://www.fragrantica.fr/parfum/Giorgio-Armani/Indigo-Tanzanite-71537.html,unisexe,Eau de Parfum,2022,"amber;warm spicy;patchouli;woody;almond;powdery;balsamic;vanilla","Amande;Bergamote","Héliotrope;Lait","Patchouli;Benjoin;Ciste;Baume de Tolu",,longue tenue,modéré (e),,,,,,,3.99
Giorgio Armani,La Femme Nacre,https://www.fragrantica.fr/parfum/Giorgio-Armani/La-Femme-Nacre-15216.html,femme,Eau de Parfum,2012,"iris;powdery;musky;earthy;violet;woody;floral;animalic;f_gender",,,,"Iris;Racine d'iris;Musc",modéré (e),énorme,,,,,,,4.53
Giorgio Armani,Lumières,https://www.fragrantica.fr/parfum/Giorgio-Armani/Lumieres-118320.html,femme,Eau de Parfum,2025,"aldehydic;musky;powdery;iris;fresh;warm spicy;violet;earthy;f_gender","Aldéhydes;Bergamote","Iris;Safran","Musc;Ambre",,longue tenue,modéré (e),,,,,,,3.84
Giorgio Armani,Magenta Tanzanite,https://www.fragrantica.fr/parfum/Giorgio-Armani/Magenta-Tanzanite-71536.html,unisexe,Eau de Parfum,2022,"warm spicy;vanilla;sweet;tobacco;amber;cinnamon;aromatic;coffee","Cardamome;Gingembre;Bergamote","Cannelle;Myrrhe;Café","Tabac;Vanille;Fève de tonka",,,,,,,,,,4.28
Giorgio Armani,Noir Kogane,https://www.fragrantica.fr/parfum/Giorgio-Armani/Noir-Kogane-88628.html,unisexe,Eau de Parfum,2024,"leather;aromatic;tobacco;animalic;woody;earthy;warm spicy;sweet","Tabac;Vétiver de Haïti","Élémi;Safran",Cuir,,longue tenue,puissant,,,,,,,4.23
Giorgio Armani,Nuances,https://www.fragrantica.fr/parfum/Giorgio-Armani/Nuances-18593.html,femme,Eau de Parfum,2013,"powdery;woody;warm spicy;iris;vanilla;earthy;amber;aromatic;f_gender","Cannelle;Bergamote","Racine d'iris;Héliotrope","Bois de santal;Benjoin;Vétiver",,,,,,,,,,4.53
Giorgio Armani,Rondò Armaniano,https://www.fragrantica.fr/parfum/Giorgio-Armani/Rondo-Armaniano-87438.html,unisexe,Eau de Parfum,2023,"woody;powdery;musky;lavender;warm spicy;patchouli;aromatic;iris",Lavande,"Sauge;Rose","Bois de santal;Patchouli;Musc;Iris;Vanille",,,,,,,,,,4.15
Giorgio Armani,Rose d'Artiste,https://www.fragrantica.fr/parfum/Giorgio-Armani/Rose-d-Artiste-50389.html,femme,Eau de Parfum,2018,"amber;violet;powdery;iris;citrus;white floral;musky;earthy;f_gender","Fleur d'oranger;Bergamote","Iris;Violette;Encens","Ambroxan;Myrrhe",,,,,,,,,,3.91
Giorgio Armani,Armani Privé Ambre Orient,https://www.fragrantica.fr/parfum/Giorgio-Armani/Armani-Prive-Ambre-Orient-10885.html,unisexe,Eau de Parfum,2010,"amber;woody;warm spicy;vanilla;powdery;soft spicy;aromatic;balsamic",,,,"Ambre;Ciste de France;Vanille;Poivre rose;Cannelle;Patchouli;Thym;Bois de santal",,,,,,,,,4.37
Giorgio Armani,Armani Prive Jahwara Oriental,https://www.fragrantica.fr/parfum/Giorgio-Armani/Armani-Prive-Jahwara-Oriental-70085.html,unisexe,Eau de Parfum,2021,"amber;woody;warm spicy;balsamic;sweet;smoky;vanilla;powdery","Epices;Encens;Myrrhe;Iris","Opoponax;Ciste;Ambroxan","Vanille bourbon;Amberwood;Gaïac;Cèdre",,,,,,,,,,4.15
Giorgio Armani,Armani Privé Oud Royal,https://www.fragrantica.fr/parfum/Giorgio-Armani/Armani-Prive-Oud-Royal-10884.html,unisexe,Eau de Parfum,2010,"amber;oud;warm spicy;woody;smoky;balsamic;powdery;rose",,,,"Oud;Encens;Bois de santal;Safran;Ambre;Rose",,,,,,,,,4.38
Giorgio Armani,Armani Privé Oud Royal Collector,https://www.fragrantica.fr/parfum/Giorgio-Armani/Armani-Prive-Oud-Royal-Collector-101561.html,unisexe,Eau de Parfum,2025,"amber;warm spicy;oud;balsamic;smoky;sweet;aromatic;fresh spicy",,,,"Myrrhe;Encens;Oud;Ambre;Epices",longue tenue,puissant,,,,,,,4.19
Giorgio Armani,Armani Privé Rose d'Arabie,https://www.fragrantica.fr/parfum/Giorgio-Armani/Armani-Prive-Rose-d-Arabie-10886.html,unisexe,Eau de Parfum,2010,"rose;patchouli;oud;woody;floral;warm spicy;earthy;vanilla",,,,"Rose;Patchouli;Oud;Vanille",,,,,,,,,4.35
Giorgio Armani,Armani Prive Rose d'Arabie L'Or du Desert,https://www.fragrantica.fr/parfum/Giorgio-Armani/Armani-Prive-Rose-d-Arabie-L-Or-du-Desert-18651.html,unisexe,Eau de Parfum,2013,"rose;patchouli;woody;warm spicy;earthy;floral;balsamic;amber",,,,"Rose de Damas;Patchouli;Safran;Notes boisées;Ambre",,,,,,,,,4.38
Giorgio Armani,Armani Privé Rose d'Arabie Limited Edition 2018,https://www.fragrantica.fr/parfum/Giorgio-Armani/Armani-Prive-Rose-d-Arabie-Limited-Edition-2018-51914.html,unisexe,Eau de Parfum,2018,"rose;patchouli;woody;warm spicy;earthy;floral;balsamic;oud",,,,"Rose;Patchouli;Oud;Notes boisées;Safran;Ambre",,,,,,,,,4.33
Giorgio Armani,Armani Prive Rose d'Arabie Limited Edition Swarovski,https://www.fragrantica.fr/parfum/Giorgio-Armani/Armani-Prive-Rose-d-Arabie-Limited-Edition-Swarovski-29225.html,unisexe,Extrait de Parfum,2014,"rose;patchouli;woody;warm spicy;earthy;floral;balsamic;oud",,,,"Rose de Damas;Patchouli;Oud;Vanille",,,,,,,,,4.31
Giorgio Armani,Cuir Noir,https://www.fragrantica.fr/parfum/Giorgio-Armani/Cuir-Noir-14205.html,unisexe,Eau de Parfum,2011,"woody;vanilla;leather;amber;oud;powdery;warm spicy;animalic",,,,"Cuir;Vanille;Oud;Bois de santal;Benjoin;Rose;Gaïac;Noix de muscade;Ambre gris;Coriandre",,,,,,,,,4.29
Giorgio Armani,Cuir Nu,https://www.fragrantica.fr/parfum/Giorgio-Armani/Cuir-Nu-110701.html,unisexe,Eau de Parfum,2025,"leather;warm spicy;coffee;amber;rose;animalic;smoky;vanilla","Café;Cardamome","Cuir;Rose de Damas","Fève de tonka;Ambre;Ciste",,,,,,,,,,3.95
Giorgio Armani,Cuir Zerzura,https://www.fragrantica.fr/parfum/Giorgio-Armani/Cuir-Zerzura-62025.html,unisexe,Eau de Parfum,2020,"iris;leather;powdery;woody;violet;animalic;earthy;vanilla","Feuille de violette;Résine d'élémi;Mandarine","Iris;Rose","Cuir;Cèdre;Vanille bourbon",,,,,,,,,,4.39
Giorgio Armani,Musc Shamal,https://www.fragrantica.fr/parfum/Giorgio-Armani/Musc-Shamal-55282.html,unisexe,Eau de Parfum,2019,"musky;powdery;aldehydic;fresh;rose;amber;vanilla;woody","Aldéhydes;Agrumes","Musc;Rose;Jasmin","Ambre;Vanille;Cèdre",,,,,,,,,,4.06
Giorgio Armani,Myrrhe Impériale,https://www.fragrantica.fr/parfum/Giorgio-Armani/Myrrhe-Imperiale-21403.html,unisexe,Eau de Parfum,2013,"amber;warm spicy;vanilla;balsamic;sweet;soft spicy;powdery;metallic",,,,"Myrrhe;Ambre;Benjoin;Vanille;Safran;Poivre rose",,,,,,,,,4.45
Giorgio Armani,Sable Nuit,https://www.fragrantica.fr/parfum/Giorgio-Armani/Sable-Nuit-64787.html,unisexe,Eau de Parfum,2021,"amber;woody;warm spicy;vanilla;soft spicy;musky;balsamic;fresh spicy","Résine oliban;Poivre rose","Cèdre;Benjoin;Ciste;Patchouli","Résine oliban;Vanille;Ambroxan",,,,,,,,,,4.12
Giorgio Armani,Armani Eau d’Aromes,https://www.fragrantica.fr/parfum/Giorgio-Armani/Armani-Eau-d-Aromes-22879.html,homme,Eau de Parfum,2014,"citrus;aromatic;fresh spicy;woody;warm spicy;earthy;herbal;fresh;f_gender","Mandarine;Bergamote","Gingembre;Patchouli","Vétiver;Sauge;Cardamome",,,,,,,,,,4.05
Giorgio Armani,Armani Eau de Cèdre,https://www.fragrantica.fr/parfum/Giorgio-Armani/Armani-Eau-de-Cedre-31401.html,homme,Eau de Parfum,2015,"woody;aromatic;green;ozonic;citrus;warm spicy;fresh spicy;leather;f_gender","Sauge;Bergamote;Citron","Feuille de violette;Cardamome;Cumin","Thé noir;Essence de cèdre;Daim;Notes boisées",,,,,,,,,,4.30
Giorgio Armani,Armani Eau de Nuit,https://www.fragrantica.fr/parfum/Giorgio-Armani/Armani-Eau-de-Nuit-17231.html,homme,Eau de Parfum,2013,"powdery;vanilla;iris;amber;warm spicy;aromatic;woody;fresh spicy;f_gender","Poivre rose;Bergamote","Iris;Cardamome;Noix de muscade;Héliotrope","Fève de tonka;Ambre;Cèdre",,,,,,,,,,4.22
Giorgio Armani,Armani Eau de Nuit Oud,https://www.fragrantica.fr/parfum/Giorgio-Armani/Armani-Eau-de-Nuit-Oud-38548.html,homme,Eau de Parfum,2016,"warm spicy;rose;oud;aromatic;fresh spicy;iris;vanilla;floral;f_gender","Cardamome;Poivre rose;Bergamote","Rose;Iris;Géranium","Oud;Safran;Fève de tonka",,,,,,,,,,4.18
Giorgio Armani,Armani Eau Pour Homme,https://www.fragrantica.fr/parfum/Giorgio-Armani/Armani-Eau-Pour-Homme-409.html,homme,Eau de Parfum,1984,"citrus;aromatic;fresh spicy;woody;earthy;mossy;floral;warm spicy;f_gender","Citron;Bergamote;Mandarine;Orange verte;Basilic","Lavande;Noix de muscade;Œillet;Jasmin;Lys;Rose;Cannelle","Mousse de chêne;Vétiver;Cèdre;Bois de santal;Musc;Patchouli",,,,,,,,,,4.26
Giorgio Armani,Armani Eau Pour Homme (new),https://www.fragrantica.fr/parfum/Giorgio-Armani/Armani-Eau-Pour-Homme-new-17230.html,homme,Eau de Parfum,2013,"citrus;fresh spicy;woody;warm spicy;aromatic;mossy;earthy;green;f_gender","Bergamote;Mandarine;Basilic","Clou de girofle;Noix de muscade;Lys","Mousse de chêne;Bois de santal;Patchouli",,,,,,,,,,4.18
Giorgio Armani,Emporio Armani City Glam for Her,https://www.fragrantica.fr/parfum/Giorgio-Armani/Emporio-Armani-City-Glam-for-Her-426.html,femme,Eau de Parfum,2005,"fruity;floral;woody;rose;earthy;mossy;patchouli;musky;f_gender","Cassis;Prune;Coriandre","Rose de Bulgarie;Notes fleuries","Mousse de chêne;Patchouli d'Inde;Musc blanc",,,,,,,,,,4.00
Giorgio Armani,Emporio Armani City Glam for Him,https://www.fragrantica.fr/parfum/Giorgio-Armani/Emporio-Armani-City-Glam-for-Him-425.html,homme,Eau de Parfum,2005,"green;fresh spicy;aromatic;citrus;fresh;earthy;woody;musky;f_gender","Bigarade;Menthe","Gingembre;Herbe verte","Vétiver;Musc blanc;Mousse de chêne",,,,,,,,,,4.18
Giorgio Armani,Emporio Armani For Her 2008,https://www.fragrantica.fr/parfum/Giorgio-Armani/Emporio-Armani-For-Her-2008-2694.html,femme,Eau de Parfum,2008,"powdery;vanilla;woody;violet;musky;citrus;sweet;iris;f_gender","Bergamote;Poire;Ananas;Mandarine","Iris;Héliotrope;Jasmin;Violette","Vanille;Musc;Cèdre",,,,,,,,,,4.13
Giorgio Armani,Emporio Armani For Him 2008,https://www.fragrantica.fr/parfum/Giorgio-Armani/Emporio-Armani-For-Him-2008-2695.html,homme,Eau de Parfum,2008,"aromatic;citrus;woody;musky;fresh spicy;warm spicy;powdery;green;f_gender",Bergamote,"Vétiver;Yuzu;Cardamome;Sauge","Musc;Cèdre;Fève de tonka",,,,,,,,,,4.04
Giorgio Armani,Emporio Armani He,https://www.fragrantica.fr/parfum/Giorgio-Armani/Emporio-Armani-He-64483.html,homme,Eau de Parfum,2020,"aromatic;powdery;woody;citrus;musky;fresh spicy;warm spicy;iris;f_gender","Yuzu;Sauge;Cardamome","Noix de muscade;Racine d'iris;Rose","Musc blanc;Bois de santal;Vétiver;Fève de tonka",,modéré (e),modéré (e),,,,,,,4.14
Giorgio Armani,Emporio Armani Lei,https://www.fragrantica.fr/parfum/Giorgio-Armani/Emporio-Armani-Lei-417.html,femme,Eau de Parfum,1998,"powdery;vanilla;woody;sweet;citrus;almond;white floral;fruity;f_gender","Citron vert;Tubéreuse;Bergamote;Poire;Mandarine;Ananas","Héliotrope;Racine d'iris;Jasmin;Muguet","Bois de santal;Vanille;Musc;Amande;Fève de tonka;Cèdre;Ambre",,modéré (e),modéré (e),,,,,,,4.18
Giorgio Armani,Emporio Armani Lui,https://www.fragrantica.fr/parfum/Giorgio-Armani/Emporio-Armani-Lui-416.html,homme,Eau de Parfum,1998,"woody;citrus;aromatic;powdery;fresh spicy;fruity;sweet;warm spicy;f_gender","Sauge;Yuzu;Pomme;Bergamote;Citron;Ananas;Mandarine;Cardamome","Noix de muscade;Racine d'iris;Cyclamen;Jasmin;Rose","Bois de santal;Mousse de chêne;Cèdre;Fève de tonka;Musc;Ambre",,modéré (e),modéré (e),,,,,,,4.15
Giorgio Armani,Emporio Armani Night,https://www.fragrantica.fr/parfum/Giorgio-Armani/Emporio-Armani-Night-421.html,homme,Eau de Parfum,2003,"woody;powdery;warm spicy;aromatic;citrus;vanilla;violet;musky;f_gender","Pamplemousse;Mandarine;Bergamote","Violette;Cardamome;Sauge","Fève de tonka;Cèdre;Musc;Bois de santal;Patchouli;Vanille",,modéré (e),modéré (e),,,,,,,4.23
Giorgio Armani,Emporio Armani Night,https://www.fragrantica.fr/parfum/Giorgio-Armani/Emporio-Armani-Night-422.html,femme,Eau de Parfum,2003,"floral;fruity;woody;aromatic;fresh;fresh spicy;powdery;soft spicy;f_gender","Canneberge;Cannelle de Chine;Cassis;Aubépine;Bergamote","Pivoine;Orchidée;Magnolia;Freesia;Cyclamen;Jasmin;Muguet","Bois de santal;Musc blanc;Myrte;Patchouli",,,,,,,,,,4.17
Giorgio Armani,Emporio Armani Red Pour Elle (White),https://www.fragrantica.fr/parfum/Giorgio-Armani/Emporio-Armani-Red-Pour-Elle-White-2190.html,femme,Eau de Parfum,2007,"citrus;fresh spicy;green;woody;musky;aromatic;fruity;fresh;f_gender","Bergamote;Mandarine;Cassis","Gingembre;Menthe;Feuille de figuier","Musc;Bois blancs",,,,,,,,,,4.26
Giorgio Armani,Emporio Armani Red Pour Lui (White),https://www.fragrantica.fr/parfum/Giorgio-Armani/Emporio-Armani-Red-Pour-Lui-White-2191.html,homme,Eau de Parfum,2007,"fresh spicy;citrus;aromatic;fresh;woody;floral;green;powdery;f_gender",,,,,,,,,,,,,4.25
Giorgio Armani,Emporio Armani She,https://www.fragrantica.fr/parfum/Giorgio-Armani/Emporio-Armani-She-64482.html,femme,Eau de Parfum,2020,"powdery;musky;almond;vanilla;amber;sweet;fruity;citrus;f_gender","Agrumes;Poire","Héliotrope;Cardamome;Angélique;Jasmin","Musc blanc;Amande;Cèdre;Vanille;Ambre",,,,,,,,,,4.19
Giorgio Armani,Emporio Armani White For Her,https://www.fragrantica.fr/parfum/Giorgio-Armani/Emporio-Armani-White-For-Her-420.html,femme,Eau de Parfum,2001,"citrus;green;woody;fresh spicy;aromatic;musky;fruity;fresh;f_gender","Bergamote;Orange;Mandarine;Cannelle de Chine;Cassis","Gingembre;Iris;Feuille de figuier;Menthe;Clou de girofle","Musc blanc;Bois blonds",,,,,,,,,,4.38
Giorgio Armani,Emporio Armani White For Him,https://www.fragrantica.fr/parfum/Giorgio-Armani/Emporio-Armani-White-For-Him-419.html,homme,Eau de Parfum,2001,"citrus;aromatic;fresh spicy;musky;herbal;powdery;warm spicy;floral;f_gender","Bergamote;Mandarine;Orange;Citron","Camomille;Romarin;Cardamome",Musc,,,,,,,,,,4.49
Giorgio Armani,Emporio Remix for Her,https://www.fragrantica.fr/parfum/Giorgio-Armani/Emporio-Remix-for-Her-916.html,femme,Eau de Parfum,2006,"floral;fruity;powdery;fresh;sweet;woody;soft spicy;anis;f_gender","Poire;Canneberge;Badiane de Chine","Freesia;Pivoine;Magnolia;Trèfle;Héliotrope;Clou de girofle","Musc;Bois de santal;Cèdre",,,,,,,,,,4.04
Giorgio Armani,Emporio Remix for Him,https://www.fragrantica.fr/parfum/Giorgio-Armani/Emporio-Remix-for-Him-915.html,homme,Eau de Parfum,2006,"soft spicy;fresh spicy;aromatic;warm spicy;anis;woody;citrus;floral;f_gender","Badiane de Chine;Bergamote;Basilic","Noix de muscade;Cardamome;Muguet","Vétiver;Réglisse;Clou de girofle;Musc blanc",,,,,,,,,,3.75
Giorgio Armani,Emporio Armani Diamonds,https://www.fragrantica.fr/parfum/Giorgio-Armani/Emporio-Armani-Diamonds-1292.html,femme,Eau de Parfum,2007,"fruity;woody;sweet;rose;vanilla;floral;fresh;tropical;f_gender","Litchi;Framboise","Rose;Freesia;Patchouli;Cèdre;Muguet","Vanille;Ambre;Vétiver",,,,,,,,,,3.76
Giorgio Armani,Emporio Armani Diamonds Black Carat for Her,https://www.fragrantica.fr/parfum/Giorgio-Armani/Emporio-Armani-Diamonds-Black-Carat-for-Her-13070.html,femme,Eau de Parfum,2011,"vanilla;amber;floral;rose;warm spicy;balsamic;powdery;sweet;f_gender",Freesia,Rose,"Benjoin;Vanille",,,,,,,,,,4.07
Giorgio Armani,Emporio Armani Diamonds Black Carat for Him,https://www.fragrantica.fr/parfum/Giorgio-Armani/Emporio-Armani-Diamonds-Black-Carat-for-Him-13071.html,homme,Eau de Parfum,2011,"woody;amber;fresh spicy;cacao;warm spicy;citrus;aromatic;earthy;f_gender","Poivre du Sichuan;Bergamote","Cacao;Benjoin","Gaïac;Ambre;Vétiver;Cèdre;Mousse de chêne",,,,,,,,,,4.35
Giorgio Armani,Emporio Armani Diamonds Club,https://www.fragrantica.fr/parfum/Giorgio-Armani/Emporio-Armani-Diamonds-Club-38911.html,femme,Eau de Parfum,2016,"citrus;aquatic;rose;patchouli;fresh;woody;warm spicy;earthy;f_gender","Mandarine;Notes aquatiques",Rose,Patchouli,,,,,,,,,,3.59
Giorgio Armani,Emporio Armani Diamonds Club for Him,https://www.fragrantica.fr/parfum/Giorgio-Armani/Emporio-Armani-Diamonds-Club-for-Him-38912.html,homme,Eau de Parfum,2016,"aromatic;warm spicy;aquatic;fresh spicy;fresh;lavender;floral;herbal;f_gender",Cardamome,"Notes aquatiques;Hedione;Lavande",Géranium,,,,,,,,,,4.51
Giorgio Armani,Emporio Armani Diamonds Eau de Toilette,https://www.fragrantica.fr/parfum/Giorgio-Armani/Emporio-Armani-Diamonds-Eau-de-Toilette-6084.html,femme,Eau de Parfum,2009,"rose;musky;aromatic;citrus;soft spicy;woody;earthy;powdery;f_gender","Poivre rose;Bergamote",Rose,"Vétiver;Musc",,,,,,,,,,3.63
Giorgio Armani,Emporio Armani Diamonds for Men,https://www.fragrantica.fr/parfum/Giorgio-Armani/Emporio-Armani-Diamonds-for-Men-3793.html,homme,Eau de Parfum,2008,"woody;cacao;citrus;fresh spicy;warm spicy;amber;aromatic;powdery;f_gender","Bergamote;Gaïac","Poivre du Sichuan;Cèdre;Vétiver","Cacao;Ambre",,,,,,,,,,4.07
Giorgio Armani,Emporio Armani Diamonds for Men Summer Edition,https://www.fragrantica.fr/parfum/Giorgio-Armani/Emporio-Armani-Diamonds-for-Men-Summer-Edition-8440.html,homme,Extrait de Parfum,2010,"aromatic;cacao;citrus;marine;green;warm spicy;floral;woody;f_gender",,,,,,,,,,,,,4.15
Giorgio Armani,Emporio Armani Diamonds for Women Summer Edition,https://www.fragrantica.fr/parfum/Giorgio-Armani/Emporio-Armani-Diamonds-for-Women-Summer-Edition-8439.html,femme,Eau de Parfum,2010,"fruity;rose;floral;fresh;musky;sweet;woody;tropical;f_gender","Litchi;Framboise","Rose;Pivoine","Musc;Notes boisées;Ambre",,,,,,,,,,3.81
Giorgio Armani,Emporio Armani Diamonds He Limited Edition,https://www.fragrantica.fr/parfum/Giorgio-Armani/Emporio-Armani-Diamonds-He-Limited-Edition-6835.html,homme,Eau de Parfum,2009,"woody;citrus;fresh spicy;aromatic;cacao;earthy;fresh;warm spicy;f_gender",,,,,,,,,,,,,3.88
Giorgio Armani,Emporio Armani Diamonds Intense,https://www.fragrantica.fr/parfum/Giorgio-Armani/Emporio-Armani-Diamonds-Intense-4619.html,femme,Eau de Parfum,2008,"fruity;woody;rose;floral;sweet;vanilla;fresh;patchouli;f_gender","Framboise;Litchi","Rose;Freesia;Muguet","Vanille;Cèdre;Patchouli;Vétiver",,,,,,,,,,3.84
Giorgio Armani,Emporio Armani Diamonds Rocks,https://www.fragrantica.fr/parfum/Giorgio-Armani/Emporio-Armani-Diamonds-Rocks-26163.html,homme,Eau de Parfum,2014,"aromatic;fresh spicy;woody;marine;violet;citrus;powdery;fresh;f_gender","Pamplemousse;Poivre noir;Pomme","Notes marines;Violette;Géranium","Gaïac;Cèdre;Vétiver",,,,,,,,,,3.72
Giorgio Armani,Emporio Armani Diamonds Rose,https://www.fragrantica.fr/parfum/Giorgio-Armani/Emporio-Armani-Diamonds-Rose-18339.html,femme,Eau de Parfum,2013,"fruity;rose;floral;citrus;sweet;woody;aromatic;patchouli;f_gender","Framboise;Cassis;Bergamote","Rose;Freesia;Muguet","Ambrette;Patchouli",,,,,,,,,,3.82
Giorgio Armani,Emporio Armani Diamonds Summer Fraiche for Men,https://www.fragrantica.fr/parfum/Giorgio-Armani/Emporio-Armani-Diamonds-Summer-Fraiche-for-Men-15928.html,homme,Eau de Parfum,2012,"aquatic;marine;woody;cacao;aromatic;fresh;warm spicy;salty;f_gender",Notes aquatiques,Notes marines,"Cèdre;Cacao",,,,,,,,,,4.14
Giorgio Armani,Emporio Armani Diamonds Summer Fraiche for Women,https://www.fragrantica.fr/parfum/Giorgio-Armani/Emporio-Armani-Diamonds-Summer-Fraiche-for-Women-15927.html,femme,Eau de Parfum,2012,"fresh;aquatic;floral;fruity;amber;rose;green;fresh spicy;f_gender","Notes aquatiques;Pomme verte",Pivoine,Ambre,,,,,,,,,,3.65
Giorgio Armani,Emporio Armani Diamonds Violet,https://www.fragrantica.fr/parfum/Giorgio-Armani/Emporio-Armani-Diamonds-Violet-31240.html,femme,Eau de Parfum,2015,"sweet;fruity;violet;powdery;fresh;vanilla;tropical;rose;f_gender","Framboise;Litchi;Fruit de la passion","Violette;Rose de Bulgarie;Muguet","Praliné;Vanille;Patchouli",,,,,,,,,,3.91
Giorgio Armani,Emporio Armani Stronger With You,https://www.fragrantica.fr/parfum/Giorgio-Armani/Emporio-Armani-Stronger-With-You-45258.html,homme,Eau de Parfum,2017,"vanilla;sweet;balsamic;nutty;aromatic;powdery;lavender;herbal;f_gender","Châtaigne;Sucre","Sauge;Lavande","Vanille;Fumée",,,,,,,,,,4.29
Giorgio Armani,Emporio Armani Stronger With You Absolutely,https://www.fragrantica.fr/parfum/Giorgio-Armani/Emporio-Armani-Stronger-With-You-Absolutely-64501.html,homme,Eau de Parfum,2021,"vanilla;woody;balsamic;rum;aromatic;warm spicy;nutty;powdery;f_gender","Rhum;Élémi;Bergamote","Lavande;Davana","Vanille de Madagascar;Châtaigne;Cèdre;Patchouli",,,,,,,,,,4.52
Giorgio Armani,Emporio Armani Stronger With You Amber,https://www.fragrantica.fr/parfum/Giorgio-Armani/Emporio-Armani-Stronger-With-You-Amber-79699.html,unisexe,Eau de Parfum,2023,"amber;vanilla;lavender;powdery;animalic;sweet;aromatic;soft spicy",,,,"Ambre;Vanille de Madagascar;Lavande",,,,,,,,,4.25
Giorgio Armani,Emporio Armani Stronger With You Freeze,https://www.fragrantica.fr/parfum/Giorgio-Armani/Emporio-Armani-Stronger-With-You-Freeze-58808.html,homme,Eau de Parfum,2020,"citrus;fresh spicy;woody;aromatic;sweet;vanilla;warm spicy;fruity;f_gender","Citron vert;Gingembre;Mandarine;Pomme","Lavande;Cardamome;Géranium bourbon;Sauge","Vanille bourbon;Amberwood;Marron glacé;Gaïac",,,,,,,,,,4.10
,429 Too Many Requests,https://www.fragrantica.fr/parfum/Giorgio-Armani/Emporio-Armani-Stronger-With-You-Intensely-52802.html,,,,,,,,,,,,,,,,,
,429 Too Many Requests,https://www.fragrantica.fr/parfum/Giorgio-Armani/Emporio-Armani-Stronger-With-You-Leather-63355.html,,,,,,,,,,,,,,,,,
,429 Too Many Requests,https://www.fragrantica.fr/parfum/Giorgio-Armani/Emporio-Armani-Stronger-With-You-Limited-Edition-79166.html,,,,,,,,,,,,,,,,,
,429 Too Many Requests,https://www.fragrantica.fr/parfum/Giorgio-Armani/Emporio-Armani-Stronger-With-You-Only-71505.html,,,,,,,,,,,,,,,,,
,429 Too Many Requests,https://www.fragrantica.fr/parfum/Giorgio-Armani/Emporio-Armani-Stronger-With-You-Oud-76171.html,,,,,,,,,,,,,,,,,
Giorgio Armani,Emporio Armani Stronger With You Parfum,https://www.fragrantica.fr/parfum/Giorgio-Armani/Emporio-Armani-Stronger-With-You-Parfum-100895.html,homme,Eau de Parfum,2025,"vanilla;lavender;soft spicy;warm spicy;nutty;balsamic;aromatic;sweet;f_gender","Poivre rose;Mandarine","Lavande;Cannelle;Sauge","Châtaigne;Vanille;Cuir",,,,,,,,,,4.27
Giorgio Armani,Emporio Armani Stronger With You Powerfully,https://www.fragrantica.fr/parfum/Giorgio-Armani/Emporio-Armani-Stronger-With-You-Powerfully-123070.html,homme,Eau de Parfum,2026,"warm spicy;cherry;vanilla;amber;nutty;sweet;woody;balsamic;f_gender","Cerise;Mandarine","Epices;Lavande","Châtaigne;Vanille;Amberwood",,longue tenue,puissant,,,,,,,4.50
Giorgio Armani,Emporio Armani Stronger With You Sandalwood,https://www.fragrantica.fr/parfum/Giorgio-Armani/Emporio-Armani-Stronger-With-You-Sandalwood-102519.html,unisexe,Eau de Parfum,2025,"woody;warm spicy;powdery;lavender;vanilla;balsamic;aromatic;nutty",Safran,"Lavande;Châtaigne","Bois de santal;Vanille;Cèdre",,longue tenue,puissant,,,,,,,4.37
Giorgio Armani,Emporio Armani Stronger With You Spices,https://www.fragrantica.fr/parfum/Giorgio-Armani/Emporio-Armani-Stronger-With-You-Spices-122057.html,homme,Eau de Parfum,2026,"warm spicy;fresh spicy;vanilla;sweet;leather;amber;fruity;powdery;f_gender","Poivre noir;Bergamote;Mandarine","Safran;Clou de girofle;Cannelle;Abricot;Lavande","Vanille bourbon;Châtaigne;Ambre;Dattes;Cuir",,longue tenue,puissant,,,,,,,3.75
Giorgio Armani,Emporio Armani Stronger With You Tobacco,https://www.fragrantica.fr/parfum/Giorgio-Armani/Emporio-Armani-Stronger-With-You-Tobacco-90333.html,homme,Eau de Parfum,2024,"warm spicy;amber;tobacco;vanilla;sweet;aromatic;soft spicy;balsamic;f_gender","Poivre rose;Poivre noir;Cardamome;Élémi;Sauge","Tabac;Châtaigne;Feuille de cannelier;Piment","Vanille bourbon;Ambre;Gaïac;Benjoin",,longue tenue,puissant,,,,,,,4.27
Giorgio Armani,Emporio Armani Because It’s You,https://www.fragrantica.fr/parfum/Giorgio-Armani/Emporio-Armani-Because-It-s-You-45257.html,femme,Extrait de Parfum,2017,"fruity;sweet;rose;vanilla;citrus;powdery;musky;amber;f_gender","Framboise;Citron;Néroli",Rose,"Vanille;Musc;Amberwood",,modéré (e),modéré (e),,,,,,,3.84
Giorgio Armani,Emporio Armani In Love With You,https://www.fragrantica.fr/parfum/Giorgio-Armani/Emporio-Armani-In-Love-With-You-52801.html,femme,Eau de Parfum,2019,"fruity;sweet;patchouli;woody;rose;cherry;warm spicy;floral;f_gender","Framboise;Cassis;Griotte","Rose;Jasmin;Absinthe",Patchouli,,modéré (e),modéré (e),,,,,,,3.76
Giorgio Armani,Emporio Armani In Love With You Freeze,https://www.fragrantica.fr/parfum/Giorgio-Armani/Emporio-Armani-In-Love-With-You-Freeze-58809.html,femme,Eau de Parfum,2020,"woody;patchouli;citrus;floral;fresh;earthy;white floral;cherry;f_gender","Cerise;Mandarine;Bergamote;Poire","Pivoine;Jasmin Sambac;Muguet","Patchouli;Notes boisées;Musc blanc;Vétiver",,modéré (e),modéré (e),,,,,,,3.50
Giorgio Armani,Idole d'Armani,https://www.fragrantica.fr/parfum/Giorgio-Armani/Idole-d-Armani-6270.html,femme,Eau de Parfum,2009,"fruity;sweet;citrus;fresh;fresh spicy;warm spicy;woody;aromatic;f_gender","Gingembre;Poire;Clémentine;Miel;Bigarade;Amande;Armoise","Safran;Jasmin;Rose","Vétiver;Patchouli;Styrax",,modéré (e),modéré (e),,,,,,,3.81
Giorgio Armani,Idole d'Armani Eau de Toilette,https://www.fragrantica.fr/parfum/Giorgio-Armani/Idole-d-Armani-Eau-de-Toilette-8065.html,femme,Eau de Parfum,2010,"amber;citrus;fresh spicy;fresh;white floral;patchouli;woody;warm spicy;f_gender","Gingembre;Bigarade",Jasmin,"Patchouli;Ambre;Styrax",,modéré (e),puissant,,,,,,,3.81
Giorgio Armani,My Way,https://www.fragrantica.fr/parfum/Giorgio-Armani/My-Way-62036.html,femme,Eau de Parfum,2020,"white floral;tuberose;citrus;animalic;vanilla;powdery;musky;sweet;f_gender","Fleur d'oranger;Bergamote","Tubéreuse;Jasmin d'Inde","Vanille de Madagascar;Musc blanc;Cèdre de Virginie",,faible,discret,,,,,,,3.78
Giorgio Armani,My Way Floral,https://www.fragrantica.fr/parfum/Giorgio-Armani/My-Way-Floral-73284.html,femme,Eau de Parfum,2022,"citrus;white floral;tuberose;animalic;sweet;vanilla;green;musky;f_gender","Fleur d'oranger;Mandarine verte;Bigarade","Tubéreuse d'Inde;Néroli de Tunisie","Vanille bourbon;Musc blanc",,modéré (e),modéré (e),,,,,,,4.03
Giorgio Armani,My Way Hair & Body Mist,https://www.fragrantica.fr/parfum/Giorgio-Armani/My-Way-Hair-Body-Mist-94401.html,femme,Extrait de Parfum,2023,"white floral;citrus;tuberose;woody;powdery;musky;animalic;fresh spicy;f_gender","Bergamote;Fleur d'oranger","Tubéreuse;Jasmin","Musc blanc;Cèdre de Virginie;Vanille de Madagascar",,modéré (e),discret,,,,,,,3.60
Giorgio Armani,My Way Intense,https://www.fragrantica.fr/parfum/Giorgio-Armani/My-Way-Intense-68596.html,femme,Eau de Parfum,2021,"white floral;tuberose;citrus;vanilla;animalic;woody;powdery;sweet;f_gender","Fleur d'oranger;Bigarade","Tubéreuse d'Inde;Tubéreuse","Vanille de Madagascar;Bois de santal",,longue tenue,modéré (e),,,,,,,3.93
Giorgio Armani,My Way Nacre,https://www.fragrantica.fr/parfum/Giorgio-Armani/My-Way-Nacre-71653.html,femme,Eau de Parfum,2022,"white floral;citrus;tuberose;woody;animalic;powdery;musky;fresh spicy;f_gender","Fleur d'oranger;Bergamote","Tubéreuse;Jasmin","Cèdre;Musc blanc;Vanille",,modéré (e),modéré (e),,,,,,,3.90
Giorgio Armani,My Way Nectar,https://www.fragrantica.fr/parfum/Giorgio-Armani/My-Way-Nectar-88938.html,femme,Eau de Parfum,2024,"white floral;citrus;sweet;tuberose;fruity;aquatic;animalic;ozonic;f_gender","Poire;Fleur d'oranger;Bergamote","Tubéreuse;Jasmin;Feuille de violette","Musc blanc;Vanille bourbon;Cèdre",,modéré (e),modéré (e),,,,,,,4.03
Giorgio Armani,My Way Parfum,https://www.fragrantica.fr/parfum/Giorgio-Armani/My-Way-Parfum-78561.html,femme,Eau de Parfum,2023,"white floral;citrus;musky;tuberose;powdery;animalic;vanilla;floral;f_gender","Fleur d'oranger;Bigarade;Bergamote de Calabre","Iris Pallida;Tubéreuse d'Inde;Ambrette","Musc blanc;Vanille bourbon;Cèdre",,modéré (e),modéré (e),,,,,,,3.92
Giorgio Armani,My Way Sunny Vanilla,https://www.fragrantica.fr/parfum/Giorgio-Armani/My-Way-Sunny-Vanilla-120745.html,femme,Eau de Parfum,2025,"white floral;tuberose;sweet;fruity;vanilla;powdery;tropical;animalic;f_gender","Ananas;Bergamote","Tubéreuse;Jasmin","Vanille;Musc",,modéré (e),modéré (e),,,,,,,3.66
Giorgio Armani,My Way Ylang,https://www.fragrantica.fr/parfum/Giorgio-Armani/My-Way-Ylang-100877.html,femme,Eau de Parfum,2024,"sweet;tropical;white floral;yellow floral;fruity;coconut;woody;vanilla;f_gender","Mangue;Noix de Coco;Fleur d'oranger;Bergamote","Ylang-ylang;Tubéreuse","Vanille;Musc blanc;Cèdre",,modéré (e),modéré (e),,,,,,,3.95
Giorgio Armani,Onde Extase,https://www.fragrantica.fr/parfum/Giorgio-Armani/Onde-Extase-4671.html,femme,Extrait de Parfum,2008,"yellow floral;woody;powdery;floral;white floral;green;aromatic;mossy;f_gender",,,,"Mimosa;Narcisse;Sésame;Cèdre;Jasmin;Mousse de chêne;Poivre rose;Bergamote",longue tenue,modéré (e),,,,,,,3.94
Giorgio Armani,Onde Mystere,https://www.fragrantica.fr/parfum/Giorgio-Armani/Onde-Mystere-4669.html,femme,Eau de Parfum,2008,"amber;warm spicy;musky;powdery;rose;smoky;vanilla;balsamic;f_gender","Ambre;Musc;Rose du Maroc","Encens;Absolu de vanille",Notes épicées,,modéré (e),modéré (e),,,,,,,4.04
Giorgio Armani,Onde Vertige,https://www.fragrantica.fr/parfum/Giorgio-Armani/Onde-Vertige-4670.html,femme,Eau de Parfum,2008,"floral;white floral;tropical;soft spicy;balsamic;patchouli;amber;warm spicy;f_gender","Jasmin;Frangipanier",Réglisse,"Encens;Patchouli",,modéré (e),modéré (e),,,,,,,3.96
Giorgio Armani,Power Of You,https://www.fragrantica.fr/parfum/Giorgio-Armani/Power-Of-You-121870.html,femme,Eau de Parfum,2026,"tropical;vanilla;sweet;fruity;citrus;fresh;floral;powdery;f_gender","Fruit de la passion;Bigarade;Citron","Frangipanier;Notes solaires","Vanille de Madagascar;Benjoin;Ciste",,modéré (e),modéré (e),,,,,,,4.16
Giorgio Armani,Sensi,https://www.fragrantica.fr/parfum/Giorgio-Armani/Sensi-557.html,femme,Extrait de Parfum,2002,"white floral;sweet;almond;nutty;amber;woody;fruity;citrus;f_gender","Robinier faux-acacia;Citron vert","Amande;Blé;Jasmin","Benjoin;Palissandre du Brésil",,longue tenue,modéré (e),,,,,,,4.31
Giorgio Armani,Sensi Jewel,https://www.fragrantica.fr/parfum/Giorgio-Armani/Sensi-Jewel-2704.html,femme,Eau de Parfum,2004,"amber;white floral;yellow floral;citrus;sweet;woody;balsamic;floral;f_gender",Mimosa,"Jasmin;Orange","Benjoin;Palissandre du Brésil",,modéré (e),puissant,,,,,,,4.19
Giorgio Armani,Sensi White Notes,https://www.fragrantica.fr/parfum/Giorgio-Armani/Sensi-White-Notes-424.html,femme,Eau de Parfum,2004,"floral;citrus;white floral;woody;green;fruity;aromatic;soft spicy;f_gender","Citron vert;Citron;Cassis;Mandarine;Cannelle de Chine","Freesia;Jacinthe d'eau;Lys;Muguet;Jasmin;Rose","Benjoin;Palissandre du Brésil;Acajou",,modéré (e),modéré (e),,,,,,,4.39
Giorgio Armani,Si,https://www.fragrantica.fr/parfum/Giorgio-Armani/Si-18453.html,femme,Eau de Parfum,2013,"woody;vanilla;aromatic;soft spicy;fruity;green;floral;rose;f_gender",Bourgeon de cassis,"Rose de Mai;Freesia","Vanille;Patchouli;Notes boisées;Ambroxan",,très longue tenue,énorme,,,,,,,3.84
Giorgio Armani,Si Eau de Parfum Intense,https://www.fragrantica.fr/parfum/Giorgio-Armani/Si-Eau-de-Parfum-Intense-83977.html,femme,Eau de Parfum,2023,"fruity;vanilla;rose;green;floral;soft spicy;aromatic;powdery;f_gender",Cassis,"Rose de Mai;Davana","Vanille bourbon;Vanille;Thé noir",,modéré (e),modéré (e),,,,,,,4.04
Giorgio Armani,Si Eau de Toilette,https://www.fragrantica.fr/parfum/Giorgio-Armani/Si-Eau-de-Toilette-29337.html,femme,Eau de Parfum,2015,"fruity;floral;sweet;woody;citrus;rose;soft spicy;vanilla;f_gender","Cassis;Poire;Mandarine;Néroli;Bergamote","Freesia;Rose de Mai;Fraise;Mangue;Jasmin;Osmanthus","Vanille;Musc;Patchouli;Notes boisées;Ambre",,modéré (e),modéré (e),,,,,,,3.81
Giorgio Armani,Si Edition Limitée Eau de Parfum,https://www.fragrantica.fr/parfum/Giorgio-Armani/Si-Edition-Limitee-Eau-de-Parfum-62847.html,femme,Eau de Parfum,2020,"woody;floral;aromatic;soft spicy;green;fruity;amber;patchouli;f_gender",Bourgeon de cassis,"Freesia;Rose","Notes boisées;Vanille;Patchouli;Ambroxan",,modéré (e),modéré (e),,,,,,,4.11
Giorgio Armani,Sì Fiori,https://www.fragrantica.fr/parfum/Giorgio-Armani/Si-Fiori-53243.html,femme,Eau de Parfum,2019,"vanilla;fruity;citrus;powdery;rose;musky;floral;woody;f_gender","Cassis;Mandarine verte","Néroli;Rose;Patchouli;Mousse de chêne","Vanille;Musc blanc",,modéré (e),modéré (e),,,,,,,4.19
Giorgio Armani,Si Golden Bow,https://www.fragrantica.fr/parfum/Giorgio-Armani/Si-Golden-Bow-32065.html,femme,Eau de Parfum,2015,"woody;citrus;fruity;vanilla;white floral;rose;floral;powdery;f_gender","Sirop de cassis;Bergamote de Sicile;Mandarine","Rose;Jasmin d'Egypte;Néroli","Vanille;Patchouli;Ambre;Bois blancs;Musc",,longue tenue,énorme,,,,,,,4.16
Giorgio Armani,Si Hair Mist,https://www.fragrantica.fr/parfum/Giorgio-Armani/Si-Hair-Mist-45318.html,femme,Eau de Parfum,2017,"fruity;woody;floral;soft spicy;vanilla;aromatic;rose;amber;f_gender","Sirop de cassis;Bourgeon de cassis","Rose de Mai;Freesia","Vanille;Ambroxan;Patchouli;Bois blonds",,modéré (e),modéré (e),,,,,,,3.90
Giorgio Armani,Si Huile de Parfum,https://www.fragrantica.fr/parfum/Giorgio-Armani/Si-Huile-de-Parfum-32475.html,femme,Eau de Parfum,2015,"woody;floral;rose;aromatic;soft spicy;amber;green;fruity;f_gender",Bourgeon de cassis,"Rose de Mai;Freesia","Ambroxan;Notes boisées;Vanille;Patchouli",,modéré (e),puissant,,,,,,,4.27
Giorgio Armani,Sì Intense,https://www.fragrantica.fr/parfum/Giorgio-Armani/Si-Intense-25947.html,femme,Eau de Parfum,2014,"fruity;woody;floral;aromatic;soft spicy;green;vanilla;citrus;f_gender","Cassis;Bourgeon de cassis;Freesia;Mandarine;Bergamote","Rose de Mai;Osmanthus;Néroli;Armoise","Vanille;Patchouli;Notes boisées;Ambroxan",,longue tenue,puissant,,,,,,,4.02
Giorgio Armani,Sì Intense 2021,https://www.fragrantica.fr/parfum/Giorgio-Armani/Si-Intense-2021-64853.html,femme,Eau de Parfum,2021,"fruity;amber;rose;warm spicy;woody;patchouli;floral;balsamic;f_gender",Sirop de cassis,"Rose de Turquie;Davana","Benjoin;Patchouli",,longue tenue,modéré (e),,,,,,,4.09
Giorgio Armani,Si Intense Night Light,https://www.fragrantica.fr/parfum/Giorgio-Armani/Si-Intense-Night-Light-41841.html,femme,Eau de Parfum,2016,"fruity;floral;citrus;woody;green;fresh spicy;aromatic;vanilla;f_gender","Cassis;Feuille de cassissier;Mandarine;Freesia;Bergamote","Rose;Osmanthus;Néroli;Armoise","Vanille;Ambroxan;Patchouli;Notes boisées",,médiocre,énorme,,,,,,,4.22
Giorgio Armani,Si Le Parfum,https://www.fragrantica.fr/parfum/Giorgio-Armani/Si-Le-Parfum-39479.html,femme,Eau de Parfum,2016,"amber;fruity;warm spicy;vanilla;balsamic;woody;patchouli;floral;f_gender","Cassis;Bergamote","Encens;Osmanthus;Jasmin","Ambre;Benjoin;Vanille;Feuille de patchouli",,,,,,,,,,4.08
Giorgio Armani,Si Nacre Edition,https://www.fragrantica.fr/parfum/Giorgio-Armani/Si-Nacre-Edition-51913.html,femme,Eau de Parfum,2018,"floral;rose;fruity;woody;patchouli;earthy;mossy;soft spicy;f_gender",Cassis,"Rose de Mai;Freesia","Patchouli;Mousse de chêne",,modéré (e),modéré (e),,,,,,,4.23
Giorgio Armani,Si Nacre Edition 2019,https://www.fragrantica.fr/parfum/Giorgio-Armani/Si-Nacre-Edition-2019-57030.html,femme,Eau de Parfum,2019,"fruity;aromatic;floral;soft spicy;green;woody;rose;fresh;f_gender","Bourgeon de cassis;Sirop de cassis;Fruits","Rose de Mai;Freesia","Bois blancs;Musc",,modéré (e),modéré (e),,,,,,,3.44
Giorgio Armani,Si Night Light,https://www.fragrantica.fr/parfum/Giorgio-Armani/Si-Night-Light-41840.html,femme,Eau de Parfum,2016,"vanilla;fruity;floral;woody;amber;rose;green;soft spicy;f_gender","Cassis;Feuille de cassissier","Rose;Freesia","Vanille;Ambroxan;Notes boisées;Patchouli",,modéré (e),puissant,,,,,,,4.31
Giorgio Armani,Sì Nude Bloom,https://www.fragrantica.fr/parfum/Giorgio-Armani/Si-Nude-Bloom-126543.html,femme,Eau de Parfum,2026,"rose;citrus;fruity;fresh spicy;floral;woody;patchouli;aromatic;f_gender","Cassis;Bergamote;Poivre noir;Agrumes;Citron",Rose de Mai,"Patchouli;Vanille",,,,,,,,,,3.62
Giorgio Armani,Sì Parfum,https://www.fragrantica.fr/parfum/Giorgio-Armani/Si-Parfum-112375.html,femme,Eau de Parfum,2025,"leather;fruity;vanilla;rose;warm spicy;woody;animalic;patchouli;f_gender","Cassis;Safran;Nectar",Rose de Damas,"Vanille;Cuir;Patchouli",,,,,,,,,,4.04
Giorgio Armani,Sì Passione,https://www.fragrantica.fr/parfum/Giorgio-Armani/Si-Passione-48002.html,femme,Eau de Parfum,2017,"fruity;sweet;woody;vanilla;rose;soft spicy;floral;fresh;f_gender","Poire;Cassis;Poivre rose;Pamplemousse","Ananas;Rose;Jasmin;Héliotrope","Vanille;Cèdre;Patchouli;Amberwood",,longue tenue,discret,,,,,,,3.82
Giorgio Armani,Si Passione Eau de Parfum Collector Edition,https://www.fragrantica.fr/parfum/Giorgio-Armani/Si-Passione-Eau-de-Parfum-Collector-Edition-69619.html,femme,Eau de Parfum,2021,"fruity;vanilla;rose;soft spicy;sweet;woody;floral;powdery;f_gender","Cassis;Poivre rose;Poire;Pamplemousse","Rose;Ananas;Héliotrope;Jasmin","Vanille;Cèdre;Amberwood;Patchouli",,,,,,,,,,3.29
Giorgio Armani,Si Passione Eclat De Parfum,https://www.fragrantica.fr/parfum/Giorgio-Armani/Si-Passione-Eclat-De-Parfum-71535.html,femme,Eau de Parfum,2022,"rose;fruity;musky;floral;citrus;powdery;soft spicy;vanilla;f_gender","Cassis;Bergamote de Calabre","Rose de Mai;Rose de Damas","Musc blanc;Vanille de Madagascar",,,,,,,,,,3.75
Giorgio Armani,Sì Passione Intense,https://www.fragrantica.fr/parfum/Giorgio-Armani/Si-Passione-Intense-58737.html,femme,Eau de Parfum,2020,"woody;fruity;musky;powdery;white floral;patchouli;soft spicy;vanilla;f_gender",Sirop de cassis,Jasmin,"Musc blanc;Cèdre;Patchouli;Vanille",,modéré (e),modéré (e),,,,,,,3.89
Giorgio Armani,Sì Passione Intense (2024),https://www.fragrantica.fr/parfum/Giorgio-Armani/Si-Passione-Intense-2024-96186.html,femme,Eau de Parfum,2024,"fruity;woody;vanilla;white floral;powdery;sweet;floral;soft spicy;f_gender","Cassis;Poire;Bergamote",Jasmin,"Vanille;Bois de santal",,,,,,,,,,3.83
Giorgio Armani,Sì Passione Laser Limited Edition,https://www.fragrantica.fr/parfum/Giorgio-Armani/Si-Passione-Laser-Limited-Edition-76693.html,femme,Eau de Parfum,2022,"fruity;woody;vanilla;sweet;rose;soft spicy;floral;powdery;f_gender","Cassis;Poire;Poivre rose;Pamplemousse","Rose;Jasmin;Ananas;Héliotrope","Vanille;Cèdre;Patchouli;Amberwood",,,,,,,,,,3.61
Giorgio Armani,Sì Passione Limited Edition,https://www.fragrantica.fr/parfum/Giorgio-Armani/Si-Passione-Limited-Edition-51615.html,femme,Eau de Parfum,2018,"fruity;sweet;vanilla;woody;powdery;soft spicy;floral;white floral;f_gender","Cassis;Poire;Pamplemousse;Poivre rose","Ananas;Jasmin;Rose;Héliotrope","Vanille;Cèdre;Amberwood;Patchouli",,médiocre,énorme,,,,,,,3.93
Giorgio Armani,Sì Passione Limited Edition 2019,https://www.fragrantica.fr/parfum/Giorgio-Armani/Si-Passione-Limited-Edition-2019-58272.html,femme,Eau de Parfum,2019,"woody;rose;floral;vanilla;soft spicy;aromatic;green;fruity;f_gender",Bourgeon de cassis,"Rose;Freesia","Vanille;Notes boisées;Ambroxan;Patchouli",,modéré (e),discret,,,,,,,2.86
Giorgio Armani,Sì Passione Red Bloom,https://www.fragrantica.fr/parfum/Giorgio-Armani/Si-Passione-Red-Bloom-126542.html,femme,Eau de Parfum,2026,"fruity;rose;sweet;woody;powdery;musky;floral;vanilla;f_gender","Framboise;Cassis;Bergamote","Pétales de rose;Rose;Iris Pallida","Bois de cachemire;Vanille bourbon;Amberwood",,modéré (e),modéré (e),,,,,,,3.80
Giorgio Armani,Sì Passione Red Maestro,https://www.fragrantica.fr/parfum/Giorgio-Armani/Si-Passione-Red-Maestro-56984.html,femme,Eau de Parfum,2019,"musky;fruity;soft spicy;vanilla;powdery;white floral;sweet;aldehydic;f_gender","Cassis;Poivre rose","Notes solaires;Jasmin","Musc;Vanille",,modéré (e),modéré (e),,,,,,,3.85
Giorgio Armani,Si Passione Red Musk,https://www.fragrantica.fr/parfum/Giorgio-Armani/Si-Passione-Red-Musk-103518.html,femme,Eau de Parfum,2025,"fruity;sweet;musky;rose;powdery;vanilla;lactonic;floral;f_gender","Fraise;Musc","Rose;Lait","Musc;Vanille",,,,,,,,,,3.91
Giorgio Armani,Si Rose Signature,https://www.fragrantica.fr/parfum/Giorgio-Armani/Si-Rose-Signature-35248.html,femme,Eau de Parfum,2016,"floral;rose;fruity;citrus;vanilla;woody;soft spicy;powdery;f_gender",,,,"Rose de Mai;Rose de Damas;Cassis;Vanille;Freesia;Mandarine;Iris;Patchouli;Osmanthus;Bergamote;Ambrette;Ambre",modéré (e),modéré (e),,,,,,,4.02
Giorgio Armani,Si Rose Signature II Eau de Parfum,https://www.fragrantica.fr/parfum/Giorgio-Armani/Si-Rose-Signature-II-Eau-de-Parfum-43453.html,femme,Eau de Parfum,2017,"floral;rose;fruity;citrus;vanilla;woody;soft spicy;powdery;f_gender","Cassis;Freesia;Mandarine;Bergamote","Rose de Turquie;Rose de Mai;Iris;Osmanthus","Vanille;Patchouli;Ambrette",,longue tenue,modéré (e),,,,,,,4.05
Giorgio Armani,Si Sono Io,https://www.fragrantica.fr/parfum/Giorgio-Armani/Si-Sono-Io-47190.html,femme,Eau de Parfum,2017,"vanilla;woody;soft spicy;aromatic;rose;floral;fruity;green;f_gender",Bourgeon de cassis,"Rose;Freesia","Vanille;Ambre;Patchouli;Notes boisées",,,,,,,,,,3.93
Giorgio Armani,Si White,https://www.fragrantica.fr/parfum/Giorgio-Armani/Si-White-28129.html,femme,Eau de Parfum,2014,"fruity;vanilla;floral;woody;rose;soft spicy;amber;patchouli;f_gender",Sirop de cassis,"Rose;Freesia","Vanille;Ambroxan;Patchouli;Notes boisées",,longue tenue,puissant,,,,,,,3.73
Giorgio Armani,Armani Privé Bleu Lazuli,https://www.fragrantica.fr/parfum/Giorgio-Armani/Armani-Prive-Bleu-Lazuli-48059.html,unisexe,Eau de Parfum,2018,"sweet;fruity;aromatic;warm spicy;honey;tobacco;floral;vanilla","Maté;Cardamome;Bergamote","Prune;Osmanthus;Jasmin","Miel;Tabac;Vanille;Bois de santal",,,,,,,,,,4.12
Giorgio Armani,Armani Privé Bleu Turquoise,https://www.fragrantica.fr/parfum/Giorgio-Armani/Armani-Prive-Bleu-Turquoise-48060.html,unisexe,Eau de Parfum,2018,"woody;vanilla;salty;warm spicy;amber;balsamic;smoky;powdery","Sel;Encens;Poivre noir","Ylang-ylang;Huile essentielle de cypriol;Jasmin d'Inde","Vanille;Bois de santal;Mousse",,longue tenue,puissant,,,,,,,4.12
Giorgio Armani,Armani Prive Rouge Malachite,https://www.fragrantica.fr/parfum/Giorgio-Armani/Armani-Prive-Rouge-Malachite-34589.html,unisexe,Eau de Parfum,2016,"white floral;amber;tuberose;soft spicy;animalic;woody;yellow floral;sweet","Tubéreuse;Poivre rose;Sauge sclarée","Tubéreuse;Jasmin Sambac;Ylang-ylang;Benjoin;Bois de cachemire;Fleur d'oranger","Tubéreuse;Ambre",,,,,,,,,,4.21
Giorgio Armani,Armani Prive Vert Malachite,https://www.fragrantica.fr/parfum/Giorgio-Armani/Armani-Prive-Vert-Malachite-34588.html,unisexe,Eau de Parfum,2016,"white floral;vanilla;yellow floral;citrus;sweet;soft spicy;amber;woody","Bigarade;Petit-grain","Jasmin Sambac;Ylang-ylang;Poivre rose","Lys;Vanille;Benjoin",,longue tenue,puissant,,,,,,,4.13
Giorgio Armani,Oud Nacré,https://www.fragrantica.fr/parfum/Giorgio-Armani/Oud-Nacre-121389.html,unisexe,Extrait de Parfum,2025,"warm spicy;woody;oud;white floral;patchouli;amber;metallic;musky","Safran;Jasmin","Oud;Patchouli","Vanilline;Bois de santal;Ambroxan",,longue tenue,modéré (e),,,,,,,4.37
Giorgio Armani,Rouge Malachite Limited Edition L'Or de Russie,https://www.fragrantica.fr/parfum/Giorgio-Armani/Rouge-Malachite-Limited-Edition-L-Or-de-Russie-47404.html,unisexe,Eau de Parfum,2017,"white floral;amber;tuberose;animalic;soft spicy;sweet;woody;yellow floral","Tubéreuse;Poivre rose;Sauge sclarée","Tubéreuse;Fleur d'oranger;Ylang-ylang;Jasmin Sambac;Bois de cachemire;Benjoin","Tubéreuse;Ambre",,longue tenue,puissant,,,,,,,4.03
Amouage,Beach Hut Man,https://www.fragrantica.fr/parfum/Amouage/Beach-Hut-Man-46336.html,homme,Eau de Parfum,2017,"green;woody;aromatic;earthy;mossy;fresh;fresh spicy;balsamic;f_gender","Menthe;Férule gommeuse;Fleur d'oranger","Lierre;Mousse;Vétiver","Notes boisées;Myrrhe;Patchouli",,,,,,,,,,4.19
Amouage,Cristal & Gold Man,https://www.fragrantica.fr/parfum/Amouage/Cristal-Gold-Man-88160.html,homme,Eau de Parfum,2023,"animalic;musky;amber;powdery;aldehydic;fresh;woody;honey;f_gender","Aldéhydes;Miel;Encens;Néroli;Bergamote;Petit-grain","Héliotrope;Jasmin;Rose de Damas;Ylang-ylang;Racine d'iris","Civette;Ambre gris;Ciste;Patchouli;Bois de santal;Vétiver;Gaïac",,,,,,,,,,4.21
Amouage,Cristal & Gold Woman,https://www.fragrantica.fr/parfum/Amouage/Cristal-Gold-Woman-88159.html,femme,Eau de Parfum,2023,"aldehydic;powdery;rose;fresh;amber;white floral;animalic;vanilla;f_gender","Aldéhydes;Néroli;Petit-grain;Encens;Bergamote","Rose;Jasmin;Héliotrope;Ylang-ylang;Racine d'iris","Ambre;Civette;Vanille bourbon;Vétiver;Ciste;Bois de santal",,,,,,,,,,4.61
Amouage,Dia Man,https://www.fragrantica.fr/parfum/Amouage/Dia-Man-1110.html,homme,Eau de Parfum,2002,"woody;amber;floral;warm spicy;earthy;aromatic;fresh;balsamic;f_gender","Encens;Cardamome;Bigarade;Ciste","Pivoine;Prune;Racine d'iris;Ylang-ylang","Vétiver;Palissandre du Brésil;Cuir;Ambre;Patchouli",,modéré (e),modéré (e),,,,,,,4.22
Amouage,Dia Woman,https://www.fragrantica.fr/parfum/Amouage/Dia-Woman-1109.html,femme,Eau de Parfum,2002,"fresh;floral;aldehydic;powdery;rose;woody;musky;soapy;f_gender","Aldéhydes;Cyclamen;Feuille de violette;Bergamote;Sauge;Estragon;Figue","Pivoine;Huile essentielle de rose de Turquie;Racine d'iris;Fleur d'oranger;Fleur de pêcher","Musc blanc;Héliotrope;Bois de santal;Encens;Cèdre;Vanille;Gaïac",,,,,,,,,,4.05
Amouage,Epic Man,https://www.fragrantica.fr/parfum/Amouage/Epic-Man-6537.html,homme,Eau de Parfum,2009,"amber;warm spicy;fresh spicy;smoky;woody;leather;balsamic;aromatic;f_gender","Poivre rose;Résine oliban;Safran;Noix de muscade;Cardamome;Carvi;Macis;Myrte","Myrrhe;Géranium","Encens;Oud;Cuir;Castoréum;Patchouli;Cèdre;Bois de santal;Styrax;Musc",,,,,,,,,,4.17
Amouage,Epic Woman,https://www.fragrantica.fr/parfum/Amouage/Epic-Woman-6538.html,femme,Eau de Parfum,2009,"fresh spicy;rose;woody;warm spicy;aromatic;amber;oud;powdery;f_gender","Carvi;Cannelle;Laurier rose","Rose de Damas;Thé;Géranium;Jasmin","Oud;Résine oliban;Patchouli;Ambre;Bois de santal;Gaïac;Vanille;Racine d'iris;Musc",,,,,,,,,,4.09
Amouage,Gold Man,https://www.fragrantica.fr/parfum/Amouage/Gold-Man-918.html,homme,Eau de Parfum,1983,"musky;white floral;amber;powdery;animalic;woody;rose;warm spicy;f_gender","Muguet;Cynorrhodon;Encens","Jasmin;Racine d'iris;Myrrhe","Civette;Musc;Mousse de chêne;Ambre;Bois de santal;Patchouli;Cèdre",,,,,,,,,,3.90
Amouage,Gold Woman,https://www.fragrantica.fr/parfum/Amouage/Gold-Woman-917.html,femme,Eau de Parfum,1983,"amber;white floral;powdery;musky;woody;animalic;rose;warm spicy;f_gender","Muguet;Rose;Encens","Encens;Jasmin;Racine d'iris;Myrrhe;Ciste","Civette;Musc;Bois de santal;Ambre;Cèdre;Mousse de chêne;Ambre gris;Patchouli",,,,,,,,,,3.93
Amouage,Guidance Hair Perfume,https://www.fragrantica.fr/parfum/Amouage/Guidance-Hair-Perfume-116529.html,unisexe,Eau de Parfum,2023,"fruity;floral;woody;nutty;vanilla;sweet;rose;white floral","Noisette;Poire;Encens","Osmanthus;Jasmin Sambac;Rose;Safran","Vanille;Bois de santal;Ambre gris;Bois d'Akigala",,longue tenue,modéré (e),,,,,,,4.12
Amouage,Honour Man,https://www.fragrantica.fr/parfum/Amouage/Honour-Man-12763.html,homme,Eau de Parfum,2011,"fresh spicy;aromatic;woody;warm spicy;amber;balsamic;soft spicy;musky;f_gender","Poivre;Poivre rose","Géranium;Élémi;Noix de muscade","Encens;Vétiver;Cèdre de Virginie;Musc;Patchouli;Fève de tonka",,,,,,,,,,3.99
Amouage,Honour Woman,https://www.fragrantica.fr/parfum/Amouage/Honour-Woman-12762.html,femme,Eau de Parfum,2011,"white floral;tuberose;green;aromatic;animalic;amber;floral;lactonic;f_gender","Rhubarbe;Poivre;Coriandre","Gardénia;Tubéreuse;Jasmin;Muguet;Œillet","Ambre;Encens;Opoponax;Vétiver;Cuir",,,,,,,,,,4.01
Amouage,Imitation Man,https://www.fragrantica.fr/parfum/Amouage/Imitation-Man-49850.html,homme,Eau de Parfum,2018,"leather;woody;powdery;rose;fresh spicy;iris;earthy;violet;f_gender",,,,,,,,,,,,,4.01
Amouage,Imitation Woman,https://www.fragrantica.fr/parfum/Amouage/Imitation-Woman-49851.html,femme,Eau de Parfum,2018,"woody;fruity;aldehydic;soft spicy;white floral;balsamic;fresh;sweet;f_gender","Ylang-ylang;Fleur d'oranger;Jasmin;Rose","Cassis;Aldéhydes;Réglisse","Encens;Patchouli;Bois de santal",,,,,,,,,,3.94
Amouage,Interlude Black Iris,https://www.fragrantica.fr/parfum/Amouage/Interlude-Black-Iris-60929.html,unisexe,Eau de Parfum,2020,"amber;woody;powdery;iris;fresh spicy;warm spicy;aromatic;leather","Feuille de violette;Romarin;Bergamote","Racine d'iris;Résine oliban;Myrrhe;Ambre;Ciste;Vanille","Cuir;Oud;Bois de santal;Patchouli;Cèdre",,,,,,,,,,4.20
Amouage,Interlude Man,https://www.fragrantica.fr/parfum/Amouage/Interlude-Man-15294.html,homme,Eau de Parfum,2012,"amber;balsamic;fresh spicy;smoky;warm spicy;woody;oud;leather;f_gender","Origan;Poivre;Bergamote","Encens;Opoponax;Ambre;Ciste","Oud;Cuir;Bois de santal;Patchouli",,,,,,,,,,4.12
Amouage,Interlude Woman,https://www.fragrantica.fr/parfum/Amouage/Interlude-Woman-15295.html,femme,Eau de Parfum,2012,"amber;sweet;warm spicy;balsamic;woody;herbal;smoky;nutty;f_gender","Souci;Gingembre;Pamplemousse;Bergamote","Encens;Noix;Immortelle;Kiwi;Miel;Opoponax;Café;Bois de santal;Rose;Fleur d'oranger;Jasmin","Cuir;Benjoin;Oud;Ambre;Bois de santal;Fève de tonka;Mousse de chêne;Vanille;Musc",,,,,,,,,,4.01
Amouage,Journey Man,https://www.fragrantica.fr/parfum/Amouage/Journey-Man-25251.html,homme,Eau de Parfum,2014,"fresh spicy;aromatic;citrus;amber;warm spicy;tobacco;smoky;woody;f_gender","Poivre du Sichuan;Cardamome;Bergamote;Néroli","Feuille de tabac;Encens;Baies de genévrier","Cuir;Huile essentielle de cypriol;Fève de tonka;Musc",,,,,,,,,,4.25
Amouage,Journey Woman,https://www.fragrantica.fr/parfum/Amouage/Journey-Woman-25252.html,femme,Eau de Parfum,2014,"floral;fruity;sweet;honey;powdery;tobacco;warm spicy;yellow floral;f_gender","Osmanthus;Abricot;Noix de muscade;Jasmin;Cardamome","Miel;Mimosa;Jasmin Sambac;Cèdre","Tabac;Safran;Vanille;Huile essentielle de cypriol;Musc",,,,,,,,,,4.01
Amouage,Jubilation 25 Woman,https://www.fragrantica.fr/parfum/Amouage/Jubilation-25-Woman-2367.html,femme,Eau de Parfum,2007,"amber;aromatic;woody;balsamic;warm spicy;yellow floral;sweet;smoky;f_gender","Ylang-ylang;Rose;Estragon;Citron","Encens;Rose;Ciste;Armoise","Myrrhe;Ambre;Patchouli;Vétiver;Musc",,,,,,,,,,4.05
Amouage,Jubilation XXV Man,https://www.fragrantica.fr/parfum/Amouage/Jubilation-XXV-Man-2366.html,homme,Eau de Parfum,2007,"amber;sweet;warm spicy;woody;balsamic;fruity;fresh spicy;oud;f_gender","Mûre;Résine oliban;Ciste;Orange;Coriandre;Estragon","Miel;Gaïac;Cannelle;Clou de girofle;Feuille de laurier;Rose;Orchidée;Graines de céleri","Opoponax;Oud;Myrrhe;Patchouli;Ambre gris;Musc;Cèdre;Immortelle;Mousse de chêne",,,,,,,,,,4.38
Amouage,Lyric Man,https://www.fragrantica.fr/parfum/Amouage/Lyric-Man-4622.html,homme,Eau de Parfum,2008,"rose;citrus;musky;powdery;woody;fresh spicy;amber;floral;f_gender","Citron vert;Bergamote","Rose;Angélique;Gingembre;Fleur d'oranger;Safran;Noix de muscade;Férule gommeuse","Musc;Encens;Bois de santal;Pin;Vanille",,,,,,,,,,4.14
Amouage,Lyric Woman,https://www.fragrantica.fr/parfum/Amouage/Lyric-Woman-4623.html,femme,Eau de Parfum,2008,"warm spicy;woody;rose;amber;aromatic;powdery;fresh spicy;balsamic;f_gender","Cardamome;Cannelle;Gingembre;Bergamote","Rose;Géranium;Ylang-ylang;Racine d'iris;Angélique;Jasmin","Encens;Bois de santal;Notes boisées;Musc;Patchouli;Fève de tonka;Mousse de chêne;Vanille;Vétiver",,,,,,,,,,4.05
Amouage,Memoir Man,https://www.fragrantica.fr/parfum/Amouage/Memoir-Man-10145.html,homme,Eau de Parfum,2010,"aromatic;fresh spicy;woody;green;amber;smoky;balsamic;warm spicy;f_gender","Absinthe;Menthe;Basilic","Encens;Lavande;Rose","Tabac;Cuir;Bois de santal;Gaïac;Vétiver;Mousse de chêne;Ambre;Vanille;Musc",,,,,,,,,,4.26
Amouage,Memoir Woman,https://www.fragrantica.fr/parfum/Amouage/Memoir-Woman-10146.html,femme,Eau de Parfum,2010,"warm spicy;amber;smoky;woody;leather;aromatic;balsamic;musky;f_gender","Absinthe;Cardamome;Poivre rose;Mandarine","Encens;Clou de girofle;Notes boisées;Rose;Fleurs blanches;Poivre;Jasmin","Cuir;Ciste de France;Castoréum;Styrax;Mousse de chêne;Musc",,,,,,,,,,4.21
Amouage,Myths Man,https://www.fragrantica.fr/parfum/Amouage/Myths-Man-38259.html,homme,Eau de Parfum,2016,"smoky;aromatic;woody;leather;herbal;iris;fresh spicy;earthy;f_gender","Chrysanthème;Racine d'iris","Élémi;Rhum;Vétiver;Rose","Frêne;Cuir;Ciste",,,,,,,,,,4.31
Amouage,Myths Woman,https://www.fragrantica.fr/parfum/Amouage/Myths-Woman-38260.html,femme,Eau de Parfum,2016,"mossy;herbal;earthy;floral;yellow floral;amber;woody;aromatic;f_gender","Chrysanthème;Narcisse;Feuille de violette;Ciste","Œillet;Ambre gris;Patchouli","Mousse;Cuir;Musc",,,,,,,,,,3.69
Amouage,Overture Man,https://www.fragrantica.fr/parfum/Amouage/Overture-Man-55859.html,homme,Eau de Parfum,2019,"warm spicy;amber;woody;smoky;fresh spicy;animalic;balsamic;aromatic;f_gender","Cognac;Cumin;Cardamome;Noix de muscade;Safran;Gingembre;Pamplemousse","Myrrhe;Cannelle;Benjoin;Ciste;Lentisque;Patchouli;Géranium","Notes animales;Fumée;Encens;Cuir;Bois de santal;Sauge sclarée",,,,,,,,,,4.24
Amouage,Overture Woman,https://www.fragrantica.fr/parfum/Amouage/Overture-Woman-62331.html,femme,Eau de Parfum,2020,"warm spicy;amber;leather;fruity;woody;fresh spicy;rose;cinnamon;f_gender","Brandy;Pomme;Safran;Bergamote","Benjoin;Myrrhe;Cannelle;Rose de Mai;Géranium","Cuir;Résine oliban;Ciste",,,,,,,,,,3.83
Amouage,Portrayal Man,https://www.fragrantica.fr/parfum/Amouage/Portrayal-Man-54460.html,homme,Eau de Parfum,2019,"aromatic;woody;ozonic;aquatic;fresh spicy;green;earthy;fresh;f_gender",Feuille de violette,Vétiver,Huile de cade,,,,,,,,,,4.03
Amouage,Portrayal Woman,https://www.fragrantica.fr/parfum/Amouage/Portrayal-Woman-54459.html,femme,Eau de Parfum,2019,"white floral;tobacco;vanilla;aromatic;sweet;balsamic;conifer;floral;f_gender",Jasmin,"Tabac;Vanille",Élémi,,,,,,,,,,4.09
Amouage,Reflection Man,https://www.fragrantica.fr/parfum/Amouage/Reflection-Man-920.html,homme,Eau de Parfum,2006,"woody;white floral;aromatic;powdery;fresh spicy;iris;citrus;earthy;f_gender","Romarin;Poivre rose;Petit-grain","Jasmin;Néroli;Racine d'iris;Ylang-ylang","Bois de santal;Cèdre;Vétiver;Patchouli",,,,,,,,,,4.39
Amouage,Reflection Woman,https://www.fragrantica.fr/parfum/Amouage/Reflection-Woman-919.html,femme,Eau de Parfum,2006,"floral;green;powdery;violet;white floral;woody;citrus;fresh;f_gender","Feuilles vertes;Freesia;Violette d'eau","Magnolia;Jasmin","Cèdre;Bois de santal;Ambre",,,,,,,,,,3.73
Amouage,Sunshine Woman,https://www.fragrantica.fr/parfum/Amouage/Sunshine-Woman-28182.html,femme,Eau de Parfum,2014,"fruity;floral;white floral;vanilla;almond;soft spicy;woody;nutty;f_gender","Amande;Cassis;Davana","Osmanthus;Vanille;Magnolia;Jasmin","Tabac sylvestre;Papyrus;Patchouli;Huile de cade",,,,,,,,,,4.05
Amouage,Amber Sogara,https://www.fragrantica.fr/parfum/Amouage/Amber-Sogara-81279.html,unisexe,Eau de Parfum,2023,"aldehydic;musky;floral;rose;fresh;soapy;aromatic;citrus",Aldéhydes,Rose,Ambrette,,,,,,,,,,3.97
Amouage,Incense Rori,https://www.fragrantica.fr/parfum/Amouage/Incense-Rori-71112.html,unisexe,Eau de Parfum,2021,"amber;woody;mossy;fresh spicy;earthy;warm spicy;aromatic;balsamic",,,,"Résine oliban;Mousse de chêne;Cèdre",,,,,,,,,4.39
Amouage,Leather Sadah,https://www.fragrantica.fr/parfum/Amouage/Leather-Sadah-71107.html,unisexe,Extrait de Parfum,2021,"vanilla;leather;oud;animalic;powdery;smoky;sweet;fresh spicy",,,,"Vanille;Cuir;Oud",,,,,,,,,4.29
Amouage,Luban Al Akhdar,https://www.fragrantica.fr/parfum/Amouage/Luban-Al-Akhdar-110974.html,unisexe,Eau de Parfum,2025,"amber;fresh;aldehydic;citrus;fresh spicy;warm spicy;balsamic;aromatic",,,,"Encens;Aldéhydes;Agrumes;Myrrhe;Ciste",,,,,,,,,4.21
Amouage,Orris Wakan,https://www.fragrantica.fr/parfum/Amouage/Orris-Wakan-71109.html,unisexe,Eau de Parfum,2021,"powdery;iris;woody;musky;earthy;warm spicy;balsamic;floral",,,,"Racine d'iris;Musc blanc;Bois de santal",,,,,,,,,4.00
Amouage,Oud Kumzar,https://www.fragrantica.fr/parfum/Amouage/Oud-Kumzar-92554.html,unisexe,Eau de Parfum,2022,"oud;fresh spicy",,,,Oud indien,longue tenue,énorme,,,,,,,4.18
Amouage,Oud Ulya,https://www.fragrantica.fr/parfum/Amouage/Oud-Ulya-71108.html,unisexe,Eau de Parfum,2021,"leather;oud;smoky;animalic;musky;vanilla;powdery;woody",,,,"Oud;Goudron de bouleau;Vanille;Castoréum;Civette",,,,,,,,,4.33
Amouage,Rose Aqor,https://www.fragrantica.fr/parfum/Amouage/Rose-Aqor-71110.html,unisexe,Eau de Parfum,2021,"amber;rose;woody;warm spicy;fresh spicy;balsamic;floral;powdery",,,,"Rose;Résine oliban;Ciste;Bois de santal",,,,,,,,,4.22
Amouage,Saffron Hamra,https://www.fragrantica.fr/parfum/Amouage/Saffron-Hamra-71113.html,unisexe,Eau de Parfum,2021,"warm spicy;aromatic;metallic;fresh spicy;rose;leather;woody;tobacco",,,"Safran;Huile de cade;Rose",,,,,,,,,,4.43
Amouage,Santal Sohar,https://www.fragrantica.fr/parfum/Amouage/Santal-Sohar-81278.html,unisexe,Eau de Parfum,2023,"woody;warm spicy;powdery;rose;balsamic;aromatic;floral;citrus",Rose,Clou de girofle,Bois de santal,,,,,,,,,,4.25
Amouage,Suede Ibri,https://www.fragrantica.fr/parfum/Amouage/Suede-Ibri-134788.html,unisexe,Eau de Parfum,2026,"violet;powdery;leather;warm spicy;metallic;floral;fresh;tobacco",,,,,,,,,,,,,3.29
Amouage,Tonka Misfah,https://www.fragrantica.fr/parfum/Amouage/Tonka-Misfah-134787.html,unisexe,Eau de Parfum,2026,"vanilla;warm spicy;sweet;amber;aromatic;metallic;leather;powdery",,,,"Fève de tonka;Vanille;Safran",,,,,,,,,3.79
Amouage,Vanilla Barka,https://www.fragrantica.fr/parfum/Amouage/Vanilla-Barka-71111.html,unisexe,Extrait de Parfum,2021,"vanilla;amber;sweet;aromatic;warm spicy;balsamic;fresh spicy;powdery",,,"Fève de tonka;Vanille;Résine oliban",,,,,,,,,,4.44
Amouage,Elsewhere,https://www.fragrantica.fr/parfum/Amouage/Elsewhere-136307.html,unisexe,Eau de Parfum,2026,"sweet;woody;honey;fruity;warm spicy;aromatic;vanilla;green","Miel;Abricot;Cardamome;Grenade;Mangue;Tangerine;Gingembre;Poivre rose;Pamplemousse","Cappuccino;Thé noir;Davana","Fève de tonka;Vanille;Patchouli;Vétiver;Cèdre;Huile essentielle de cypriol;Ciste",,,,,,,,,,4.16
Amouage,Line 618,https://www.fragrantica.fr/parfum/Amouage/Line-618-121882.html,unisexe,Eau de Parfum,2026,"woody;sweet;coconut;fruity;amber;powdery;fresh spicy;warm spicy","Encens;Ananas;Pêche;Poivre noir;Prune","Lait de coco;Pin;Héliotrope","Bois de santal;Cuir;Gaïac;Patchouli",,,,,,,,,,3.74
Amouage,Lustre,https://www.fragrantica.fr/parfum/Amouage/Lustre-97927.html,unisexe,Eau de Parfum,2024,"amber;warm spicy;woody;balsamic;powdery;vanilla;aromatic;earthy","Cardamome;Racine d'iris","Bois de santal;Cèdre;Patchouli","Myrrhe;Benjoin;Ambrarome;Vanille;Styrax;Ciste;Huile essentielle de cypriol;Fève de tonka",,,,,,,,,,3.88
Amouage,Oud Zuhal,https://www.fragrantica.fr/parfum/Amouage/Oud-Zuhal-125753.html,unisexe,Eau de Parfum,2026,"warm spicy;fresh spicy;oud;patchouli;aromatic;soft spicy;woody;amber","Cardamome;Poivre noir;Poivre rose","Oud;Patchouli","Oud d'Indonésie;Ambre",,très longue tenue,puissant,,,,,,,4.20
Amouage,Outlands,https://www.fragrantica.fr/parfum/Amouage/Outlands-97924.html,unisexe,Eau de Parfum,2024,"amber;warm spicy;aromatic;fresh spicy;citrus;balsamic;vanilla;woody","Encens;Cardamome;Élémi;Citron;Bergamote;Poivre du Sichuan","Patchouli;Anis;Coriandre;Cumin;Safran;Absinthe;Fleur d'oranger;Géranium;Rose","Encens;Vanille;Ambre;Benjoin;Oud;Opoponax;Bouleau;Ambre gris;Ciste;Maltol;Musc",,,,,,,,,,4.32
Amouage,Reasons,https://www.fragrantica.fr/parfum/Amouage/Reasons-97925.html,unisexe,Eau de Parfum,2024,"woody;amber;warm spicy;aromatic;balsamic;powdery;musky;sweet","Cardamome;Poivre rose;Noisette;Cannelle","Pin;Huile essentielle de cypriol;Davana;Bois de cachemire;Ambre blanc;Patchouli","Palo santo;Myrrhe;Bois de santal;Benjoin;Cèdre;Mousse de chêne;Musc;Ciste;Vétiver",,,,,,,,,,3.64
Amouage,Reception,https://www.fragrantica.fr/parfum/Amouage/Reception-110438.html,unisexe,Eau de Parfum,2025,"aromatic;woody;amber;soft spicy;fresh spicy;warm spicy;citrus;coffee","Coriandre;Pin;Poivre rose;Café;Genévrier;Citron;Ciste","Encens;Cèdre;Patchouli","Palo santo;Vanille;Musc;Huile essentielle de cypriol",,,,,,,,,,3.91
Amouage,Remain,https://www.fragrantica.fr/parfum/Amouage/Remain-121883.html,unisexe,Eau de Parfum,2026,"vanilla;woody;amber;warm spicy;sweet;aromatic;yellow floral;fresh spicy","Encens;Piment;Bergamote;Mandarine","Ylang-ylang;Genévrier;Lys;Jasmin","Vanille;Fève de tonka;Gaïac;Patchouli;Ambre gris",,,,,,,,,,3.88
Amouage,Sequence,https://www.fragrantica.fr/parfum/Amouage/Sequence-121884.html,unisexe,Eau de Parfum,2026,"fruity;leather;sweet;oud;rose;amber;animalic;floral","Framboise;Litchi;Safran","Rose;Fève de tonka;Osmanthus","Cuir;Oud;Amberwood",,,,,,,,,,3.98
Amouage,Sindbad,https://www.fragrantica.fr/parfum/Amouage/Sindbad-116626.html,unisexe,Eau de Parfum,2025,"woody;sweet;fruity;aromatic;honey;green;warm spicy;citrus","Miel;Abricot;Cardamome;Grenade;Gingembre;Tangerine;Mangue;Poivre rose;Pamplemousse","Cappuccino;Thé noir;Davana","Cèdre;Fève de tonka;Vanille;Huile essentielle de cypriol;Vétiver;Patchouli;Ciste",,,,,,,,,,3.98
Amouage,Dia 40 Woman,https://www.fragrantica.fr/parfum/Amouage/Dia-40-Woman-87957.html,femme,Eau de Parfum,2023,"aldehydic;fresh;floral;powdery;woody;musky;aromatic;rose;f_gender","Aldéhydes;Musc;Cyclamen;Feuille de violette;Cassis","Rose;Œillet;Ylang-ylang;Ciste Incanus;Feuille de laurier;Fleur d'oranger;Estragon","Racine d'iris;Bois de santal;Amyris;Gaïac",,,,,,,,,,4.05
Amouage,Epic 56 Woman,https://www.fragrantica.fr/parfum/Amouage/Epic-56-Woman-69700.html,femme,Eau de Parfum,2021,"fresh spicy;rose;woody;amber;warm spicy;floral;powdery;oud;f_gender","Poivre rose;Cumin;Cannelle","Rose de Damas;Thé au jasmin;Géranium","Résine oliban;Oud;Patchouli;Gaïac;Ambre;Bois de santal;Musc;Racine d'iris;Vanille",,très longue tenue,puissant,,,,,,,4.32
Amouage,Guidance 46,https://www.fragrantica.fr/parfum/Amouage/Guidance-46-94033.html,unisexe,Extrait de Parfum,2024,"woody;fruity;nutty;floral;amber;warm spicy;sweet;rose",,,,,,,,,,,,,4.17
Amouage,Honour 43 Woman,https://www.fragrantica.fr/parfum/Amouage/Honour-43-Woman-69701.html,femme,Eau de Parfum,2021,"white floral;tuberose;green;aromatic;woody;fresh;floral;warm spicy;f_gender","Feuille de rhubarbe;Poivre;Coriandre","Tubéreuse;Muguet;Jasmin;Œillet","Bois de santal;Vétiver;Opoponax;Ciste;Résine oliban;Cuir",,,,,,,,,,4.36
Amouage,Interlude 53 Man,https://www.fragrantica.fr/parfum/Amouage/Interlude-53-Man-64153.html,homme,Eau de Parfum,2020,"amber;smoky;balsamic;woody;warm spicy;fresh spicy;oud;leather;f_gender","Origan;Piment;Bergamote","Encens;Ambre;Opoponax;Ciste","Fumée;Oud;Cuir;Patchouli;Bois de santal",,,,,,,,,,4.42
Amouage,Jubilation 40 Man,https://www.fragrantica.fr/parfum/Amouage/Jubilation-40-Man-87958.html,homme,Eau de Parfum,2023,"amber;woody;fruity;warm spicy;balsamic;sweet;fresh spicy;aromatic;f_gender","Mûre;Ciste;Cassis;Romarin;Orange;Davana","Encens;Feuille de laurier;Cannelle;Clou de girofle;Genêt;Graines de céleri;Rose","Oud;Opoponax;Patchouli;Myrrhe;Gaïac;Mousse;Musc;Ambre gris;Cèdre;Ciste Incanus",,,,,,,,,,4.44
Amouage,Purpose 50,https://www.fragrantica.fr/parfum/Amouage/Purpose-50-100897.html,unisexe,Eau de Parfum,2025,"woody;warm spicy;amber;oud;fresh spicy;leather;aromatic;powdery","Encens;Piment;Poivre rose;Bergamote","Bois de santal;Vétiver;Papyrus;Rose","Bois d'Akigala;Daim;Vanille;Mystikal;Safran",,,,,,,,,,4.35
Amouage,Purpose 50 Royal Drop,https://www.fragrantica.fr/parfum/Amouage/Purpose-50-Royal-Drop-118476.html,unisexe,Eau de Parfum,2025,"woody;fresh spicy;warm spicy;leather;amber;vanilla;oud;soft spicy","Encens;Quatre-épices;Poivre rose;Bergamote","Papyrus;Rose;Vétiver;Bois de santal","Safran;Bois d'Akigala;Vanille;Daim;Mystikal",,,,,,,,,,3.07
Amouage,Reflection 45 Man,https://www.fragrantica.fr/parfum/Amouage/Reflection-45-Man-69488.html,homme,Eau de Parfum,2021,"aromatic;woody;amber;warm spicy;powdery;white floral;fresh spicy;iris;f_gender","Lavande;Baies de genévrier;Cardamome;Sauge sclarée;Benjoin;Poivre rose","Iris;Jasmin;Néroli;Angélique;Fève de tonka;Vanille","Résine oliban;Cèdre;Bois de santal;Vétiver;Patchouli;Myrrhe;Opoponax",,,,,,,,,,4.38
Amouage,Opus V – Woods Symphony,https://www.fragrantica.fr/parfum/Amouage/Opus-V-Woods-Symphony-74283.html,unisexe,Eau de Parfum,2011,"iris;woody;powdery;rose;oud;white floral;musky;animalic","Racine d'iris;Rhum","Racine d'iris;Rose;Jasmin","Oud;Bois sec;Civette",,,,,,,,,,3.95
Amouage,Opus VII – Reckless Leather,https://www.fragrantica.fr/parfum/Amouage/Opus-VII-Reckless-Leather-74284.html,unisexe,Eau de Parfum,2013,"fresh spicy;amber;woody;warm spicy;leather;aromatic;green;animalic","Fenugrec;Férule gommeuse;Cardamome;Poivre rose;Noix de muscade","Cuir;Oud;Ambre gris;Patchouli;Ambroxan","Résine oliban;Huile essentielle de cypriol;Bois de santal;Costus;Musc",,,,,,,,,,3.38
Amouage,Opus XII – Rose Incense,https://www.fragrantica.fr/parfum/Amouage/Opus-XII-Rose-Incense-74282.html,unisexe,Eau de Parfum,2019,"amber;rose;aromatic;woody;balsamic;warm spicy;fresh spicy;floral","Résine oliban;Encre;Élémi","Rose de Damas;Résine oliban","Myrrhe;Bois de santal;Vanille;Cèdre",,longue tenue,puissant,,,,,,,4.22
Amouage,Opus XIII – Silver Oud,https://www.fragrantica.fr/parfum/Amouage/Opus-XIII-Silver-Oud-74285.html,unisexe,Eau de Parfum,2021,"woody;leather;oud;smoky;balsamic;earthy;amber;vanilla","Huile essentielle de cypriol;Patchouli;Cèdre de Virginie","Oud;Vanille de Madagascar","Castoréum;Bouleau;Gaïac;Ambrarome",,,,,,,,,,3.91
Amouage,Opus XIV – Royal Tobacco,https://www.fragrantica.fr/parfum/Amouage/Opus-XIV-Royal-Tobacco-75064.html,unisexe,Eau de Parfum,2022,"amber;sweet;balsamic;soft spicy;aromatic;warm spicy;fresh spicy;tobacco","Résine oliban;Anis;Résine d'élémi;Cardamome;Basilic;Bergamote","Tabac;Réglisse;Fenugrec;Lavande;Prunol;Osmanthus;Fleur d'oranger;Rose","Résine oliban;Myrrhe;Vanille bourbon;Goudron de bouleau;Benjoin;Oud;Baumier du Pérou;Ciste;Gaïac;Fève de tonka;Vétiver;Musc",,,,,,,,,,4.21
Amouage,Opus XV – King Blue,https://www.fragrantica.fr/parfum/Amouage/Opus-XV-King-Blue-83394.html,unisexe,Eau de Parfum,2023,"woody;oud;amber;fruity;citrus;leather;fresh spicy;animalic","Mandarine;Cassis;Poivre rose","Encens;Ambre","Oud;Cuir;Chêne;Bois de santal;Patchouli",,,,,,,,,,3.81
Amouage,Opus XVI – Timber,https://www.fragrantica.fr/parfum/Amouage/Opus-XVI-Timber-112699.html,unisexe,Eau de Parfum,2025,"woody;aromatic;fresh spicy;warm spicy;amber;powdery;balsamic;vanilla","Cyprès;Genévrier;Cardamome;Poivre rose;Cacao","Encens;Sapin;Lavande","Bois de santal;Palo santo;Cèdre;Vanille;Patchouli",,longue tenue,puissant,,,,,,,4.21
Amouage,Ashore,https://www.fragrantica.fr/parfum/Amouage/Ashore-62858.html,unisexe,Eau de Parfum,2020,"white floral;warm spicy;amber;woody;floral;animalic;aldehydic;balsamic","Cardamome;Curcuma;Poivre rose","Jasmin Sambac;Notes solaires;Rose","Ambre gris;Résine oliban;Bois de santal",,,,,,,,,,3.85
Amouage,Crimson Rocks,https://www.fragrantica.fr/parfum/Amouage/Crimson-Rocks-62857.html,unisexe,Eau de Parfum,2020,"woody;cinnamon;rose;warm spicy;honey;sweet;soft spicy;floral","Cannelle;Poivre rose","Miel;Rose","Chêne;Cèdre Atlas;Vétiver",,,,,,,,,,3.79
Amouage,Enclave,https://www.fragrantica.fr/parfum/Amouage/Enclave-62856.html,unisexe,Eau de Parfum,2020,"amber;aromatic;warm spicy;green;woody;fresh spicy;balsamic;cinnamon","Menthe poivrée;Cardamome;Cannelle;Poivre rose;Menthe verte","Résine oliban;Patchouli;Vétiver;Rose","Amber Xtreme;Ciste;Cuir",,longue tenue,puissant,,,,,,,4.15
Amouage,Meander,https://www.fragrantica.fr/parfum/Amouage/Meander-62859.html,unisexe,Eau de Parfum,2020,"woody;powdery;earthy;warm spicy;iris;amber;fresh spicy;aromatic","Résine oliban;Graines de carotte;Poivre noir;Poivre rose","Racine d'iris;Huile essentielle de cypriol;Narcisse;Rose","Bois de santal;Résine oliban;Vétiver",,,,,,,,,,4.12
Amouage,Boundless,https://www.fragrantica.fr/parfum/Amouage/Boundless-66528.html,unisexe,Eau de Parfum,2021,"warm spicy;amber;balsamic;aromatic;woody;sweet;tobacco;vanilla","Cardamome;Orange sanguine;Gingembre;Élémi","Vanille bourbon;Benjoin","Tabac;Myrrhe;Encens;Cacao;Gaïac;Patchouli;Vétiver;Papyrus;Mousse de chêne",,,,,,,,,,4.18
Amouage,Material,https://www.fragrantica.fr/parfum/Amouage/Material-66527.html,unisexe,Eau de Parfum,2021,"amber;vanilla;balsamic;warm spicy;woody;aromatic;smoky;patchouli","Élémi;Patchouli","Benjoin;Vanille de Madagascar","Fève de tonka;Encens;Ciste;Gaïac;Oud;Osmanthus",,,,,,,,,,3.93
Amouage,Guidance,https://www.fragrantica.fr/parfum/Amouage/Guidance-78656.html,unisexe,Eau de Parfum,2023,"woody;amber;warm spicy;fruity;nutty;sweet;powdery;vanilla","Poire;Noisette;Résine oliban","Osmanthus;Rose;Safran;Jasmin Sambac","Bois de santal;Vanille;Bois d'Akigala;Ambre gris;Ciste",,modéré (e),modéré (e),,,,,,,3.80
Amouage,Lineage,https://www.fragrantica.fr/parfum/Amouage/Lineage-78654.html,unisexe,Eau de Parfum,2023,"amber;fresh spicy;warm spicy;woody;balsamic;citrus;aromatic;herbal","Poivre du Sichuan;Gingembre;Poivre péruvien;Safran","Résine oliban;Myrrhe;Fenugrec","Résine oliban;Myrrhe;Ciste;Benjoin;Vétiver;Patchouli",,longue tenue,modéré (e),,,,,,,3.69
Amouage,Purpose,https://www.fragrantica.fr/parfum/Amouage/Purpose-78657.html,unisexe,Extrait de Parfum,2023,"woody;warm spicy;fresh spicy;amber;aromatic;leather;oud;earthy","Résine oliban;Poivres noir et rose;Piment;Bergamote","Vétiver;Papyrus;Bois de santal;Rose","Bois d'Akigala;Daim;Safran;Mystikal",,longue tenue,puissant,,,,,,,3.89
Amouage,Search,https://www.fragrantica.fr/parfum/Amouage/Search-78655.html,unisexe,Eau de Parfum,2023,"citrus;aromatic;fresh spicy;woody;amber;conifer;balsamic;warm spicy","Citron vert;Citron;Mandarine","Résine oliban;Poivre noir;Élémi","Huile de cade;Vétiver;Gaïac",,,,,,,,,,3.97
Amouage,Decision,https://www.fragrantica.fr/parfum/Amouage/Decision-103892.html,unisexe,Eau de Parfum,2025,"amber;aromatic;warm spicy;fresh spicy;woody;vanilla;balsamic;citrus","Cardamome;Bergamote;Poivre rose","Encens;Myrrhe;Baies de genévrier","Vanille;Cèdre;Patchouli",,longue tenue,puissant,,,,,,,4.31
Amouage,Existence,https://www.fragrantica.fr/parfum/Amouage/Existence-103893.html,unisexe,Eau de Parfum,2025,"amber;fresh;aldehydic;white floral;rose;musky;soapy;warm spicy","Aldéhydes;Muguet;Rose","Encens;Mystikal;Ciste","Musc blanc;Benjoin;Ambre gris",,,,,,,,,,3.85
Amouage,Blossom Love,https://www.fragrantica.fr/parfum/Amouage/Blossom-Love-43476.html,femme,Eau de Parfum,2017,"vanilla;floral;almond;fruity;powdery;amber;sweet;fresh;f_gender","Héliotrope;Bergamote","Amaretto;Fleur de cerisier;Ylang-ylang;Rose","Vanille;Fève de tonka;Daim;Ambre",,,,,,,,,,3.61
Amouage,Lilac Love,https://www.fragrantica.fr/parfum/Amouage/Lilac-Love-35624.html,femme,Eau de Parfum,2016,"vanilla;floral;powdery;cacao;warm spicy;white floral;fresh;sweet;f_gender","Héliotrope;Lilas;Gardénia;Jasmin;Pivoine;Rose","Cacao;Fève de tonka;Racine d'iris","Vanille;Bois de santal;Patchouli",,,,,,,,,,3.92
Amouage,Love Delight,https://www.fragrantica.fr/parfum/Amouage/Love-Delight-89959.html,femme,Eau de Parfum,2024,"vanilla;powdery;warm spicy;citrus;white floral;fresh spicy;cacao;cinnamon;f_gender","Gingembre;Mandarine;Cannelle;Eau de rose","Héliotrope;Jasmin;Rose","Vanille;Cacao;Rhum;Huile essentielle de cypriol",,longue tenue,modéré (e),,,,,,,3.96
Amouage,Love Hibiscus,https://www.fragrantica.fr/parfum/Amouage/Love-Hibiscus-126673.html,femme,Eau de Parfum,2026,"woody;floral;powdery;fresh spicy;tropical;vanilla;sweet;fruity;f_gender","Fruit de la passion;Caramel salé;Bergamote","Hibiscus;Racine d'iris;Encens","Vanille;Bois de santal;Huile essentielle de cypriol",,,,,,,,,,3.70
Amouage,Love Tuberose,https://www.fragrantica.fr/parfum/Amouage/Love-Tuberose-50889.html,femme,Eau de Parfum,2018,"white floral;vanilla;tuberose;sweet;lactonic;animalic;powdery;woody;f_gender","Tubéreuse;Gardénia;Jasmin","Crème fouettée;Vanille","Bois de santal;Cèdre",,,,,,,,,,4.13
Amouage,Afrah,https://www.fragrantica.fr/parfum/Amouage/Afrah-13480.html,unisexe,Eau de Parfum,,"rose;oud;floral;powdery;fresh spicy;amber;woody;aromatic","Rose de Taïf;Champaca;Basilic",Oud,"Bois de santal;Ambre",,,,,,,,,,4.45
Amouage,Ajwad,https://www.fragrantica.fr/parfum/Amouage/Ajwad-20490.html,unisexe,Eau de Parfum,2012,"rose;oud;powdery;amber;woody;animalic;balsamic;floral",,,,"Rose de Taïf;Oud;Ambre gris;Bois de santal;Musc",,,,,,,,,4.43
Amouage,Al Andalus,https://www.fragrantica.fr/parfum/Amouage/Al-Andalus-13481.html,femme,Eau de Parfum,,"aromatic;citrus;fresh spicy;white floral;woody;soft spicy;mossy;fresh;f_gender","Romarin;Limone Costa d'Amalfi;Fleur d'oranger d'Afrique","Sauge sclarée;Géranium;Muguet","Mousse de chêne;Bois de santal;Musc",,très longue tenue,modéré (e),,,,,,,4.22
Amouage,Al Mas,https://www.fragrantica.fr/parfum/Amouage/Al-Mas-20488.html,unisexe,Eau de Parfum,2010,"warm spicy;woody;aromatic;fresh spicy;oud;amber;rose;metallic","Romarin;Citron","Safran;Rose;Notes orientales;Géranium;Sauge sclarée;Muguet","Oud;Cèdre;Bois de santal;Ambre gris;Mousse;Musc",,,,,,,,,,4.34
Amouage,Al Shomoukh,https://www.fragrantica.fr/parfum/Amouage/Al-Shomoukh-13482.html,femme,Eau de Parfum,,"rose;oud;floral;aromatic;woody;powdery;earthy;fresh spicy;f_gender",,,,"Rose de Taïf;Oud;Vétiver;Notes fleuries",très longue tenue,énorme,,,,,,,4.46
Amouage,Amanie,https://www.fragrantica.fr/parfum/Amouage/Amanie-53245.html,femme,Eau de Parfum,2006,"aromatic;green;warm spicy;woody;powdery;musky;tuberose;floral;f_gender",,,,"Verveine;Sauge sclarée;Tubéreuse;Myrrhe;Menthe;Notes vertes;Œillet;Musc;Castoréum;Violette;Narcisse;Bois de santal;Aldéhydes;Notes épicées;Patchouli",,,,,,,,,3.94
Amouage,Amber,https://www.fragrantica.fr/parfum/Amouage/Amber-20489.html,unisexe,Eau de Parfum,,"amber;animalic;woody;powdery;balsamic;musky;warm spicy;rose",,,,"Ambre gris;Bois de santal;Musc;Ambre;Rose;Cèdre",très longue tenue,énorme,,,,,,,4.24
Amouage,Arcus,https://www.fragrantica.fr/parfum/Amouage/Arcus-5760.html,homme,Eau de Parfum,2006,"fresh spicy;citrus;aromatic;woody;green;fresh;floral;lavender;f_gender","Citron vert;Bergamote;Feuille de figuier","Cyclamen;Basilic;Lavande;Géranium","Bois de teck;Litchi;Ambre;Patchouli",,,,,,,,,,3.77
Amouage,Asana,https://www.fragrantica.fr/parfum/Amouage/Asana-32883.html,unisexe,Extrait de Parfum,2005,"woody;floral;amber;aromatic;white floral;powdery;fresh spicy;warm spicy","Mandarine;Cardamome;Noix de muscade","Jasmin;Violette;Freesia;Fleur d'abricotier;Cyclamen","Cèdre;Amyris;Résine oliban;Ambre;Fève de tonka",,,,,,,,,,3.40
Amouage,Asrar,https://www.fragrantica.fr/parfum/Amouage/Asrar-13483.html,unisexe,Eau de Parfum,,"warm spicy;woody;oud;powdery;amber;metallic;leather;musky","Safran;Epices","Ambre;Musc","Oud;Bois de santal;Notes boisées",,,,,,,,,,4.41
Amouage,Attar Al Jawhar,https://www.fragrantica.fr/parfum/Amouage/Attar-Al-Jawhar-69087.html,unisexe,Eau de Parfum,2007,"musky;white floral;powdery;oud;woody;warm spicy;animalic;floral",Jasmin,"Musc;Oud",Bois de santal,,longue tenue,puissant,,,,,,,3.00
Amouage,Attar Bashair,https://www.fragrantica.fr/parfum/Amouage/Attar-Bashair-69088.html,unisexe,Eau de Parfum,2010,"musky;amber;powdery;oud;rose;warm spicy;metallic;leather",,,,"Angélique;Oud;Rose;Safran",,,,,,,,,3.50
Amouage,Ayoon Al Maha,https://www.fragrantica.fr/parfum/Amouage/Ayoon-Al-Maha-13484.html,femme,Eau de Parfum,,"rose;oud;woody;powdery;warm spicy;floral;balsamic;fresh spicy;f_gender",Rose,Bois de santal,Oud,,très longue tenue,puissant,,,,,,,4.41
Amouage,Badr Al Badour,https://www.fragrantica.fr/parfum/Amouage/Badr-Al-Badour-13485.html,unisexe,Eau de Parfum,,"rose;oud;amber;woody;powdery;floral;warm spicy;fresh spicy","Rose;Ambre","Oud;Olive",Bois de santal,,,,,,,,,,4.42
Amouage,Bahjah,https://www.fragrantica.fr/parfum/Amouage/Bahjah-13486.html,unisexe,Eau de Parfum,,"citrus;woody;mossy;amber;earthy;smoky;conifer;balsamic",Citron vert,Mousse de chêne,"Notes boisées;Encens",,longue tenue,modéré (e),,,,,,,4.19
Amouage,Basmah,https://www.fragrantica.fr/parfum/Amouage/Basmah-13488.html,unisexe,Eau de Parfum,,"amber;musky;woody;oud;powdery;rose;balsamic;animalic","Ciste de France;Ambre","Musc;Rose","Oud;Bois de santal",,modéré (e),modéré (e),,,,,,,4.19
Amouage,Beach Hut Woman,https://www.fragrantica.fr/parfum/Amouage/Beach-Hut-Woman-46937.html,femme,Eau de Parfum,2018,"woody;mineral;marine;patchouli;citrus;musky;powdery;warm spicy;f_gender","Notes minérales;Bergamote","Bois flotté;Ylang-ylang","Patchouli;Bois de cachemire",,longue tenue,modéré (e),,,,,,,3.65
Amouage,Beloved Man,https://www.fragrantica.fr/parfum/Amouage/Beloved-Man-17726.html,homme,Eau de Parfum,2013,"aromatic;woody;warm spicy;fresh spicy;citrus;leather;balsamic;powdery;f_gender","Élémi;Pamplemousse;Cardamone;Orange;Poivre","Safran;Racine d'iris;Géranium;Jasmin","Cèdre;Cuir;Vétiver;Musc;Gaïac;Patchouli",,,,,,,,,,4.13
Amouage,Beloved Woman,https://www.fragrantica.fr/parfum/Amouage/Beloved-Woman-15184.html,femme,Eau de Parfum,2012,"warm spicy;amber;herbal;woody;musky;animalic;leather;aromatic;f_gender","Camomille;Rose;Sauge sclarée;Lavande;Clou de girofle;Cardamome;Jasmin","Immortelle;Patchouli;Benjoin;Ylang-ylang;Ciste;Résine oliban;Violette","Civette;Castoréum;Cuir;Ambre gris;Musc;Bois de santal;Cèdre;Vanille",,,,,,,,,,3.93
Amouage,Bracken Man,https://www.fragrantica.fr/parfum/Amouage/Bracken-Man-40206.html,homme,Eau de Parfum,2016,"woody;warm spicy;fresh spicy;aromatic;patchouli;lavender;citrus;powdery;f_gender","Clou de girofle;Cyprès;Lavande;Noix de muscade;Citron;Bergamote","Géranium;Cèdre;Bois de santal;Cannelle","Patchouli;Musc",,longue tenue,puissant,,,,,,,4.18
Amouage,Bracken Woman,https://www.fragrantica.fr/parfum/Amouage/Bracken-Woman-41454.html,femme,Eau de Parfum,2016,"aromatic;woody;leather;fresh spicy;earthy;herbal;fruity;smoky;f_gender","Fougère;Baies sauvages","Camomille;Cuir;Narcisse;Lys","Bouleau;Vétiver;Patchouli",,,,,,,,,,3.80
Amouage,Ciel Pour Femme,https://www.fragrantica.fr/parfum/Amouage/Ciel-Pour-Femme-5466.html,femme,Eau de Parfum,2003,"floral;white floral;aquatic;fresh;powdery;musky;woody;ozonic;f_gender","Cyclamen;Gardénia;Feuille de violette","Nénuphar;Jasmin;Fleur de pêcher;Rose","Musc;Bois de santal;Encens;Cèdre;Ambre",,,,,,,,,,3.93
Amouage,Ciel Pour Homme,https://www.fragrantica.fr/parfum/Amouage/Ciel-Pour-Homme-5467.html,homme,Eau de Parfum,2003,"woody;fresh spicy;lavender;aromatic;warm spicy;white floral;powdery;floral;f_gender","Lavande;Bergamote;Muguet;Rose","Pêche;Noix de muscade;Jasmin;Cannelle;Cardamome","Bois de santal;Vétiver;Encens;Patchouli;Cèdre",,modéré (e),modéré (e),,,,,,,4.03
Amouage,Eau d'Amouage,https://www.fragrantica.fr/parfum/Amouage/Eau-d-Amouage-5759.html,femme,Eau de Parfum,2003,"tropical;woody;floral;sweet;fruity;powdery;musky;fresh;f_gender","Mangue;Papaye;Pêche","Pivoine;Ylang-ylang;Magnolia","Vétiver;Musc;Bois de santal;Ambre",,,,,,,,,,3.90
Amouage,Esprit d'Amouage,https://www.fragrantica.fr/parfum/Amouage/Esprit-d-Amouage-5761.html,femme,Eau de Parfum,2004,"fruity;amber;floral;warm spicy;fresh spicy;aromatic;sweet;powdery;f_gender","Feuille de laurier;Fruits rouges;Abricot;Cardamome","Freesia;Rose rouge;Magnolia;Jasmin","Bois de santal;Benjoin;Ambre;Ciste;Vanille",,,,,,,,,,4.04
Amouage,Fate Man,https://www.fragrantica.fr/parfum/Amouage/Fate-Man-18543.html,homme,Eau de Parfum,2013,"amber;fresh spicy;warm spicy;balsamic;sweet;woody;herbal;smoky;f_gender","Cumin;Safran;Absinthe;Gingembre;Mandarine","Immortelle;Encens;Copaïba;Résine oliban;Ciste;Rose","Réglisse;Ciste;Bois de santal;Cèdre;Musc;Fève de tonka",,,,,,,,,,3.89
Amouage,Fate Woman,https://www.fragrantica.fr/parfum/Amouage/Fate-Woman-18542.html,femme,Eau de Parfum,2013,"warm spicy;amber;smoky;balsamic;leather;cinnamon;woody;vanilla;f_gender","Cannelle;Poivre;Piment rouge;Bergamote","Encens;Narcisse;Ciste;Rose;Jasmin","Encens;Benjoin;Vanille;Cuir;Castoréum;Patchouli;Mousse de chêne",,longue tenue,puissant,,,,,,,4.03
Amouage,Figment Man,https://www.fragrantica.fr/parfum/Amouage/Figment-Man-45292.html,homme,Eau de Parfum,2017,"earthy;woody;animalic;aromatic;musky;fresh spicy;citrus;amber;f_gender","Géranium;Citron;Poivre rose","Notes animales;Vétiver;Bois de santal","Notes terreuses;Gaïac;Ciste",,,,,,,,,,3.64
Amouage,Figment Woman,https://www.fragrantica.fr/parfum/Amouage/Figment-Woman-45291.html,femme,Eau de Parfum,2017,"white floral;woody;warm spicy;tuberose;animalic;fresh spicy;green;citrus;f_gender","Gardénia;Poivre du Sichuan;Safran","Lys;Tubéreuse;Jasmin;Ylang-ylang;Cassier bourbon;Fleur d'oranger","Papyrus;Racine d'iris;Patchouli;Encens",,,,,,,,,,3.65
Amouage,Homage,https://www.fragrantica.fr/parfum/Amouage/Homage-3621.html,unisexe,Eau de Parfum,2008,"rose;citrus;amber;powdery;oud;smoky;woody;warm spicy","Rose de Taïf;Encens","Oud;Jasmin;Ambre","Citron;Bois de santal;Orange",,,,,,,,,,4.49
Amouage,Jasmine,https://www.fragrantica.fr/parfum/Amouage/Jasmine-41045.html,unisexe,Eau de Parfum,,"white floral;floral;fresh;animalic",,,,Jasmin,très longue tenue,énorme,,,,,,,4.29
Amouage,Love Mimosa,https://www.fragrantica.fr/parfum/Amouage/Love-Mimosa-56023.html,femme,Eau de Parfum,2019,"yellow floral;aquatic;powdery;sweet;floral;fruity;fresh;ozonic;f_gender","Cascalone;Feuille de violette;Racine d'iris","Mimosa;Poire;Paradisone","Héliotrope;Ambroxan;Ylang-ylang",,longue tenue,modéré (e),,,,,,,3.66
Amouage,Majan,https://www.fragrantica.fr/parfum/Amouage/Majan-13474.html,unisexe,Eau de Parfum,,"woody;rose;powdery;musky;vanilla;amber;aromatic;earthy","Rose;Vanille","Vétiver;Musc","Bois de santal;Ambre",,,,,,,,,,4.35
Amouage,Mawaddah,https://www.fragrantica.fr/parfum/Amouage/Mawaddah-26409.html,unisexe,Eau de Parfum,,"lavender;rose;woody;vanilla;aromatic;warm spicy;floral;fresh spicy",,,,"Lavande;Rose hybride de thé;Bois de teck;Notes épicées;Vanille;Oud;Ambre",,,,,,,,,4.20
Amouage,Molook,https://www.fragrantica.fr/parfum/Amouage/Molook-13475.html,homme,Eau de Parfum,,"rose;oud;powdery;amber;woody;warm spicy;fresh spicy;floral;f_gender",Rose de Taïf,Ambre,"Oud;Bois de santal",,très longue tenue,énorme,,,,,,,4.48
Amouage,Musk Abyadh,https://www.fragrantica.fr/parfum/Amouage/Musk-Abyadh-13476.html,unisexe,Eau de Parfum,,"powdery;musky;vanilla;woody;warm spicy;sweet;balsamic;animalic",,,,"Musc;Vanille;Bois de santal",,,,,,,,,4.26
Amouage,Ohood,https://www.fragrantica.fr/parfum/Amouage/Ohood-13477.html,unisexe,Eau de Parfum,,"rose;powdery;oud;floral;white floral;woody;herbal;citrus","Rose;Fleur d'oranger d'Afrique;Lierre;Bergamote","Rose de Taïf;Armoise;Musc","Oud;Bois de santal;Ambre",,,,,,,,,,4.46
Amouage,Oudh Al Khaloud,https://www.fragrantica.fr/parfum/Amouage/Oudh-Al-Khaloud-13478.html,unisexe,Eau de Parfum,,"oud;fresh spicy",,,,Oud,très longue tenue,énorme,,,,,,,4.07
Amouage,Rose,https://www.fragrantica.fr/parfum/Amouage/Rose-20491.html,unisexe,Eau de Parfum,,"rose;floral;citrus",,,,Rose,longue tenue,modéré (e),,,,,,,3.94
Amouage,Ruh Al Ward,https://www.fragrantica.fr/parfum/Amouage/Ruh-Al-Ward-42663.html,femme,Eau de Parfum,,"rose;citrus;fresh;powdery;fresh spicy;floral;aromatic;f_gender",,,,"Rose de Taïf;Agrumes",,,,,,,,,4.50
Amouage,Salamah,https://www.fragrantica.fr/parfum/Amouage/Salamah-26408.html,unisexe,Eau de Parfum,,"rose;oud;fresh spicy;powdery;green;amber;citrus;herbal","Rose de Taïf;Bergamote","Rose de Taïf;Résine oliban","Oud;Foin;Musc blanc",,très longue tenue,puissant,,,,,,,4.46
Amouage,Sandal,https://www.fragrantica.fr/parfum/Amouage/Sandal-13479.html,unisexe,Eau de Parfum,,"woody;powdery;warm spicy;balsamic;aromatic",,,,Bois de santal,,,,,,,,,4.24
Amouage,Shams Al Doha,https://www.fragrantica.fr/parfum/Amouage/Shams-Al-Doha-13470.html,unisexe,Eau de Parfum,,"rose;oud;powdery;warm spicy;floral;woody;fresh spicy;metallic","Rose de Taïf;Jasmin;Musc","Rose;Safran;Ambre;Armoise","Oud;Bois de santal",,,,,,,,,,4.45
Amouage,Silver Cristal,https://www.fragrantica.fr/parfum/Amouage/Silver-Cristal-43050.html,femme,Eau de Parfum,1996,"woody;powdery;white floral;earthy;mossy;floral;fresh;warm spicy;f_gender","Muguet;Cyclamen;Ylang-ylang;Géranium;Carotte;Rose","Iris;Clou de girofle;Jasmin;Héliotrope;Pêche;Prune","Mousse de chêne;Encens;Vanille;Gaïac;Cèdre;Civette;Bois de santal;Ambre",,très longue tenue,énorme,,,,,,,4.58
Amouage,Silver Man,https://www.fragrantica.fr/parfum/Amouage/Silver-Man-1111.html,homme,Eau de Parfum,2002,"white floral;woody;sweet;powdery;citrus;floral;musky;fruity;f_gender","Fleur d'oranger;Prune;Bergamote;Mandarine","Jasmin;Orchidée;Ylang-ylang;Rose;Héliotrope","Musc;Encens;Vétiver;Bois de santal;Patchouli;Ambre",,,,,,,,,,4.00
Amouage,Sunshine Man,https://www.fragrantica.fr/parfum/Amouage/Sunshine-Man-31619.html,homme,Eau de Parfum,2015,"aromatic;vanilla;sweet;lavender;woody;herbal;warm spicy;fresh spicy;f_gender","Lavande;Immortelle;Brandy;Orange","Baies de genévrier;Sauge sclarée;Bergamote","Fève de tonka;Vanille;Cèdre",,,,,,,,,,4.02
Amouage,Tahani,https://www.fragrantica.fr/parfum/Amouage/Tahani-20493.html,unisexe,Eau de Parfum,,"rose;oud;floral;powdery;white floral;herbal;amber;aromatic",,,,"Rose de Taïf;Rose de Bulgarie;Oud;Jasmin;Armoise;Ambre gris;Cardamome",,,,,,,,,4.44
Amouage,Taifi Rose,https://www.fragrantica.fr/parfum/Amouage/Taifi-Rose-20492.html,unisexe,Extrait de Parfum,,"rose;powdery;honey;oud;floral;sweet;amber;fresh spicy",,,,"Rose de Taïf;Miel;Oud;Ambre;Bois de santal;Ciste;Résine oliban;Muguet;Ylang-ylang",,,,,,,,,4.62
Amouage,Tayyiba,https://www.fragrantica.fr/parfum/Amouage/Tayyiba-13471.html,unisexe,Eau de Parfum,,"white floral;floral;woody;yellow floral;sweet;fresh;rose;powdery","Jasmin;Ylang-ylang","Lilas;Rose;Notes boisées","Fleur d'oranger d'Afrique;Bois de santal;Musc",,modéré (e),modéré (e),,,,,,,4.41
Amouage,The Library Collection Opus I,https://www.fragrantica.fr/parfum/Amouage/The-Library-Collection-Opus-I-9917.html,unisexe,Eau de Parfum,2010,"woody;warm spicy;white floral;aromatic;sweet;yellow floral;tuberose;amber","Cardamome;Bigarade;Prune","Ylang-ylang;Tubéreuse;Jasmin;Rose;Muguet","Encens;Papyrus;Gaïac;Fève de tonka;Bois de santal;Vétiver;Cèdre de Virginie",,,,,,,,,,3.96
Amouage,The Library Collection Opus II,https://www.fragrantica.fr/parfum/Amouage/The-Library-Collection-Opus-II-9920.html,unisexe,Eau de Parfum,2010,"warm spicy;aromatic;fresh spicy;lavender;amber;woody;smoky;soft spicy","Lavande;Absinthe;Poivre rose;Poivre","Cardamome;Cannelle;Jasmin;Rose","Encens;Cèdre de Virginie;Patchouli;Ambre;Musc",,,,,,,,,,3.86
Amouage,The Library Collection Opus III,https://www.fragrantica.fr/parfum/Amouage/The-Library-Collection-Opus-III-9921.html,unisexe,Eau de Parfum,2010,"powdery;woody;yellow floral;violet;floral;warm spicy;sweet;vanilla","Mimosa;Noix de muscade;Clou de girofle;Genêt des teinturiers;Thym","Violette;Ylang-ylang;Jasmin;Fleur d'oranger d'Afrique","Benjoin;Vanille;Bois de santal;Musc;Gaïac;Ambrette;Papyrus;Cèdre de Virginie",,,,,,,,,,4.05
Amouage,The Library Collection Opus IV,https://www.fragrantica.fr/parfum/Amouage/The-Library-Collection-Opus-IV-10756.html,unisexe,Eau de Parfum,2010,"aromatic;amber;warm spicy;citrus;fresh spicy;balsamic;smoky;rose","Coriandre;Mandarine;Pamplemousse;Citron","Carvi;Cardamone;Élémi;Cynorrhodon;Rose;Feuille de violette","Encens;Ciste;Musc",,,,,,,,,,4.04
Amouage,The Library Collection Opus IX,https://www.fragrantica.fr/parfum/Amouage/The-Library-Collection-Opus-IX-30945.html,unisexe,Eau de Parfum,2015,"animalic;white floral;amber;musky;woody;powdery;floral;leather","Jasmin;Camélia;Poivre noir","Cire d'abeille;Cuir;Gaïac","Civette;Ambre gris;Vétiver",,,,,,,,,,3.99
Amouage,The Library Collection Opus V,https://www.fragrantica.fr/parfum/Amouage/The-Library-Collection-Opus-V-11973.html,unisexe,Eau de Parfum,2011,"iris;powdery;woody;oud;earthy;rose;rum;musky","Racine d'iris;Rhum","Iris;Rose;Jasmin","Oud;Notes boisées;Civette",,,,,,,,,,4.09
Amouage,The Library Collection Opus VI,https://www.fragrantica.fr/parfum/Amouage/The-Library-Collection-Opus-VI-14661.html,unisexe,Eau de Parfum,2012,"amber;fresh spicy;woody;aromatic;smoky;balsamic;warm spicy;earthy","Encens;Bay Saint Thomas;Poivre du Sichuan","Huile essentielle de cypriol;Patchouli;Périploque grecque","Ambre;Ciste;Bois de santal",,très longue tenue,puissant,,,,,,,4.26
Amouage,The Library Collection Opus VII,https://www.fragrantica.fr/parfum/Amouage/The-Library-Collection-Opus-VII-18159.html,unisexe,Eau de Parfum,2013,"fresh spicy;woody;warm spicy;amber;earthy;leather;aromatic;green",,,,"Huile essentielle de cypriol;Cuir;Férule gommeuse;Oud;Cardamome;Fenugrec;Noix de muscade;Résine oliban;Poivre rose;Ambre gris;Patchouli;Costus;Bois de santal;Ambre;Musc",,,,,,,,,4.16
Amouage,The Library Collection Opus VIII,https://www.fragrantica.fr/parfum/Amouage/The-Library-Collection-Opus-VIII-24138.html,unisexe,Extrait de Parfum,2014,"white floral;amber;woody;fresh spicy;aromatic;warm spicy;yellow floral;sweet","Jasmin;Fleur d'oranger;Ylang-ylang","Résine oliban;Gaïac;Safran;Vétiver;Gingembre","Bay Saint Thomas;Benjoin",,,,,,,,,,3.95
Amouage,The Library Collection Opus X,https://www.fragrantica.fr/parfum/Amouage/The-Library-Collection-Opus-X-35679.html,unisexe,Extrait de Parfum,2016,"rose;metallic;fresh spicy;aromatic;woody;warm spicy;oud;amber","Rose de Mai;Rose rouge;Rose","Accord vernis;Géranium;Cuir","Notes métalliques;Bois d'agar du Laos;Ambrarome;Ylang-ylang",,,,,,,,,,3.86
Amouage,The Library Collection Opus XI,https://www.fragrantica.fr/parfum/Amouage/The-Library-Collection-Opus-XI-52714.html,unisexe,Eau de Parfum,2018,"oud;fresh spicy;amber;herbal;aromatic;woody;balsamic;warm spicy",Marjolaine,Oud,"Styrax;Eucryphia lucida",,,,,,,,,,4.16
Amouage,The Library Collection Rose Incense,https://www.fragrantica.fr/parfum/Amouage/The-Library-Collection-Rose-Incense-55759.html,unisexe,Eau de Parfum,2019,"amber;aromatic;rose;woody;balsamic;warm spicy;fresh spicy;powdery","Résine oliban;Élémi;Encre","Eau de rose;Résine oliban;Daim","Myrrhe;Bois de santal;Vanille;Cèdre",,longue tenue,puissant,,,,,,,4.24
Amouage,The Library Collection Silver Oud,https://www.fragrantica.fr/parfum/Amouage/The-Library-Collection-Silver-Oud-69051.html,unisexe,Eau de Parfum,2021,"woody;leather;smoky;oud;earthy;vanilla;amber;patchouli","Huile essentielle de cypriol;Cèdre de Virginie;Patchouli","Oud;Vanille de Madagascar","Castoréum;Ambre;Bouleau;Gaïac",,très longue tenue,puissant,,,,,,,4.41
Amouage,Tribute,https://www.fragrantica.fr/parfum/Amouage/Tribute-7490.html,unisexe,Eau de Parfum,2009,"rose;amber;tobacco;warm spicy;smoky;leather;woody;balsamic","Rose de Taïf;Safran;Epices","Encens;Teinture de rose;Ciste de France;Ambre;Jasmin","Tabac;Cuir;Patchouli;Vétiver;Cèdre;Genévrier",,très longue tenue,énorme,,,,,,,4.52
Amouage,Ubar,https://www.fragrantica.fr/parfum/Amouage/Ubar-6153.html,femme,Eau de Parfum,1995,"white floral;amber;woody;balsamic;citrus;sweet;animalic;yellow floral;f_gender","Tangerine;Orange;Feuille de violette;Litsea Cubeba","Jasmin;Ylang-ylang;Tubéreuse;Palissandre;Muguet;Fleur d'oranger;Freesia","Ambre noire;Bois de santal;Copaïba;Patchouli;Vanille;Vétiver",,très longue tenue,puissant,,,,,,,4.11
BORNTOSTANDOUT®,Angels' Powder,https://www.fragrantica.fr/parfum/BORNTOSTANDOUT/Angels-Powder-91213.html,unisexe,Eau de Parfum,2024,"sweet;vanilla;powdery;fruity;caramel;musky;almond;soft spicy",,,,,,,,,,,,,3.73
BORNTOSTANDOUT®,Be My Cookie,https://www.fragrantica.fr/parfum/BORNTOSTANDOUT/Be-My-Cookie-100081.html,unisexe,Eau de Parfum,2024,"sweet;musky;leather;vanilla;fruity;smoky;woody;animalic",Framboise,"Cookie;Castoréum","Tonquitone™;Absolu de vanille",,longue tenue,puissant,,,,,,,2.74
BORNTOSTANDOUT®,Choco Loco,https://www.fragrantica.fr/parfum/BORNTOSTANDOUT/Choco-Loco-117525.html,unisexe,Eau de Parfum,2025,"sweet;cacao;warm spicy;vanilla;lactonic;powdery;alcohol;caramel","Cacao;Liqueur;Beurre","Cacao;Liqueur;Sucre Brûlé;Caramel;Lait concentré;Crème fouettée;Gingembre","Absolu de vanille;Cassonade;Pâte à Cookie;Guimauve;Musc;Ambrette",,modéré (e),modéré (e),,,,,,,3.95
BORNTOSTANDOUT®,Cola Addict,https://www.fragrantica.fr/parfum/BORNTOSTANDOUT/Cola-Addict-135643.html,unisexe,Extrait de Parfum,2026,"citrus;fresh spicy;sweet;warm spicy;cinnamon;woody;vanilla;aromatic","Citron;Pelure de citron;Pelure de citron vert;Cola;Cannelle;Gingembre;Néroli","Noix de muscade;Cola;Rhum;Café","Cola;Sirop;Vanille;Caramel;Bois de santal;Mousse",,,,,,,,,,3.81
BORNTOSTANDOUT®,DGAF,https://www.fragrantica.fr/parfum/BORNTOSTANDOUT/DGAF-81881.html,unisexe,Eau de Parfum,2023,"powdery;woody;citrus;musky;aromatic;fresh spicy;amber;violet","Sauge;Violette;Agrumes;Bergamote de Calabre","Bois de santal;Poivre;Rose de Bulgarie;Encens","Bois de cachemire;Musc;Fève de tonka;Notes balsamiques;Ambre",,,,,,,,,,3.67
BORNTOSTANDOUT®,Dirty Heaven,https://www.fragrantica.fr/parfum/BORNTOSTANDOUT/Dirty-Heaven-85082.html,unisexe,Eau de Parfum,2023,"amber;vanilla;warm spicy;white floral;sweet;metallic;powdery;leather",,,,"Fève de tonka;Vanille;Safran;Ambre;Ambroxan;Fleurs blanches;Jasmin;Néroli",longue tenue,modéré (e),,,,,,,4.07
BORNTOSTANDOUT®,Dirty Milk,https://www.fragrantica.fr/parfum/BORNTOSTANDOUT/Dirty-Milk-115452.html,unisexe,Eau de Parfum,2025,"sweet;lactonic;vanilla;caramel;powdery;musky;woody;fresh spicy","Caramel;Lait;Poivre noir","Lait concentré;Bois d'Akigala;Bois de cachemire;Iris","Vanille;Musc;Fève de tonka",,longue tenue,modéré (e),,,,,,,3.96
BORNTOSTANDOUT®,Dirty Rainbow,https://www.fragrantica.fr/parfum/BORNTOSTANDOUT/Dirty-Rainbow-93526.html,unisexe,Eau de Parfum,2024,"warm spicy;fruity;metallic;leather;green;powdery;sweet;fresh",,,,"Safran;Pêche;Lierre;Fleur d'oranger;Violette;Lavande",,,,,,,,,2.60
BORNTOSTANDOUT®,Dirty Rice,https://www.fragrantica.fr/parfum/BORNTOSTANDOUT/Dirty-Rice-78862.html,unisexe,Eau de Parfum,2022,"woody;lactonic;musky;powdery;savory;floral;sweet;almond","Amande;Bergamote","Riz basmati;Lait;Pivoine","Musc;Bois de santal;Cetalox;Cèdre;Vétiver",,,,,,,,,,3.79
BORNTOSTANDOUT®,Drunk Lovers,https://www.fragrantica.fr/parfum/BORNTOSTANDOUT/Drunk-Lovers-81882.html,unisexe,Eau de Parfum,2023,"woody;warm spicy;aromatic;amber;fresh spicy;powdery;vanilla;fruity","Cognac;Fruits rouges;Genévrier;Pamplemousse;Bergamote;Citron","Poivre;Gingembre;Sauge sclarée;Cyprès","Vanille;Ambre;Bois de santal;Musc;Benjoin;Cèdre de Virginie;Cannelle;Cardamome;Patchouli;Vétiver",,,,,,,,,,4.21
BORNTOSTANDOUT®,Drunk Maple,https://www.fragrantica.fr/parfum/BORNTOSTANDOUT/Drunk-Maple-91212.html,unisexe,Eau de Parfum,2024,"sweet;woody;warm spicy;rum;coffee;vanilla;powdery;amber","Rhum;Davana;Poivre rose","Sirop;Érable;Café;Daim","Vanille;Benjoin;Orcanox™;Bois de santal",,,,,,,,,,3.84
BORNTOSTANDOUT®,Drunk Saffron,https://www.fragrantica.fr/parfum/BORNTOSTANDOUT/Drunk-Saffron-78857.html,unisexe,Eau de Parfum,2022,"warm spicy;vanilla;fruity;sweet;woody;leather;powdery;metallic","Cognac;Prune","Safran;Cuir;Café","Vanille;Musc;Patchouli",,longue tenue,modéré (e),,,,,,,3.91
BORNTOSTANDOUT®,Fig Porn,https://www.fragrantica.fr/parfum/BORNTOSTANDOUT/Fig-Porn-78866.html,unisexe,Eau de Parfum,2022,"fruity;sweet;woody;powdery;musky;vanilla;rose;fresh","Figue;Poire;Bergamote","Rose de Turquie;Pivoine;Cèdre","Musc;Vanille;Bois de santal;Ambre",,,,,,,,,,3.69
BORNTOSTANDOUT®,Free Coco,https://www.fragrantica.fr/parfum/BORNTOSTANDOUT/Free-Coco-113479.html,unisexe,Eau de Parfum,2025,"coconut;vanilla;sweet;nutty;lactonic;fruity;tropical;powdery","Eau de coco;Poire","Noix de Coco;Macadamia","Absolu de vanille;Vanille bourbon;Vanille;Orcanox™",,,,,,,,,,3.39
BORNTOSTANDOUT®,FUGAZZI by BORNTOSTANDOUT®,https://www.fragrantica.fr/parfum/BORNTOSTANDOUT/FUGAZZI-by-BORNTOSTANDOUT-99255.html,unisexe,Eau de Parfum,2024,"musky;amber;leather;woody;warm spicy;powdery;citrus;lactonic","Lait;Cumin;Encens;Pamplemousse;Mandarine","Daim;Safran;Gaïac;Vétiver","Ambroxan;Musc;Vanille;Styrax;Mousse",,,,,,,,,,3.96
BORNTOSTANDOUT®,Golden Milk,https://www.fragrantica.fr/parfum/BORNTOSTANDOUT/Golden-Milk-135015.html,unisexe,Eau de Parfum,2026,"oud;leather;vanilla;sweet;woody;warm spicy;animalic;amber","Mahonial;Safran;Lait;Caramel","Beurre d'iris;Lait concentré;Ambrofix™;Huile essentielle de cypriol","Cuir;Oud;Bois d'Akigala;Fève de tonka;Absolu de vanille",,très longue tenue,puissant,,,,,,,3.52
BORNTOSTANDOUT®,Indecent Cherry,https://www.fragrantica.fr/parfum/BORNTOSTANDOUT/Indecent-Cherry-78868.html,unisexe,Eau de Parfum,2022,"cherry;sweet;fruity;almond;nutty;vanilla;amber;powdery","Cerise;Amande;Safran","Griotte;Fraise;Rose de Bulgarie;Mimosa","Vanille;Ambre;Musc;Benjoin;Patchouli",,,,,,,,,,3.81
BORNTOSTANDOUT®,Mad Honey,https://www.fragrantica.fr/parfum/BORNTOSTANDOUT/Mad-Honey-88767.html,unisexe,Extrait de Parfum,2023,"honey;sweet;vanilla;rose;amber;floral;warm spicy;rum","Rhum;Poivre rose","Miel;Rose de Mai","Fève de tonka;Benjoin;Vanille bourbon;Patchouli;Orcanox™",,modéré (e),modéré (e),,,,,,,3.66
BORNTOSTANDOUT®,Mary Jane,https://www.fragrantica.fr/parfum/BORNTOSTANDOUT/Mary-Jane-91211.html,unisexe,Eau de Parfum,2024,"aromatic;green;woody;fruity;sweet;citrus;cannabis;fresh spicy","Menthe;Rhubarbe;Cannabis;Pamplemousse","Fruit de la passion;Sauge;Élémi","Pin;Caramel;Notes boisées;Bois de cachemire",,modéré (e),modéré (e),,,,,,,3.69
BORNTOSTANDOUT®,Mud,https://www.fragrantica.fr/parfum/BORNTOSTANDOUT/Mud-78864.html,unisexe,Eau de Parfum,2022,"vanilla;sweet;fruity;lactonic;aromatic;balsamic;powdery;almond","Lait;Amande","Chocolat;Prune;Rose de Turquie","Vanille;Élémi;Bois de santal;Ambre",,,,,,,,,,3.73
BORNTOSTANDOUT®,Nanatopia,https://www.fragrantica.fr/parfum/BORNTOSTANDOUT/Nanatopia-88766.html,unisexe,Eau de Parfum,2023,"sweet;warm spicy;rum;fruity;caramel;cinnamon;woody;fresh spicy","Rhum;Cannelle;Noix de muscade","Banane;Caramel;Pain","Fève de tonka;Huile essentielle de cypriol;Orcanox™",,,,,,,,,,3.61
BORNTOSTANDOUT®,Nuts,https://www.fragrantica.fr/parfum/BORNTOSTANDOUT/Nuts-88768.html,unisexe,Eau de Parfum,2023,"sweet;vanilla;woody;nutty;almond;caramel;fruity;honey","Pistache;Amande;Caramel;Miel;Rhum","Vanille;Sésame;Davana","Fève de tonka;Tabac;Gaïac;Musc blanc;Ambre gris;Patchouli",,,,,,,,,,3.89
BORNTOSTANDOUT®,Sin & Pleasure,https://www.fragrantica.fr/parfum/BORNTOSTANDOUT/Sin-Pleasure-85085.html,unisexe,Eau de Parfum,2023,"woody;sweet;vanilla;caramel;almond;patchouli;warm spicy;rum",,,,"Vanille;Caramel;Rhum;Amande;Patchouli;Oud;Bois de santal;Cuir;Ylang-ylang;Fleurs blanches;Mousse de chêne",longue tenue,modéré (e),,,,,,,3.84
BORNTOSTANDOUT®,Smokin' Gun,https://www.fragrantica.fr/parfum/BORNTOSTANDOUT/Smokin-Gun-78859.html,unisexe,Eau de Parfum,2022,"woody;warm spicy;aromatic;smoky;tobacco;whiskey;amber;balsamic","Rhum;Bigarade;Genévrier;Campari","Encens;Whisky;Cuir;Cannelle;Pin;Chêne","Tabac;Vanille;Cèdre de Virginie;Bois de santal",,longue tenue,puissant,,,,,,,3.90
BORNTOSTANDOUT®,Sugar Addict,https://www.fragrantica.fr/parfum/BORNTOSTANDOUT/Sugar-Addict-85084.html,unisexe,Eau de Parfum,2023,"vanilla;sweet;warm spicy;amber;cinnamon;rum;woody;balsamic",,,,"Sucre;Rhum;Absolu de vanille;Cannelle;Fève de tonka;Bois de cachemire;Cacao;Ciste;Café",,,,,,,,,3.85
BORNTOSTANDOUT®,Wabi-Sabi,https://www.fragrantica.fr/parfum/BORNTOSTANDOUT/Wabi-Sabi-89851.html,unisexe,Eau de Parfum,2024,"amber;woody;aromatic;fresh spicy;balsamic;animalic;musky;warm spicy","Jasmin;Safran;Cassis","Encens;Cyprès du Japon;Cyprès;Élémi","Ambre gris;Notes boisées;Ambroxan;Musc blanc;Vanille",,,,,,,,,,3.98
BORNTOSTANDOUT®,Candy Dust,https://www.fragrantica.fr/parfum/BORNTOSTANDOUT/Candy-Dust-109042.html,unisexe,Eau de Parfum,2025,"sweet;fruity;vanilla;lactonic;fresh;floral;rose;amber","Framboise;Poire;Bergamote","Dragibus;Lait;Pivoine","Sucre;Orcanox™;Fève de tonka;Mousse",,,,,,,,,,3.76
BORNTOSTANDOUT®,Cuvee Skin,https://www.fragrantica.fr/parfum/BORNTOSTANDOUT/Cuvee-Skin-109044.html,unisexe,Eau de Parfum,2025,"floral;musky;vanilla;sweet;woody;aromatic;mossy;amber","Ambrette;Mousse de chêne","Fève de tonka;Orchidée vanille","Cuir Blanc;Bois blancs",,,,,,,,,,3.22
BORNTOSTANDOUT®,Gold Juice,https://www.fragrantica.fr/parfum/BORNTOSTANDOUT/Gold-Juice-109045.html,unisexe,Eau de Parfum,2025,"fruity;tropical;sweet;white floral;floral;terpenic;green;woody","Mangue;Durian;Rhubarbe","Notes solaires;Fleurs blanches;Osmanthus","Caramel;Gaïac;Amande",,,,,,,,,,3.80
BORNTOSTANDOUT®,Musc X,https://www.fragrantica.fr/parfum/BORNTOSTANDOUT/Musc-X-109043.html,unisexe,Eau de Parfum,2025,"amber;musky;sweet;powdery;caramel;woody;balsamic;floral",Résine oliban,"Barbe à papa;Ciste","Musc;Ambroxan;Amber Xtreme;Ambrette;Benjoin;Sinfonide",,,,,,,,,,3.61
BORNTOSTANDOUT®,No Labels,https://www.fragrantica.fr/parfum/BORNTOSTANDOUT/No-Labels-118713.html,unisexe,Eau de Parfum,2025,"white floral;leather;warm spicy;musky;lactonic;fresh;animalic;vanilla","Cuir Saffiano;Cardamome;Rhum","Muguet;Lait;Safran;Jasmin","Cuir;Fève de tonka;Musc blanc",,,,,,,,,,3.86
BORNTOSTANDOUT®,Warm Air,https://www.fragrantica.fr/parfum/BORNTOSTANDOUT/Warm-Air-109046.html,unisexe,Eau de Parfum,2025,"woody;amber;caramel;rum;balsamic;sweet;warm spicy;musky",Géranium,"Caramel;Rhum;Davana","Amberwood;Bois de cachemire;Ambre gris",,,,,,,,,,3.57
BORNTOSTANDOUT®,A Corps Secret,https://www.fragrantica.fr/parfum/BORNTOSTANDOUT/A-Corps-Secret-114794.html,unisexe,Extrait de Parfum,2025,"citrus;warm spicy;woody;fresh spicy;oud;floral;sweet;white floral","Mandarine;Safraleine;Bergamote;Gingembre;Ecorce;Cannelle","Orange;Jasmin Sambac;Bois d'Akigala;Mahonial;Praliné;Baumier du Pérou","Vanille;Ciste;Oud;Huile essentielle de cypriol;Patchouli",,très longue tenue,énorme,,,,,,,4.08
BORNTOSTANDOUT®,Black Creme,https://www.fragrantica.fr/parfum/BORNTOSTANDOUT/Black-Creme-115202.html,unisexe,Eau de Parfum,2025,"leather;powdery;caramel;amber;woody;vanilla;iris;sweet",,,,,,,,,,,,,4.24
BORNTOSTANDOUT®,Black Guava,https://www.fragrantica.fr/parfum/BORNTOSTANDOUT/Black-Guava-102807.html,unisexe,Eau de Parfum,2025,"fruity;oud;tropical;fresh;woody;rose;warm spicy;earthy","Goyave;Mandarine;Cardamome","Oud;Pivoine;Rose;Géranium","Ambre;Huile essentielle de cypriol;Patchouli",,,,,,,,,,3.80
BORNTOSTANDOUT®,Black Karak,https://www.fragrantica.fr/parfum/BORNTOSTANDOUT/Black-Karak-115201.html,unisexe,Eau de Parfum,2025,"warm spicy;woody;leather;oud;green;lactonic;animalic;earthy",,,,"Oud;Cuir;Thé noir;Safran;Lait;Cardamome;Gaïac;Huile essentielle de cypriol;Fève de tonka;Amberwood;Café",,,,,,,,,3.72
BORNTOSTANDOUT®,Black Mango,https://www.fragrantica.fr/parfum/BORNTOSTANDOUT/Black-Mango-102808.html,unisexe,Eau de Parfum,2025,"tropical;sweet;fruity;oud;woody;leather;powdery;terpenic","Mangue;Orange","Mangue;Baume de Tolu;Vanille bourbon","Oud;Cuir;Huile essentielle de cypriol;Bois de santal",,,,,,,,,,3.48
BORNTOSTANDOUT®,Drunk Lovers Extrait Extreme,https://www.fragrantica.fr/parfum/BORNTOSTANDOUT/Drunk-Lovers-Extrait-Extreme-136697.html,unisexe,Eau de Parfum,2026,"wine;amber;woody;oud;balsamic;leather;warm spicy;vanilla","Vin rouge;Lie de vin;Sauge sclarée;Bergamote","Brandy;Baumier du Pérou;Jasmin Sambac;Jasmin;Gingembre;Davana","Fève de tonka;Oud;Cuir;Bois d'Akigala;Ciste",,,,,,,,,,4.05
BORNTOSTANDOUT®,Oud Candy,https://www.fragrantica.fr/parfum/BORNTOSTANDOUT/Oud-Candy-102809.html,unisexe,Eau de Parfum,2025,"sweet;woody;leather;oud;caramel;warm spicy;animalic;vanilla","Cassonade;Notes sucrées;Notes de noix;Lait",Fleurs blanches,"Oud;Cuir;Caramel;Safran;Notes boisées sombres;Ambroxan;Bois de santal;Vanille;Mousse de chêne;Cèdre",,,,,,,,,,3.57
BORNTOSTANDOUT®,Purple Stain,https://www.fragrantica.fr/parfum/BORNTOSTANDOUT/Purple-Stain-102810.html,unisexe,Eau de Parfum,2025,"warm spicy;woody;oud;amber;balsamic;citrus;white floral;fresh spicy","Safran;Cannelle;Mandarine;Noix de muscade;Bergamote;Gingembre;Ecorce","Fleur d'oranger;Vanille;Baumier du Pérou;Caramel","Oud;Bois d'Akigala;Ciste;Patchouli;Ambrofix™;Huile essentielle de cypriol;Concrète",,,,,,,,,,4.10
BORNTOSTANDOUT®,Filthy Musk,https://www.fragrantica.fr/parfum/BORNTOSTANDOUT/Filthy-Musk-97130.html,unisexe,Eau de Parfum,2024,"musky;sweet;powdery;animalic;amber;vanilla;honey;caramel","Musc;Miel;Ananas","Musc;Jasmin;Noix de muscade;Patchouli","Musc;Civette;Vanille;Caramel;Fève de tonka;Ambroxan;Ambre gris;Rhum",,,,,,,,,,3.65
BORNTOSTANDOUT®,L'Animal,https://www.fragrantica.fr/parfum/BORNTOSTANDOUT/L-Animal-97128.html,unisexe,Eau de Parfum,2024,"honey;powdery;woody;sweet;almond;vanilla;floral;leather","Amande;Rhum;Noix de muscade","Daim;Héliotrope;Mugane","Miel;Vanille;Bois de santal;Gaïac",,,,,,,,,,3.45
BORNTOSTANDOUT®,Naked Laundry,https://www.fragrantica.fr/parfum/BORNTOSTANDOUT/Naked-Laundry-97132.html,unisexe,Eau de Parfum,2024,"aldehydic;animalic;sweet;fresh;lactonic;amber;honey;yellow floral","Aldéhydes;Scatole;Ambrinol;Mandarine","Absolu de mimosa;Miel;Caramel","Lait;Ambre;Fève de tonka;Notes boisées",,,,,,,,,,2.87
BORNTOSTANDOUT®,Burnt Roses,https://www.fragrantica.fr/parfum/BORNTOSTANDOUT/Burnt-Roses-78870.html,unisexe,Eau de Parfum,2022,"amber;warm spicy;rose;woody;aldehydic;fresh spicy;ozonic;balsamic","Aldéhydes;Notes d'ozone;Poivre noir;Sel","Rose de Bulgarie;Lavande;Mousse de chêne;Cannelle","Encens;Résine oliban;Ambre gris;Bois de cachemire;Bois de santal;Patchouli",,modéré (e),modéré (e),,,,,,,3.69
BORNTOSTANDOUT®,Hinoki Shower,https://www.fragrantica.fr/parfum/BORNTOSTANDOUT/Hinoki-Shower-78861.html,unisexe,Eau de Parfum,2022,"woody;aromatic;camphor;tobacco;fresh spicy;earthy;conifer;green",,,,,,,,,,,,,3.60
BORNTOSTANDOUT®,Naked Neroli,https://www.fragrantica.fr/parfum/BORNTOSTANDOUT/Naked-Neroli-78863.html,unisexe,Eau de Parfum,2022,"citrus;white floral;green;aromatic;fresh spicy;fresh;floral;musky","Cédrat;Menthe;Bergamote;Mandarine","Néroli;Petit-grain du Paraguay;Fleur d'oranger;Tubéreuse;Rose de Bulgarie","Jasmin;Musc;Basilic;Gaïac",,,,,,,,,,3.83
BORNTOSTANDOUT®,Not Vanilla,https://www.fragrantica.fr/parfum/BORNTOSTANDOUT/Not-Vanilla-78865.html,unisexe,Eau de Parfum,2022,"woody;amber;musky;fresh spicy;powdery;aromatic;sweet;vanilla","Camphre;Noix de muscade;Bergamote","Vanille;Baies de genévrier;Cèdre;Violette","Praliné;Cetalox;Musc;Gaïac;Ambre;Mousse",,,,,,,,,,3.53
BORNTOSTANDOUT®,NSFW,https://www.fragrantica.fr/parfum/BORNTOSTANDOUT/NSFW-78869.html,unisexe,Eau de Parfum,2022,"woody;rose;vanilla;warm spicy;violet;amber;powdery;patchouli","Rose de Bulgarie;Rose de Turquie;Rose de Mai;Rose de Damas","Vanille;Papyrus;Géranium","Benjoin;Violette;Patchouli;Bois d'agar du Laos",,longue tenue,puissant,,,,,,,3.38
BORNTOSTANDOUT®,Sex & Cognac,https://www.fragrantica.fr/parfum/BORNTOSTANDOUT/Sex-Cognac-78858.html,unisexe,Eau de Parfum,2022,"woody;leather;warm spicy;oud;animalic;metallic;sweet;smoky",Safran,"Cuir;Papyrus","Cognac;Bois d'agar du Laos",,,,,,,,,,3.27
BORNTOSTANDOUT®,Unholy Oud,https://www.fragrantica.fr/parfum/BORNTOSTANDOUT/Unholy-Oud-78867.html,unisexe,Eau de Parfum,2022,"woody;oud;amber;warm spicy;balsamic;vanilla;powdery;smoky","Encens;Citron;Bergamote","Bois d'agar du Laos;Rose de Turquie;Rose de Bulgarie","Bois de santal;Patchouli;Palissandre;Fève de tonka;Héliotrope;Vanille",,,,,,,,,,3.55
BORNTOSTANDOUT®,Zest Z&T,https://www.fragrantica.fr/parfum/BORNTOSTANDOUT/Zest-Z-T-78860.html,unisexe,Eau de Parfum,2022,"aromatic;woody;fresh spicy;soft spicy;herbal;citrus;warm spicy;balsamic","Gin;Verveine odorante;Genévrier;Poivre rose;Cardamome du Guatémala","Sauge sclarée;Coriandre;Poivre noir","Patchouli;Élémi;Cèdre de Virginie",,,,,,,,,,3.21
Xerjoff,Comandante,https://www.fragrantica.fr/parfum/Xerjoff/Comandante-16448.html,unisexe,Eau de Parfum,2012,"sweet;floral;fruity;woody;tobacco;honey;vanilla;warm spicy",,,,"Notes fruitées;Notes fleuries;Tabac;Miel;Vanille;Cèdre;Notes épicées;Cuir;Patchouli;Ciste",,,,,,,,,4.11
Xerjoff,Don,https://www.fragrantica.fr/parfum/Xerjoff/Don-26709.html,unisexe,Eau de Parfum,2013,"tobacco;whiskey;sweet;smoky;woody;caramel;warm spicy;aromatic",,,,"Tabac;Whisky;Poudre à canon;Cheveux d'ange",longue tenue,modéré (e),,,,,,,4.01
Xerjoff,Fatal Charme,https://www.fragrantica.fr/parfum/Xerjoff/Fatal-Charme-16441.html,unisexe,Eau de Parfum,2012,"powdery;iris;aldehydic;floral;amber;fresh;animalic;earthy",,,,"Notes poudrées;Racine d'iris;Aldéhydes;Notes fleuries;Ambre gris;Notes épicées;Tabac",,,,,,,,,3.88
Xerjoff,Ivory Route,https://www.fragrantica.fr/parfum/Xerjoff/Ivory-Route-16442.html,unisexe,Eau de Parfum,2012,"warm spicy;woody;fresh spicy;patchouli;powdery;balsamic;aromatic;herbal",,,,"Notes épicées;Bois de santal;Quatre-épices;Patchouli;Basilic",,,,,,,,,4.37
Xerjoff,Join the Club - KUT,https://www.fragrantica.fr/parfum/Xerjoff/Join-the-Club-KUT-61532.html,unisexe,Extrait de Parfum,2015,,,,,,très longue tenue,énorme,,,,,,,3.40
Xerjoff,JTC 400,https://www.fragrantica.fr/parfum/Xerjoff/JTC-400-52181.html,unisexe,Extrait de Parfum,2018,"citrus;white floral;sweet;honey;woody;yellow floral;vanilla;floral","Miel;Bigarade;Mandarine;Bergamote","Fleur d'oranger;Tabac sylvestre;Ylang-ylang;Rose","Vanille;Cèdre;Vétiver;Patchouli",,,,,,,,,,4.15
Xerjoff,K’bridge Club,https://www.fragrantica.fr/parfum/Xerjoff/K-bridge-Club-55168.html,unisexe,Extrait de Parfum,2019,"rose;vanilla;caramel;sweet;floral;powdery;aromatic;soft spicy",Rose de Bulgarie,"Rose;Coriandre","Vanille bourbon;Caramel",,,,,,,,,,4.18
Xerjoff,Kind of Blue,https://www.fragrantica.fr/parfum/Xerjoff/Kind-of-Blue-16444.html,unisexe,Eau de Parfum,2012,"powdery;warm spicy;aldehydic;floral;iris;fresh;white floral;yellow floral",,,,"Aldéhydes;Notes poudrées;Œillet;Narcisse;Iris;Fleur d'oranger;Bois de santal;Notes épicées;Rose;Cardamome",,,,,,,,,3.83
Xerjoff,Marquee,https://www.fragrantica.fr/parfum/Xerjoff/Marquee-16443.html,unisexe,Eau de Parfum,2012,"powdery;violet;rose;fruity;floral;sweet;amber;vanilla",,,,"Notes poudrées;Violette;Rose rouge;Notes fruitées;Ambre gris;Vanille;Jasmin",,,,,,,,,4.00
Xerjoff,More Than Words,https://www.fragrantica.fr/parfum/Xerjoff/More-Than-Words-16450.html,unisexe,Eau de Parfum,2012,"amber;oud;fruity;floral;warm spicy;woody;sweet;fresh spicy",,,,"Oud;Notes fruitées;Notes fleuries;Notes orientales;Ambre gris;Notes boisées;Résine oliban;Ciste",,,,,,,,,4.02
Xerjoff,Shunkoin,https://www.fragrantica.fr/parfum/Xerjoff/Shunkoin-16449.html,unisexe,Eau de Parfum,2012,"powdery;woody;vanilla;iris;floral;warm spicy;amber;balsamic",,,,"Vanille;Notes poudrées;Bois de santal;Racine d'iris;Notes boisées;Résine oliban;Fleur de cerisier;Feuille de thé",longue tenue,modéré (e),,,,,,,4.02
Xerjoff,Astaral,https://www.fragrantica.fr/parfum/Xerjoff/Astaral-80265.html,unisexe,Eau de Parfum,2023,"amber;woody;oud;rose;soft spicy;earthy;mossy;powdery","Shamama Attar;Poivre rose;Anis","Rose;Amberwood;Ciste;Violette","Oud;Ambre;Mousse;Patchouli;Cèdre",,,,,,,,,,4.17
Xerjoff,Empiryan,https://www.fragrantica.fr/parfum/Xerjoff/Empiryan-80262.html,unisexe,Eau de Parfum,2023,"amber;woody;tobacco;balsamic;vanilla;sweet;smoky;warm spicy","Feuille de tabac;Huile essentielle de cypriol","Encens;Patchouli de Singapour;Cèdre Atlas","Vanille de Madagascar;Ambre;Ciste",,,,,,,,,,4.05
Xerjoff,Ether,https://www.fragrantica.fr/parfum/Xerjoff/Ether-80263.html,unisexe,Eau de Parfum,2023,"oud;woody;citrus;aromatic;fresh spicy;vanilla;amber;caramel","Rose de Bulgarie;Orange du Brésil;Bergamote de Calabre;Mandarine;Limone Costa d'Amalfi;Cumin","Benjoin;Baume gurjum;Sauge sclarée;Lavande;Pin de Sibérie;Huile essentielle de cypriol","Oud;Caramel;Vanille de Madagascar;Musc;Bois de santal",,,,,,,,,,4.02
Xerjoff,Holysm,https://www.fragrantica.fr/parfum/Xerjoff/Holysm-80264.html,unisexe,Eau de Parfum,2023,"aromatic;woody;fresh spicy;tobacco;sweet;balsamic;fresh;patchouli","Sapin baumier;Sauge sclarée;Huile de cade;Thym","Tabac;Carvi;Ciste;Cèdre","Oud vietnamien;Patchouli;Bois de santal",,,,,,,,,,3.80
Xerjoff,'Ilm,https://www.fragrantica.fr/parfum/Xerjoff/Ilm-80269.html,unisexe,Eau de Parfum,2023,"oud;woody;animalic;amber;mossy;earthy;balsamic;fresh spicy","Bois d'agar du Laos;Baume gurjum;Santal d'Australie","Bois d'agar du Laos;Ambre gris;Mousse de chêne;Cèdre Atlas","Bois d'agar du Laos;Ambre",,,,,,,,,,4.20
Xerjoff,Aqua Regia,https://www.fragrantica.fr/parfum/Xerjoff/Aqua-Regia-80268.html,unisexe,Eau de Parfum,2023,"woody;powdery;leather;violet;citrus;fruity;animalic;floral","Cuir;Bergamote de Calabre;Cassis","Violette;Racine d'iris;Patchouli de Singapour;Caramel","Cèdre;Vanille de Madagascar;Musc",,,,,,,,,,4.11
Xerjoff,Aurum,https://www.fragrantica.fr/parfum/Xerjoff/Aurum-80267.html,unisexe,Eau de Parfum,2023,"sweet;rose;vanilla;fruity;oud;warm spicy;amber;citrus","Rose de Bulgarie;Orange du Brésil;Bergamote de Calabre;Citron","Chocolat;Fraise;Encens;Ciste","Oud;Vanille de Madagascar;Mousse de chêne;Patchouli de Singapour;Héliotrope",,,,,,,,,,4.22
Xerjoff,Elixir Attar,https://www.fragrantica.fr/parfum/Xerjoff/Elixir-Attar-92676.html,unisexe,Eau de Parfum,2023,"woody;amber;fresh spicy;aromatic;balsamic;rose;oud;musky","Copaïba;Rose","Huile de cade;Ciste;Huile essentielle de cypriol","Baume gurjum;Bois d'agar du Laos;Ambre",,,,,,,,,,3.62
Xerjoff,Elixir Perfume Extrait,https://www.fragrantica.fr/parfum/Xerjoff/Elixir-Perfume-Extrait-80275.html,unisexe,Eau de Parfum,2023,"woody;amber;oud;rose;animalic;fresh spicy;balsamic;aromatic","Rose;Baume de copaïba","Ciste;Huile de cade;Huile essentielle de cypriol","Bois d'agar du Laos;Baume gurjum;Ambre",,,,,,,,,,3.80
Xerjoff,Hayat,https://www.fragrantica.fr/parfum/Xerjoff/Hayat-80266.html,unisexe,Eau de Parfum,2023,"woody;oud;warm spicy;earthy;lavender;citrus;aromatic;patchouli","Lavande;Bigarade;Safran","Cardamome;Ambre;Cannelle Ceylan","Oud;Huile essentielle de cypriol;Patchouli de Singapour;Cèdre Atlas",,,,,,,,,,4.08
Xerjoff,Jabir,https://www.fragrantica.fr/parfum/Xerjoff/Jabir-80270.html,unisexe,Eau de Parfum,2023,"floral;woody;oud;fresh;white floral;rose;earthy;patchouli","Freesia;Violette;Poivre rose","Muguet;Rose de Bulgarie;Pivoine","Bois d'agar du Laos;Musc;Vétiver de Haïti;Patchouli de Singapour;Vanille de Madagascar",,,,,,,,,,3.78
Xerjoff,Kemi,https://www.fragrantica.fr/parfum/Xerjoff/Kemi-80271.html,unisexe,Eau de Parfum,2023,"woody;oud;animalic;musky;leather;powdery;vanilla;smoky","Bois d'agar du Laos;Cèdre Atlas","Castoréum;Civette;Baume gurjum;Cèdre Atlas","Vanille de Madagascar;Santal d'Australie",,,,,,,,,,3.87
Xerjoff,Layla,https://www.fragrantica.fr/parfum/Xerjoff/Layla-80272.html,unisexe,Eau de Parfum,2023,"woody;vanilla;yellow floral;powdery;sweet;fresh spicy;amber;musky","Noix de muscade;Clou de girofle","Ylang-ylang;Patchouli de Singapour;Cèdre Atlas","Vanille de Madagascar;Ambre;Musc",,,,,,,,,,3.92
Xerjoff,Luna,https://www.fragrantica.fr/parfum/Xerjoff/Luna-80273.html,unisexe,Eau de Parfum,2023,"woody;citrus;powdery;patchouli;iris;earthy;caramel;warm spicy","Patchouli de Singapour;Citron;Bergamote de Calabre;Mandarine","Racine d'iris;Cèdre Atlas;Rose de Bulgarie;Jasmin Sambac;Violette","Caramel;Musc;Ambre",,longue tenue,puissant,,,,,,,4.01
Xerjoff,Tempest,https://www.fragrantica.fr/parfum/Xerjoff/Tempest-80274.html,unisexe,Eau de Parfum,2023,"woody;citrus;oud;amber;aromatic;fresh spicy;rose;earthy","Orange du Brésil;Gingembre;Élémi;Bergamote de Calabre;Lavande;Citron;Petit-grain du Paraguay","Amberwood;Rose de Bulgarie;Jasmin Sambac;Huile essentielle de cypriol;Cèdre Atlas;Baume gurjum","Bois d'agar du Laos;Vétiver de Haïti;Ambre;Musc;Bois de santal;Patchouli de Singapour",,longue tenue,puissant,,,,,,,3.75
Xerjoff,Tempest Perfume Extrait,https://www.fragrantica.fr/parfum/Xerjoff/Tempest-Perfume-Extrait-80276.html,unisexe,Eau de Parfum,2023,"citrus;woody;aromatic;oud;fresh spicy;fresh;animalic;lavender","Citron;Gingembre;Bergamote de Calabre;Élémi;Petit-grain du Paraguay;Lavande;Orange du Brésil","Jasmin Sambac;Cèdre Atlas;Huile essentielle de cypriol;Amberwood;Rose de Bulgarie;Baume gurjum","Bois d'agar du Laos;Vétiver de Haïti;Patchouli de Singapour;Santal d'Australie;Ambre;Musc",,,,,,,,,,4.18
Xerjoff,Alexandria II Extrait Oil,https://www.fragrantica.fr/parfum/Xerjoff/Alexandria-II-Extrait-Oil-48076.html,unisexe,Eau de Parfum,2018,"woody;lavender;oud;rose;powdery;fruity;warm spicy;fresh spicy","Lavande;Pomme;Bois de santal;Cannelle","Rose;Cèdre;Muguet","Oud;Vanille;Bois de santal;Ambre;Musc",,,,,,,,,,4.49
Xerjoff,Black Sukar,https://www.fragrantica.fr/parfum/Xerjoff/Black-Sukar-16452.html,unisexe,Eau de Parfum,2012,"floral;rose;musky;oud;fresh;citrus;soft spicy;powdery","Freesia;Poivre rose;Orange","Pivoine;Rose de Damas","Oud;Musc blanc;Vanille",,très longue tenue,énorme,,,,,,,4.33
Xerjoff,Java Blossom,https://www.fragrantica.fr/parfum/Xerjoff/Java-Blossom-16454.html,unisexe,Eau de Parfum,2012,"woody;white floral;oud;aromatic;amber;smoky;citrus;earthy",Bergamote,"Encens;Fleur d'oranger;Tubéreuse","Vétiver;Oud;Bois de santal",,,,,,,,,,4.07
Xerjoff,Kampuchea Noir,https://www.fragrantica.fr/parfum/Xerjoff/Kampuchea-Noir-26710.html,unisexe,Eau de Parfum,2012,"oud;woody;fresh spicy",,,,"Oud;Notes boisées",très longue tenue,énorme,,,,,,,4.30
Xerjoff,King Masarat,https://www.fragrantica.fr/parfum/Xerjoff/King-Masarat-26711.html,unisexe,Eau de Parfum,2012,"oud;vanilla;soft spicy;rose;citrus;lavender;fresh spicy;sweet","Orange sanguine;Lavande","Oud;Rose;Réglisse;Jasmin","Oud;Vanille",,,,,,,,,,4.42
Xerjoff,Oud Luban,https://www.fragrantica.fr/parfum/Xerjoff/Oud-Luban-16451.html,unisexe,Eau de Parfum,2012,"oud;woody;fresh spicy;white floral;amber;aromatic;smoky;warm spicy","Poivre noir;Rose de Bulgarie","Oud;Fleur d'oranger","Oud;Encens;Vétiver;Cèdre",,,,,,,,,,4.44
Xerjoff,Warda Al Oud,https://www.fragrantica.fr/parfum/Xerjoff/Warda-Al-Oud-16453.html,unisexe,Eau de Parfum,2012,"floral;musky;oud;rose;powdery;citrus;amber;white floral",Bergamote,"Rose de Bulgarie;Rose de Damas;Osmanthus;Jasmin","Musc;Oud;Ambre;Vanille",,très longue tenue,énorme,,,,,,,4.55
Xerjoff,Torino21,https://www.fragrantica.fr/parfum/Xerjoff/Torino21-70424.html,unisexe,Eau de Parfum,2021,"aromatic;fresh spicy;green;citrus;musky;herbal;fruity;fresh","Menthe;Citron;Basilic;Thym","Cassis;Lavande;Romarin;Jasmin","Musc;Verveine",,très longue tenue,discret,,,,,,,4.46
Xerjoff,Torino22,https://www.fragrantica.fr/parfum/Xerjoff/Torino22-77059.html,unisexe,Eau de Parfum,2022,"woody;aromatic;warm spicy;camphor;fresh spicy;citrus;metallic;musky","Eucalyptus;Safran;Bergamote","Maté;Sauge sclarée;Gaïac","Bois sec;Musc",,,,,,,,,,4.34
Xerjoff,Torino23,https://www.fragrantica.fr/parfum/Xerjoff/Torino23-87970.html,unisexe,Eau de Parfum,2023,"white floral;citrus;woody;tuberose;fresh spicy;musky;floral;yellow floral","Bergamote;Rose;Noix de muscade;Cardamome","Tubéreuse;Néroli;Jasmin;Ylang-ylang","Musc;Bois de cachemire;Ambre;Patchouli;Cèdre",,longue tenue,modéré (e),,,,,,,3.46
Xerjoff,Torino24,https://www.fragrantica.fr/parfum/Xerjoff/Torino24-99380.html,unisexe,Eau de Parfum,2024,"citrus;fruity;sweet;tropical;musky;white floral;floral;powdery","Mangue;Bergamote;Prune;Mandarine","Fleur d'oranger;Lotus rose;Styrax","Musc blanc;Mousse;Patchouli",,longue tenue,modéré (e),,,,,,,4.20
Xerjoff,Torino25,https://www.fragrantica.fr/parfum/Xerjoff/Torino25-118749.html,unisexe,Eau de Parfum,2025,"aromatic;leather;fresh spicy;citrus;woody;musky;green;fruity","Rhubarbe;Pamplemousse;Safran;Gingembre","Daim;Genévrier;Cuir","Vétiver;Ambre;Musc",,,,,,,,,,3.58
Xerjoff,Al-Khat,https://www.fragrantica.fr/parfum/Xerjoff/Al-Khat-14806.html,unisexe,Eau de Parfum,2012,"white floral;amber;oud;vanilla;woody;powdery;musky;warm spicy",,,,"Jasmin;Oud;Benjoin;Bois de cachemire;Vanille;Mousse de chêne;Bergamote",très longue tenue,énorme,,,,,,,4.02
Xerjoff,Alexandria II,https://www.fragrantica.fr/parfum/Xerjoff/Alexandria-II-17786.html,unisexe,Eau de Parfum,2012,"woody;amber;powdery;oud;lavender;warm spicy;vanilla;rose","Palissandre;Lavande;Pomme;Cannelle","Rose;Cèdre;Muguet","Oud;Bois de santal;Ambre;Vanille;Musc",,,,,,,,,,4.24
Xerjoff,Alexandria II Anniversary,https://www.fragrantica.fr/parfum/Xerjoff/Alexandria-II-Anniversary-89904.html,unisexe,Eau de Parfum,2024,"oud;powdery;aromatic;fresh spicy;musky;animalic;woody;lavender","Lavande;Rose de Bulgarie;Cumin;Cardamome","Oud;Civette;Ambre;Racine d'iris;Huile essentielle de cypriol;Absinthe;Menthe;Sauge sclarée","Santal d'Australie;Vanille;Musc",,,,,,,,,,4.28
Xerjoff,Alexandria III,https://www.fragrantica.fr/parfum/Xerjoff/Alexandria-III-57363.html,unisexe,Eau de Parfum,2019,"oud;woody;rose;animalic;lavender;powdery;amber;warm spicy","Lavande;Palissandre;Cannelle","Rose de Bulgarie;Muguet;Cèdre","Bois d'agar du Laos;Oud de Thaïlande;Musc;Bois de santal;Ambre;Vanille",,,,,,,,,,4.24
Xerjoff,Alexandria III by Kostas Harrods Exclusive,https://www.fragrantica.fr/parfum/Xerjoff/Alexandria-III-by-Kostas-Harrods-Exclusive-53874.html,unisexe,Eau de Parfum,2019,"woody;oud;amber;rose;animalic;warm spicy;lavender;vanilla","Lavande;Palissandre;Cannelle","Rose de Bulgarie;Cèdre;Muguet","Oud de Thaïlande;Vanille;Ambre;Bois de santal;Bois d'agar du Laos",,,,,,,,,,3.96
Xerjoff,Alexandria Imperiale,https://www.fragrantica.fr/parfum/Xerjoff/Alexandria-Imperiale-45859.html,unisexe,Eau de Parfum,2017,"woody;oud;animalic;warm spicy;powdery;aromatic;fresh spicy;iris","Cardamome;Lavande;Rose","Racine d'iris;Notes boisées;Marjolaine;Cuir;Cèdre;Huile essentielle de cypriol;Sauge","Bois d'agar du Cambodge;Bois d'agar du Laos;Oud;Oud indien;Bois de santal;Ambre;Musc;Vanille",,très longue tenue,énorme,,,,,,,4.37
Xerjoff,Alexandria Orientale,https://www.fragrantica.fr/parfum/Xerjoff/Alexandria-Orientale-51439.html,unisexe,Eau de Parfum,2018,"oud;fresh spicy;woody;rose;aromatic;tobacco;amber;powdery","Cuir;Pomme verte;Basilic;Encens","Rose de Bulgarie;Cèdre de Virginie;Coriandre;Racine d'iris d'Italie","Oud;Feuille de tabac;Vanille de Madagascar;Musc;Bois de santal;Ambre",,très longue tenue,puissant,,,,,,,4.10
Xerjoff,Ceylon,https://www.fragrantica.fr/parfum/Xerjoff/Ceylon-46067.html,unisexe,Eau de Parfum,2017,"oud;honey;powdery;sweet;amber;musky;green;woody","Miel;Jasmin Sambac;Bergamote de Calabre","Oud;Thé noir;Bois de santal","Ambre;Musc;Vanille de Madagascar",,très longue tenue,énorme,,,,,,,4.16
Xerjoff,Fars,https://www.fragrantica.fr/parfum/Xerjoff/Fars-14916.html,unisexe,Extrait de Parfum,2012,"woody;aromatic;fresh spicy;amber;lavender;earthy;warm spicy;herbal","Lavande;Genévrier;Bergamote","Géranium;Jasmin;Cèdre","Ambre gris;Huile essentielle de cypriol;Patchouli;Bois de santal;Vétiver",,longue tenue,puissant,,,,,,,4.23
Xerjoff,Gao,https://www.fragrantica.fr/parfum/Xerjoff/Gao-14807.html,unisexe,Eau de Parfum,2012,"woody;amber;oud;warm spicy;earthy;fresh spicy;aromatic;balsamic",,,,"Oud;Safran;Huile essentielle de cypriol;Résines;Baume gurjum;Genévrier;Ambre;Patchouli",,,,,,,,,3.79
Xerjoff,Indochine,https://www.fragrantica.fr/parfum/Xerjoff/Indochine-41209.html,unisexe,Eau de Parfum,2013,"amber;caramel;vanilla;sweet;powdery;balsamic;animalic;soft spicy",,,,"Ambre;Caramel;Vanille",très longue tenue,énorme,,,,,,,4.25
Xerjoff,Indochine (2019),https://www.fragrantica.fr/parfum/Xerjoff/Indochine-2019-54464.html,unisexe,Eau de Parfum,2019,"fruity;sweet;oud;tropical;musky;caramel;powdery;terpenic",,,,"Oud;Mangue;Fraise;Musc;Caramel",très longue tenue,énorme,,,,,,,3.80
Xerjoff,Luxor,https://www.fragrantica.fr/parfum/Xerjoff/Luxor-58838.html,unisexe,Eau de Parfum,2020,"warm spicy;woody;animalic;amber;oud;tobacco;smoky;cinnamon","Cannelle;Cuir;Cardamome","Myrrhe;Tabac;Encens;Cèdre Atlas","Oud de Thaïlande;Bois d'agar du Cambodge;Huile essentielle de cypriol;Patchouli",,,,,,,,,,4.09
Xerjoff,Malesia,https://www.fragrantica.fr/parfum/Xerjoff/Malesia-41208.html,unisexe,Eau de Parfum,,"amber;oud;woody;powdery;musky;white floral;animalic;vanilla",Muguet,"Ambre;Baume gurjum","Bois d'agar du Laos;Baume de Tolu;Musc;Ciste;Vanille;Fève de tonka",,,,,,,,,,4.23
Xerjoff,Mamluk,https://www.fragrantica.fr/parfum/Xerjoff/Mamluk-14804.html,unisexe,Eau de Parfum,2012,"honey;sweet;amber;floral;caramel;oud;vanilla;white floral",,,,"Miel;Caramel;Oud;Jasmin;Benjoin;Ambre;Musc;Vanille;Osmanthus;Bergamote",,,,,,,,,4.05
Xerjoff,Zafar,https://www.fragrantica.fr/parfum/Xerjoff/Zafar-14803.html,unisexe,Eau de Parfum,2012,"oud;fresh spicy;woody;musky;amber;smoky;warm spicy;fruity",,,,"Oud;Encens;Musc;Pomme verte;Poivre;Cèdre;Vétiver;Rose;Fleurs blanches;Néroli",,,,,,,,,3.87
Xerjoff,Zanzibar (Najaf),https://www.fragrantica.fr/parfum/Xerjoff/Zanzibar-Najaf-14805.html,unisexe,Eau de Parfum,2012,"woody;oud;tobacco;fruity;floral;sweet;powdery;warm spicy",,,,"Oud;Tabac;Osmanthus;Bois de santal;Patchouli;Cèdre;Notes vertes;Musc;Fève de tonka;Vanille",,,,,,,,,3.81
Xerjoff,Allende,https://www.fragrantica.fr/parfum/Xerjoff/Allende-51726.html,unisexe,Extrait de Parfum,2018,"vanilla;cacao;floral;warm spicy;sweet;powdery;citrus;balsamic","Vanille de Madagascar;Magnolia","Vanille de Madagascar;Cacao",Vanille de Madagascar,,,,,,,,,,3.55
Xerjoff,Amber Gold,https://www.fragrantica.fr/parfum/Xerjoff/Amber-Gold-52434.html,unisexe,Extrait de Parfum,2018,"white floral;citrus;sweet;floral;patchouli;musky;aromatic;woody","Tangerine;Coriandre","Fleur d'oranger;Fleur d'amandier;Fleur de tabac","Patchouli;Musc",,longue tenue,puissant,,,,,,,3.96
Xerjoff,Amber Star,https://www.fragrantica.fr/parfum/Xerjoff/Amber-Star-21618.html,unisexe,Eau de Parfum,2013,"amber;woody;balsamic;vanilla;sweet;warm spicy;yellow floral;animalic","Ambre gris;Ylang-ylang;Cèdre","Gaïac;Myrrhe;Baume gurjum","Benjoin;Vanille;Opoponax;Bois de santal",,,,,,,,,,4.26
Xerjoff,Apollonia,https://www.fragrantica.fr/parfum/Xerjoff/Apollonia-55970.html,unisexe,Eau de Parfum,2019,"powdery;musky;iris;white floral;earthy;animalic;woody;sweet",Fleurs blanches,Racine d'iris,Musc blanc,,longue tenue,modéré (e),,,,,,,4.12
Xerjoff,Aridal,https://www.fragrantica.fr/parfum/Xerjoff/Aridal-80455.html,unisexe,Eau de Parfum,2023,"woody;aromatic;balsamic;powdery;warm spicy;patchouli;iris;fresh spicy","Élémi;Cyprès;Noix de muscade;Poivre rose","Patchouli;Racine d'iris;Bois de cachemire;Jasmin","Bois de santal;Papyrus;Benjoin;Bois sec",,longue tenue,puissant,,,,,,,3.89
Xerjoff,Aubres (The Fortnum & Mason Exclusive),https://www.fragrantica.fr/parfum/Xerjoff/Aubres-The-Fortnum-Mason-Exclusive-55135.html,unisexe,Eau de Parfum,2019,"aromatic;fresh spicy;citrus;green;smoky;balsamic;herbal;lavender","Citron;Bergamote;Notes vertes","Élémi;Basilic;Thym;Lavande","Fumée;Encens;Patchouli",,longue tenue,puissant,,,,,,,4.26
Xerjoff,Blue Hope,https://www.fragrantica.fr/parfum/Xerjoff/Blue-Hope-24610.html,unisexe,Eau de Parfum,2014,"citrus;musky;woody;powdery;leather;vanilla;white floral;warm spicy","Mandarine;Bergamote","Safran;Jasmin;Cèdre","Musc;Vanille;Castoréum",,,,,,,,,,3.95
Xerjoff,Cruz del Sur,https://www.fragrantica.fr/parfum/Xerjoff/Cruz-del-Sur-30531.html,unisexe,Eau de Parfum,2015,"woody;musky;citrus;camphor;aromatic;marine;rose;powdery","Mandarine;Notes marines","Eucalyptus;Rose","Musc;Patchouli;Vanille;Ambre",,,,,,,,,,3.83
Xerjoff,Cruz del Sur I,https://www.fragrantica.fr/parfum/Xerjoff/Cruz-del-Sur-I-46097.html,unisexe,Eau de Parfum,2017,"amber;leather;warm spicy;woody;smoky;fruity;animalic;sweet","Rhum;Raisin;Bergamote","Fruits secs;Clou de girofle;Cumin;Cèdre;Cannelle","Cuir;Castoréum;Myrrhe;Encens;Ciste;Ambre;Bois de santal",,,,,,,,,,3.53
Xerjoff,Cruz del Sur II,https://www.fragrantica.fr/parfum/Xerjoff/Cruz-del-Sur-II-46098.html,unisexe,Extrait de Parfum,2017,"fruity;tropical;sweet;lactonic;woody;floral;fresh;terpenic","Mangue;Goyave;Ananas;Fleur de pommier","Cassis;Notes de fleurs exotiques;Feuille de violette","Lait;Fruits secs;Musc;Vétiver;Cèdre",,,,,,,,,,3.99
Xerjoff,Dhajala,https://www.fragrantica.fr/parfum/Xerjoff/Dhajala-6304.html,femme,Eau de Parfum,2009,"citrus;amber;white floral;sweet;green;vanilla;soft spicy;balsamic;f_gender","Orange;Férule gommeuse;Fleur d'oranger d'Afrique;Bergamote","Poivre rose;Jasmin;Rose","Ambre;Résine;Vanille;Musc",,longue tenue,modéré (e),,,,,,,4.18
Xerjoff,Dhofar,https://www.fragrantica.fr/parfum/Xerjoff/Dhofar-6305.html,homme,Eau de Parfum,2009,"aromatic;woody;fresh spicy;citrus;amber;herbal;green;balsamic;f_gender","Pin;Coriandre;Lavande;Litsea Cubeba;Sauge;Basilic;Citron;Bergamote;Pamplemousse","Feuille de laurier;Nard de l'Himalaya (Jatamansi);Rose;Férule gommeuse;Fleur d'oranger d'Afrique","Œillet;Bois de santal;Ciste de France;Ambre gris;Résines;Patchouli;Vanille",,,,,,,,,,4.13
Xerjoff,Emery,https://www.fragrantica.fr/parfum/Xerjoff/Emery-50893.html,unisexe,Eau de Parfum,2013,"rose;fresh spicy;aromatic;woody;citrus;musky;floral;rum","Rose de Bulgarie;Géranium;Bergamote","Rhum;Jasmin d'Egypte;Poivre rose;Ylang-ylang;Clou de girofle","Musc blanc;Oud;Vanille;Vétiver;Gaïac",,longue tenue,énorme,,,,,,,4.24
Xerjoff,Esquel,https://www.fragrantica.fr/parfum/Xerjoff/Esquel-6302.html,femme,Eau de Parfum,2009,"aromatic;lavender;citrus;vanilla;sweet;woody;fresh spicy;amber;f_gender","Lavande;Citron;Bergamote;Iris;Poivre rose;Myrte","Patchouli;Cannelle;Fleur d'oranger;Rose;Petit-grain;Nard de l'Himalaya (Jatamansi);Ylang-ylang","Vanille;Opoponax;Fève de tonka;Vétiver;Musc",,,,,,,,,,4.05
Xerjoff,Gibeon,https://www.fragrantica.fr/parfum/Xerjoff/Gibeon-121670.html,unisexe,Eau de Parfum,2026,"powdery;vanilla;woody;iris;rose;warm spicy;musky;earthy","Néroli;Cannelle Ceylan","Racine d'iris;Rose de Bulgarie;Patchouli","Vanille;Musc;Santal d'Australie;Fève de tonka;Cèdre",,,,,,,,,,4.13
Xerjoff,Goetheplatz (Frankfurt Exclusive),https://www.fragrantica.fr/parfum/Xerjoff/Goetheplatz-Frankfurt-Exclusive-100131.html,unisexe,Eau de Parfum,2024,"white floral;warm spicy;woody;amber;oud;tuberose;leather;sweet","Safran;Fruit de la passion;Tubéreuse d'Inde","Lys tigré;Fleurs blanches;Bois de santal","Oud;Ambroxan;Papyrus;Fève de tonka",,,,,,,,,,4.10
Xerjoff,Ibitira,https://www.fragrantica.fr/parfum/Xerjoff/Ibitira-6308.html,femme,Eau de Parfum,2009,"powdery;violet;woody;iris;citrus;earthy;white floral;aromatic;f_gender","Citron;Violette;Fleur d'oranger","Iris;Fleurs blanches;Néroli;Rose de Damas","Vétiver;Musc;Cèdre;Vanille",,modéré (e),modéré (e),,,,,,,4.18
Xerjoff,Jebel,https://www.fragrantica.fr/parfum/Xerjoff/Jebel-45614.html,unisexe,Extrait de Parfum,2015,"white floral;fruity;woody;powdery;citrus;fresh spicy;sweet;rose","Framboise;Bergamote;Mandarine","Jasmin rose;Géranium;Rose","Bois de santal;Ambre;Musc blanc",,longue tenue,puissant,,,,,,,4.00
Xerjoff,Kobe,https://www.fragrantica.fr/parfum/Xerjoff/Kobe-6309.html,homme,Eau de Parfum,2009,"citrus;amber;white floral;fresh spicy;sweet;aromatic;woody;balsamic;f_gender","Orange;Bergamote;Ciste","Néroli;Petit-grain;Fleur d'oranger","Palissandre du Brésil;Benjoin;Fève de tonka;Ambre gris;Oud;Musc;Styrax",,,,,,,,,,4.00
Xerjoff,Lua,https://www.fragrantica.fr/parfum/Xerjoff/Lua-10243.html,femme,Eau de Parfum,2009,"powdery;citrus;musky;iris;vanilla;woody;sweet;rose;f_gender","Melon;Orange;Bergamote","Iris;Rose;Muguet;Poivre rose","Musc;Vanille;Patchouli;Cèdre",,,,,,,,,,4.04
Xerjoff,Modoc,https://www.fragrantica.fr/parfum/Xerjoff/Modoc-6307.html,homme,Eau de Parfum,2009,"iris;earthy;powdery;woody;violet;aromatic;musky;green;f_gender",Iris,Vétiver,Musc,,très longue tenue,puissant,,,,,,,3.81
Xerjoff,MV Agusta,https://www.fragrantica.fr/parfum/Xerjoff/MV-Agusta-61436.html,unisexe,Eau de Parfum,2020,"leather;amber;iris;powdery;woody;smoky;musky;animalic","Bergamote de Calabre;Clou de girofle","Iris;Ylang-ylang;Encens","Cuir;Musc;Ciste;Fève de tonka;Patchouli",,,,,,,,,,4.38
Xerjoff,Nio,https://www.fragrantica.fr/parfum/Xerjoff/Nio-10244.html,homme,Eau de Parfum,2009,"citrus;green;woody;aromatic;fresh spicy;white floral;floral;warm spicy;f_gender","Bergamote;Notes vertes;Néroli","Cardamome;Poivre rose;Jasmin;Noix de muscade","Vétiver;Cèdre de Virginie;Gaïac;Ambre;Patchouli",,,,,,,,,,4.32
Xerjoff,Oesel,https://www.fragrantica.fr/parfum/Xerjoff/Oesel-10245.html,unisexe,Eau de Parfum,2010,"white floral;citrus;yellow floral;green;woody;powdery;sweet;aromatic","Fleur d'oranger d'Afrique;Petit-grain;Citron","Mimosa;Fleurs blanches;Jasmin;Rose","Fleur de tabac;Ambre;Patchouli;Cèdre de Virginie",,longue tenue,puissant,,,,,,,3.99
Xerjoff,Oroville,https://www.fragrantica.fr/parfum/Xerjoff/Oroville-10246.html,homme,Eau de Parfum,2009,"aromatic;citrus;floral;white floral;sweet;tobacco;green;herbal;f_gender","Camomille;Orange;Sauge sclarée","Tabac;Fleur d'oranger d'Afrique;Œillet;Néroli;Férule gommeuse","Bois de santal;Vanille;Ambre;Musc",,,,,,,,,,3.72
Xerjoff,Red Hoba,https://www.fragrantica.fr/parfum/Xerjoff/Red-Hoba-24609.html,unisexe,Eau de Parfum,2014,"woody;warm spicy;musky;amber;powdery;smoky;patchouli;cinnamon","Cardamome;Cannelle;Bergamote","Patchouli;Encens;Racine d'iris;Jasmin","Gaïac;Bois de cachemire;Musc;Papyrus;Ciste;Castoréum",,,,,,,,,,3.72
Xerjoff,Rose Gold,https://www.fragrantica.fr/parfum/Xerjoff/Rose-Gold-52435.html,unisexe,Extrait de Parfum,2018,"rose;fresh spicy;woody;aromatic;amber;musky;warm spicy;patchouli",Rose de Bulgarie,Géranium,"Notes boisées;Ambre;Musc;Patchouli",,,,,,,,,,3.94
Xerjoff,Shingl,https://www.fragrantica.fr/parfum/Xerjoff/Shingl-6303.html,femme,Eau de Parfum,2009,"powdery;iris;woody;rum;musky;earthy;vanilla;aromatic;f_gender","Anis;Bergamote;Armoise;Basilic","Rhum;Iris;Patchouli;Vétiver","Vanille;Ambre;Musc",,longue tenue,puissant,,,,,,,3.95
Xerjoff,Star Musk,https://www.fragrantica.fr/parfum/Xerjoff/Star-Musk-21617.html,unisexe,Eau de Parfum,2013,"amber;powdery;floral;warm spicy;woody;musky;vanilla;balsamic","Notes fleuries;Ambre;Mandarine","Iris;Bois de santal;Œillet;Patchouli;Cannelle;Vétiver","Musc;Vanille;Benjoin;Bois de santal;Opoponax",,longue tenue,modéré (e),,,,,,,4.06
Xerjoff,Torino,https://www.fragrantica.fr/parfum/Xerjoff/Torino-67608.html,unisexe,Extrait de Parfum,2020,"woody;fresh spicy;citrus;vanilla;aromatic;sweet;caramel;earthy",Orange du Brésil,"Poivre noir;Néroli","Gaïac;Vanille bourbon;Vétiver de Haïti;Caramel",,longue tenue,modéré (e),,,,,,,3.79
Xerjoff,Uden,https://www.fragrantica.fr/parfum/Xerjoff/Uden-6306.html,homme,Eau de Parfum,2009,"citrus;woody;vanilla;powdery;fresh;warm spicy;rum;coffee;f_gender","Agrumes;Citron;Pamplemousse","Rhum;Gaïac;Bois de santal;Rose","Vanille;Café;Musc;Ambre gris",,longue tenue,modéré (e),,,,,,,4.42
Xerjoff,Uden Overdose,https://www.fragrantica.fr/parfum/Xerjoff/Uden-Overdose-52433.html,unisexe,Eau de Parfum,2018,"citrus;fresh spicy;white floral;amber;fresh;aromatic;musky;powdery","Citron;Bergamote","Gingembre;Fleur de tabac","Ambre;Musc",,,,,,,,,,4.17
Xerjoff,P.13,https://www.fragrantica.fr/parfum/Xerjoff/P-13-117000.html,unisexe,Eau de Parfum,2025,"white floral;tobacco;citrus;tuberose;violet;powdery;sweet;floral","Violette;Rose de Turquie;Bergamote","Tubéreuse;Jasmin;Fleur d'oranger;Clou de girofle","Tabac;Mousse de chêne;Baumier du Pérou;Vanille",,longue tenue,discret,,,,,,,3.97
Xerjoff,P.18,https://www.fragrantica.fr/parfum/Xerjoff/P-18-117189.html,unisexe,Eau de Parfum,2025,"powdery;mossy;musky;white floral;earthy;rose;amber;floral","Rose de Turquie;Violette;Bergamote","Jasmin;Ambre;Clou de girofle","Mousse de chêne;Musc;Ambre;Vanille",,longue tenue,puissant,,,,,,,3.84
Xerjoff,P.33,https://www.fragrantica.fr/parfum/Xerjoff/P-33-72735.html,unisexe,Eau de Parfum,2022,"woody;citrus;powdery;aromatic;fresh spicy;iris;musky;cinnamon","Pomme;Pamplemousse;Bergamote;Poivre rose","Iris;Cyprès;Cannelle","Musc;Cèdre;Ambre",,,,,,,,,,3.97
Xerjoff,P.33 Blank Page Edition,https://www.fragrantica.fr/parfum/Xerjoff/P-33-Blank-Page-Edition-103842.html,unisexe,Extrait de Parfum,2025,"woody;citrus;powdery;aromatic;fresh spicy;musky;fruity;iris","Pamplemousse;Pomme;Bergamote","Cyprès;Iris;Cannelle","Musc;Cèdre;Ambre",,longue tenue,puissant,,,,,,,4.20
Xerjoff,P.70,https://www.fragrantica.fr/parfum/Xerjoff/P-70-117216.html,unisexe,Eau de Parfum,2025,"amber;sweet;balsamic;powdery;vanilla;tropical;tobacco;fruity","Mangue;Violette;Rose de Turquie;Bergamote","Ambre;Cuir;Jasmin;Clou de girofle","Vanille;Tabac;Baumier du Pérou;Mousse de chêne",,,,,,,,,,3.48
Xerjoff,La Capitale,https://www.fragrantica.fr/parfum/Xerjoff/La-Capitale-55782.html,unisexe,Extrait de Parfum,2018,"fruity;sweet;amber;caramel;leather;vanilla;warm spicy;animalic","Fraise;Caramel;Pêche;Ciste","Cuir;Ambre;Safran;Rose;Gingembre","Vanille bourbon;Benjoin",,,,,,,,,,4.10
Xerjoff,Starlight,https://www.fragrantica.fr/parfum/Xerjoff/Starlight-58246.html,unisexe,Eau de Parfum,2019,"warm spicy;cinnamon;aromatic;almond;amber;citrus;nutty;woody","Cardamome;Bergamote","Cannelle;Amande;Clou de girofle","Ambre;Cèdre",,longue tenue,puissant,,,,,,,4.42
Xerjoff,Via Cavour I,https://www.fragrantica.fr/parfum/Xerjoff/Via-Cavour-I-47871.html,unisexe,Eau de Parfum,2017,"sweet;fruity;powdery;caramel;amber;musky;chocolate;vanilla","Coing;Pêche blanche","Chocolat noir;Fruits rouges;Rose du Maroc;Rose;Patchouli","Caramel;Vanille de Madagascar;Oud;Ambre;Bois de cachemire;Musc",,,,,,,,,,4.28
Xerjoff,White On White,https://www.fragrantica.fr/parfum/Xerjoff/White-On-White-85263.html,unisexe,Eau de Parfum,2023,"woody;powdery;musky;warm spicy;sweet;fruity;amber;vanilla","Figue;Bergamote","Patchouli;Baume de Tolu;Cèdre","Bois de santal;Musc;Vanille;Ambre",,,,,,,,,,4.02
Xerjoff,1986,https://www.fragrantica.fr/parfum/Xerjoff/1986-64279.html,unisexe,Eau de Parfum,2020,"citrus;white floral;green;warm spicy;sweet;fresh;soapy;aromatic",,,,"Thé vert;Fleur d'oranger;Mandarine;Cardamome",,,,,,,,,3.85
Xerjoff,CoExistence,https://www.fragrantica.fr/parfum/Xerjoff/CoExistence-68432.html,unisexe,Eau de Parfum,2021,"woody;animalic;rose;musky;floral;powdery;amber;vanilla",Bergamote,"Rose de Damas;Osmanthus;Jasmin","Bois d'agar du Cambodge;Musc;Ambre;Vanille",,longue tenue,modéré (e),,,,,,,3.64
Xerjoff,Save Me,https://www.fragrantica.fr/parfum/Xerjoff/Save-Me-64645.html,unisexe,Extrait de Parfum,2021,"white floral;floral;yellow floral;powdery;musky;herbal;sweet;woody","Camomille;Poivre rose;Cyclamen;Jasmin","Gardénia;Tubéreuse;Mimosa;Ylang-ylang","Musc;Bois de santal",,,,,,,,,,3.81
Xerjoff,1 Parfum,https://www.fragrantica.fr/parfum/Xerjoff/1-Parfum-118404.html,unisexe,Eau de Parfum,2025,"aromatic;fresh spicy;mossy;earthy;citrus;woody;musky;green","Basilic;Bergamote;Lavande;Néroli","Poivre rose;Coriandre;Absinthe;Thym","Mousse de chêne;Patchouli;Musc;Ambre",,longue tenue,puissant,,,,,,,3.43
Xerjoff,2 Parfum,https://www.fragrantica.fr/parfum/Xerjoff/2-Parfum-118405.html,unisexe,Eau de Parfum,2025,"powdery;fruity;musky;sweet;violet;vanilla;fresh;floral",,,,,,,,,,,,,3.83
Xerjoff,3 Parfum,https://www.fragrantica.fr/parfum/Xerjoff/3-Parfum-118406.html,unisexe,Eau de Parfum,2025,"fruity;powdery;sweet;fresh;amber;woody;floral;citrus","Fruits rouges;Bergamote;Coing;Pomme;Davana;Poire","Lavande;Benjoin;Violette;Rose","Bois de santal;Musc;Bois de cachemire;Sucre vanillé;Fève de tonka;Patchouli;Cèdre;Ambre;Oud",,très longue tenue,puissant,,,,,,,4.14
Xerjoff,4 Parfum,https://www.fragrantica.fr/parfum/Xerjoff/4-Parfum-118407.html,unisexe,Eau de Parfum,2025,"amber;sweet;fruity;floral;almond;woody;herbal;warm spicy","Dattes;Camomille;Pomarose","Amande amère;Résine oliban;Huile essentielle de cypriol","Ciste;Safran",,longue tenue,modéré (e),,,,,,,3.00
Xerjoff,5 Parfum,https://www.fragrantica.fr/parfum/Xerjoff/5-Parfum-118408.html,unisexe,Eau de Parfum,2025,"vanilla;sweet;amber;soft spicy;aromatic;warm spicy;caramel;woody","Poivre rose;Safran;Fruits secs;Coriandre;Bergamote","Caramel;Rose;Oud","Fève de tonka;Ambre gris;Vanille;Cèdre;Mousse de chêne;Mousse",,,,,,,,,,3.25
Xerjoff,6 Parfum,https://www.fragrantica.fr/parfum/Xerjoff/6-Parfum-118409.html,unisexe,Eau de Parfum,2025,"amber;citrus;fresh spicy;sweet;cherry;tobacco;balsamic;warm spicy","Bigarade;Poivre rose;Cerise","Poivre noir;Encens;Néroli","Ambre gris;Tabac",,médiocre,discret,,,,,,,4.60
Xerjoff,7 Parfum,https://www.fragrantica.fr/parfum/Xerjoff/7-Parfum-118410.html,unisexe,Extrait de Parfum,2025,"amber;coconut;citrus;vanilla;sweet;balsamic;smoky;lactonic","Noix de Coco;Pamplemousse rose;Poire","Encens;Bois de cachemire;Racine d'iris","Ambre gris;Vanille de Madagascar;Cèdre de Virginie",,très longue tenue,discret,,,,,,,4.00
Xerjoff,Coro (Selfridges Exclusive),https://www.fragrantica.fr/parfum/Xerjoff/Coro-Selfridges-Exclusive-55950.html,unisexe,Extrait de Parfum,2019,"powdery;fruity;woody;vanilla;sweet;amber;musky;floral",Fruits,"Fruits;Racine d'iris;Notes fleuries;Jasmin","Vanille;Bois de santal;Ambre;Musc",,modéré (e),modéré (e),,,,,,,4.18
Xerjoff,Ipnotica,https://www.fragrantica.fr/parfum/Xerjoff/Ipnotica-66257.html,unisexe,Eau de Parfum,2021,"white floral;fruity;sweet;vanilla;tuberose;powdery;patchouli;musky","Pêche;Coing","Tubéreuse;Fleur d'oranger;Jasmin","Vanille;Patchouli;Musc",,,,,,,,,,4.06
Xerjoff,Nero 70,https://www.fragrantica.fr/parfum/Xerjoff/Nero-70-66256.html,unisexe,Eau de Parfum,2020,"citrus;vanilla;fresh spicy;powdery;fresh;musky;aromatic;white floral","Agrumes de Sicile;Bergamote de Calabre;Lavande",Néroli,"Vanille bourbon;Musc;Ambre",,,,,,,,,,4.09
Xerjoff,Accento,https://www.fragrantica.fr/parfum/Xerjoff/Accento-55156.html,unisexe,Eau de Parfum,2019,"musky;powdery;sweet;fruity;earthy;floral;iris;green","Ananas;Jacinthe","Iris;Poivre rose;Jasmin","Musc;Ambre;Vétiver;Vanille;Patchouli",,,,,,,,,,3.95
Xerjoff,Accento Overdose,https://www.fragrantica.fr/parfum/Xerjoff/Accento-Overdose-56097.html,unisexe,Extrait de Parfum,2019,"white floral;green;fruity;fresh;woody;aldehydic;rose;sweet","Notes fruitées;Accord vert;Aldéhydes","Jasmin d'Egypte;Muguet;Rose de Bulgarie","Eucalyptus;Pin",,,,,,,,,,3.98
Xerjoff,Accento Overdose Pride Edition,https://www.fragrantica.fr/parfum/Xerjoff/Accento-Overdose-Pride-Edition-74630.html,unisexe,Extrait de Parfum,2022,"woody;green;rose;aromatic;aldehydic;fruity;camphor;fresh","Aldéhydes;Notes fruitées;Notes vertes","Rose de Bulgarie;Jasmin d'Egypte;Muguet","Eucalyptus;Pin",,,,,,,,,,1.40
Xerjoff,Amabile,https://www.fragrantica.fr/parfum/Xerjoff/Amabile-63876.html,unisexe,Eau de Parfum,2020,"citrus;warm spicy;aromatic;white floral;woody;fruity;vanilla;musky","Pomme verte;Limone Costa d'Amalfi;Bergamote de Calabre;Fleur d'oranger","Cardamome du Guatémala;Poivre rose;Jasmin","Vanille du Mexique;Cèdre Atlas;Musc blanc;Patchouli",,,,,,,,,,3.20
Xerjoff,Coro,https://www.fragrantica.fr/parfum/Xerjoff/Coro-110891.html,unisexe,Eau de Parfum,2025,"tropical;fruity;sweet;powdery;fresh;vanilla;musky;amber",Fruits tropicaux,"Mangue;Ananas;Jasmin","Vanille;Musc;Ambre;Bois de santal",,,,,,,,,,3.61
Xerjoff,Erba Gold,https://www.fragrantica.fr/parfum/Xerjoff/Erba-Gold-76683.html,unisexe,Eau de Parfum,2016,"citrus;fruity;fresh;sweet;aquatic;ozonic;fresh spicy;musky","Orange du Brésil;Bergamote de Calabre;Citron de Sicile;Gingembre","Melon;Poire;Pomme verte;Cannelle;Cardamome du Guatémala;Clou de girofle","Musc blanc;Vanille de Madagascar;Ambre;Notes boisées",,,,,,,,,,4.35
Xerjoff,Erba Pura,https://www.fragrantica.fr/parfum/Xerjoff/Erba-Pura-55157.html,unisexe,Eau de Parfum,2019,"citrus;fruity;sweet;musky;powdery;vanilla;amber;fresh spicy","Orange de Sicile;Bergamote de Calabre;Citron de Sicile",Fruits,"Musc blanc;Vanille de Madagascar;Ambre",,,,,,,,,,3.79
Xerjoff,Laylati,https://www.fragrantica.fr/parfum/Xerjoff/Laylati-55159.html,unisexe,Eau de Parfum,2019,"woody;patchouli;tobacco;powdery;musky;vanilla;sweet;green",,,,,,,,,,,,,3.86
Xerjoff,Muse,https://www.fragrantica.fr/parfum/Xerjoff/Muse-55161.html,unisexe,Extrait de Parfum,2019,"fruity;amber;sweet;white floral;leather;animalic;warm spicy;patchouli","Prune;Cuir;Fleurs blanches","Jasmin;Davana;Ciste","Framboise;Ambre;Benjoin;Patchouli",,,,,,,,,,3.92
Xerjoff,Opera,https://www.fragrantica.fr/parfum/Xerjoff/Opera-55162.html,unisexe,Eau de Parfum,2019,"woody;sweet;fruity;yellow floral;fresh spicy;powdery;leather;amber","Fruits;Rose de Turquie","Ylang-ylang;Noix de muscade;Cuir;Ambre","Patchouli;Vanille;Musc;Cèdre de Virginie;Vétiver de Haïti",,,,,,,,,,4.03
Xerjoff,Ouverture,https://www.fragrantica.fr/parfum/Xerjoff/Ouverture-55164.html,unisexe,Extrait de Parfum,2019,"woody;amber;citrus;warm spicy;green;sweet;vanilla;floral","Feuille de figuier;Orange;Magnolia","Cannelle;Ylang-ylang;Jasmin d'Inde;Rose de Bulgarie","Bois de santal;Ambre;Vanille;Bois de cachemire;Encens",,,,,,,,,,4.17
Xerjoff,Purple Accento,https://www.fragrantica.fr/parfum/Xerjoff/Purple-Accento-110892.html,unisexe,Eau de Parfum,2025,"citrus;powdery;sweet;fruity;musky;oud;fresh spicy;vanilla","Ananas;Mandarine;Bergamote;Jacinthe","Mûre de Logan;Jasmin;Racine d'iris;Poivre rose","Musc;Oud;Ambre;Vanille;Bois de santal",,,,,,,,,,3.94
Xerjoff,Purple Accento Crystal Edition,https://www.fragrantica.fr/parfum/Xerjoff/Purple-Accento-Crystal-Edition-65616.html,unisexe,Eau de Parfum,2021,"sweet;fruity;powdery;musky;citrus;vanilla;amber;tropical",,,,,,,,,,,,,4.06
Xerjoff,Soprano,https://www.fragrantica.fr/parfum/Xerjoff/Soprano-55160.html,unisexe,Eau de Parfum,2019,"fruity;rose;floral;oud;patchouli;lactonic;sweet;tropical","Fruits;Litchi;Freesia;Bergamote de Calabre","Rose de Bulgarie;Lait;Osmanthus;Jasmin d'Egypte","Oud;Patchouli;Cuir",,,,,,,,,,3.97
Xerjoff,Wardasina,https://www.fragrantica.fr/parfum/Xerjoff/Wardasina-55163.html,unisexe,Extrait de Parfum,2019,"tobacco;rose;woody;warm spicy;patchouli;sweet;musky;powdery",Notes vertes,"Rose de Bulgarie;Safran;Patchouli;Cèdre","Tabac;Musc;Vanille",,,,,,,,,,3.92
Xerjoff,White On White One,https://www.fragrantica.fr/parfum/Xerjoff/White-On-White-One-76331.html,unisexe,Eau de Parfum,2022,"powdery;almond;fruity;sweet;floral;musky;nutty;vanilla",,,,,,,,,,,,,3.68
Xerjoff,White On White Three,https://www.fragrantica.fr/parfum/Xerjoff/White-On-White-Three-76333.html,unisexe,Eau de Parfum,2022,"fruity;vanilla;sweet;rose;lactonic;woody;powdery;floral","Figue;Rose;Feuilles vertes","Lait;Cèdre;Patchouli;Fleurs blanches","Vanille;Ambre;Musc;Bois de santal",,,,,,,,,,3.50
Xerjoff,White On White Two,https://www.fragrantica.fr/parfum/Xerjoff/White-On-White-Two-76332.html,unisexe,Eau de Parfum,2022,"woody;powdery;vanilla;sweet;fruity;green;warm spicy;lactonic","Figue;Feuilles vertes;Bergamote","Figue;Lait;Notes balsamiques;Patchouli;Cèdre","Vanille;Bois de santal;Ambre;Musc",,,,,,,,,,4.17
Xerjoff,Deified Tony Iommi Parfum,https://www.fragrantica.fr/parfum/Xerjoff/Deified-Tony-Iommi-Parfum-92497.html,unisexe,Eau de Parfum,2024,"leather;warm spicy;woody;rose;animalic;fruity;earthy;patchouli","Safran;Pomme;Cannelle","Cuir;Rose","Papyrus;Patchouli;Musc;Mousse",,,,,,,,,,4.26
Xerjoff,Deified Tony Iommi Signed Edition,https://www.fragrantica.fr/parfum/Xerjoff/Deified-Tony-Iommi-Signed-Edition-92133.html,unisexe,Eau de Parfum,2024,"woody;leather;warm spicy;earthy;mossy;patchouli;cinnamon;green","Cannelle;Safran;Pomme","Cuir;Rose","Papyrus;Mousse;Patchouli;Musc",,,,,,,,,,3.81
Xerjoff,Duran Duran Black Moonlight,https://www.fragrantica.fr/parfum/Xerjoff/Duran-Duran-Black-Moonlight-104537.html,unisexe,Eau de Parfum,2025,"amber;warm spicy;sweet;aromatic;balsamic;citrus;woody;powdery","Safran;Cardamome;Mandarine;Bergamote","Myrrhe;Jasmin Sambac;Lavande;Ylang-ylang","Baume de Tolu;Fève de tonka;Ciste;Patchouli",,,,,,,,,,4.15
Xerjoff,Duran Duran NeoRio,https://www.fragrantica.fr/parfum/Xerjoff/Duran-Duran-NeoRio-104538.html,unisexe,Eau de Parfum,2025,"amber;sweet;woody;balsamic;warm spicy;fruity;rum;patchouli","Rhum;Figue;Ciste;Élémi","Sirop d'érable;Safran;Huile essentielle de rose","Baumier du Pérou;Patchouli;Fève de tonka",,,,,,,,,,3.81
Xerjoff,Groove Xcape,https://www.fragrantica.fr/parfum/Xerjoff/Groove-Xcape-79028.html,unisexe,Eau de Parfum,2023,"amber;warm spicy;balsamic;fresh spicy;woody;aromatic;smoky;sweet","Poivre;Élémi;Cardamome;Gingembre","Encens;Myrrhe;Mimosa;Rose","Cèdre;Benjoin;Ciste;Patchouli",,,,,,,,,,3.85
Xerjoff,Louis XV 1722,https://www.fragrantica.fr/parfum/Xerjoff/Louis-XV-1722-99146.html,unisexe,Eau de Parfum,2024,"woody;citrus;warm spicy;powdery;musky;lavender;champagne;amber","Champagne;Pamplemousse;Prune;Safran","Lavande;Noisette;Café;Rose;Cacao","Bois de santal;Musc blanc;Bois de cachemire;Encens;Cuir",,,,,,,,,,4.18
Xerjoff,Louis XV 1722 Rosé,https://www.fragrantica.fr/parfum/Xerjoff/Louis-XV-1722-Rose-116896.html,unisexe,Eau de Parfum,2025,"fruity;rose;sweet;woody;aromatic;vanilla;floral;fresh spicy","Framboise;Poire;Cassis","Rose de Damas;Cèdre;Prune;Géranium","Vanille;Musc;Amyris",,,,,,,,,,4.02
Xerjoff,Tony Iommi Monkey Special,https://www.fragrantica.fr/parfum/Xerjoff/Tony-Iommi-Monkey-Special-70789.html,unisexe,Eau de Parfum,2021,"warm spicy;woody;sweet;rum;patchouli;vanilla;amber;caramel","Rhum;Fruit de la passion;Géranium;Bergamote","Patchouli de Singapour;Cannelle;Cuir;Rose de Bulgarie","Caramel;Vanille;Fève de tonka;Bois de santal;Ciste;Musc;Ambre gris",,,,,,,,,,4.27
Xerjoff,Tony Iommi Signed Crystal,https://www.fragrantica.fr/parfum/Xerjoff/Tony-Iommi-Signed-Crystal-70788.html,unisexe,Eau de Parfum,2021,"warm spicy;sweet;woody;caramel;vanilla;rum;amber;patchouli",,,,,,,,,,,,,4.01
Xerjoff,Newcleus,https://www.fragrantica.fr/parfum/Xerjoff/Newcleus-95929.html,unisexe,Extrait de Parfum,2024,"caramel;powdery;rose;musky;vanilla;sweet;lactonic;woody","Pétales de rose;Lait;Notes vertes","Caramel;Pétales de rose;Musc blanc","Pétales de rose;Musc blanc;Vanille;Bois de santal",,,,,,,,,,3.92
Xerjoff,Avanguardia,https://www.fragrantica.fr/parfum/Xerjoff/Avanguardia-135137.html,unisexe,Eau de Parfum,2026,"amber;cherry;violet;sweet;woody;warm spicy;balsamic;patchouli","Cerise;Davana;Mandarine","Violette noire;Patchouli;Rose","Résine oliban;Fève de tonka;Styrax",,,,,,,,,,4.23
Xerjoff,Fierezza,https://www.fragrantica.fr/parfum/Xerjoff/Fierezza-135134.html,unisexe,Eau de Parfum,2026,"amber;aromatic;musky;balsamic;floral;warm spicy;fresh spicy;smoky","Encens;Poivre rose;Poivre du Sichuan;Davana","Notes marines;Frangipanier;Ambrette;Géranium","Myrrhe;Daim;Ambre",,,,,,,,,,3.82
Xerjoff,Perseveranza,https://www.fragrantica.fr/parfum/Xerjoff/Perseveranza-135136.html,unisexe,Eau de Parfum,2026,"warm spicy;aromatic;citrus;fresh;amber;fresh spicy;woody;balsamic","Piment;Gingembre;Cédrat","Élémi;Vétiver;Clou de girofle","Fève de tonka;Ciste;Styrax",,,,,,,,,,3.88
Xerjoff,Damarose,https://www.fragrantica.fr/parfum/Xerjoff/Damarose-11702.html,femme,Eau de Parfum,2010,"rose;woody;floral;sweet;powdery;fruity;white floral;amber;f_gender","Fruits rouges;Freesia;Citron vert;Bergamote","Rose de Turquie;Ylang-ylang;Jasmin;Iris;Muguet","Musc;Ambre;Vanille;Bois de santal;Vétiver;Palissandre d'Egypte;Patchouli",,,,,,,,,,4.13
Xerjoff,Elle,https://www.fragrantica.fr/parfum/Xerjoff/Elle-6298.html,femme,Extrait de Parfum,2007,"amber;citrus;woody;white floral;powdery;balsamic;iris;sweet;f_gender","Fleur d'oranger d'Afrique;Agrumes;Férule gommeuse","Iris;Bouleau;Notes boisées;Patchouli","Benjoin;Opoponax;Ambre;Musc",,,,,,,,,,4.15
Xerjoff,Elle Anniversary,https://www.fragrantica.fr/parfum/Xerjoff/Elle-Anniversary-88612.html,femme,Extrait de Parfum,2023,"fruity;fresh;floral;musky;woody;powdery;amber;tropical;f_gender","Fruits rouges;Litchi;Pomme verte;Bergamote","Pivoine;Jasmin;Bois de cachemire;Réglisse","Musc;Ambre;Bois de santal;Patchouli",,,,,,,,,,4.01
Xerjoff,Homme,https://www.fragrantica.fr/parfum/Xerjoff/Homme-6299.html,homme,Eau de Parfum,2007,"woody;leather;aromatic;lavender;citrus;yellow floral;animalic;earthy;f_gender","Agrumes;Epices","Lavande;Ylang-ylang;Clou de girofle","Cuir;Vétiver;Notes boisées",,,,,,,,,,4.09
Xerjoff,Homme Anniversary,https://www.fragrantica.fr/parfum/Xerjoff/Homme-Anniversary-94591.html,unisexe,Eau de Parfum,2024,"leather;sweet;citrus;aromatic;animalic;mossy;white floral;amber","Estragon;Citron;Bergamote","Cuir;Fleur d'oranger;Clou de girofle;Fève de tonka","Mousse;Fruits confits;Styrax;Vanille",,,,,,,,,,4.56
Xerjoff,Irisss,https://www.fragrantica.fr/parfum/Xerjoff/Irisss-11704.html,femme,Eau de Parfum,2008,"powdery;violet;iris;woody;musky;floral;earthy;aromatic;f_gender","Graines de carotte;Œillet;Bergamote","Iris;Violette;Rose;Jasmin","Musc;Vétiver;Cèdre;Encens",,,,,,,,,,3.96
Xerjoff,Lunosa,https://www.fragrantica.fr/parfum/Xerjoff/Lunosa-62614.html,unisexe,Eau de Parfum,2020,"woody;white floral;tobacco;earthy;oud;tuberose;sweet;aromatic","Huile essentielle de cypriol;Néroli","Tubéreuse d'Inde;Gardénia;Bois de santal","Tabac;Oud;Vétiver de Haïti",,,,,,,,,,4.14
Xerjoff,Pikovaya Dama 2018,https://www.fragrantica.fr/parfum/Xerjoff/Pikovaya-Dama-2018-49504.html,unisexe,Eau de Parfum,2018,"aldehydic;powdery;citrus;woody;fresh;iris;aromatic;fresh spicy","Aldéhydes;Néroli;Bergamote;Rose;Citron","Iris;Encens;Coriandre;Noix de muscade;Cèdre","Musc;Vanille;Bois de santal;Patchouli",,,,,,,,,,4.36
Xerjoff,Richwood,https://www.fragrantica.fr/parfum/Xerjoff/Richwood-11703.html,unisexe,Eau de Parfum,2010,"woody;patchouli;citrus;warm spicy;rose;powdery;balsamic;vanilla","Tangerine;Pamplemousse;Bergamote","Rose de Damas;Cassis","Patchouli;Bois de santal;Vanille;Musc;Ciste",,,,,,,,,,4.42
Xerjoff,Symphonium,https://www.fragrantica.fr/parfum/Xerjoff/Symphonium-59707.html,unisexe,Extrait de Parfum,2020,"citrus;warm spicy;oud;sweet;chocolate;vanilla;animalic;powdery","Orange;Mandarine","Chocolat;Cardamome","Vanille de Madagascar;Bois d'agar du Laos;Oud de Thaïlande;Musc",,,,,,,,,,3.98
Xerjoff,Symphonium 2015,https://www.fragrantica.fr/parfum/Xerjoff/Symphonium-2015-41210.html,unisexe,Eau de Parfum,2015,"citrus;oud;warm spicy;sweet;chocolate;animalic;vanilla;woody","Orange;Mandarine","Chocolat;Cardamome","Bois d'agar du Laos;Oud de Thaïlande;Vanille de Madagascar;Musc blanc",,,,,,,,,,4.27
Xerjoff,Symphonium Parfum,https://www.fragrantica.fr/parfum/Xerjoff/Symphonium-Parfum-66677.html,unisexe,Extrait de Parfum,2021,"citrus;sweet;warm spicy;chocolate;oud;vanilla;animalic;powdery","Orange;Mandarine","Chocolat;Cardamome","Vanille;Bois d'agar du Laos;Musc;Oud de Thaïlande",,,,,,,,,,4.19
Xerjoff,XXY,https://www.fragrantica.fr/parfum/Xerjoff/XXY-11706.html,unisexe,Eau de Parfum,2008,"woody;powdery;citrus;fresh spicy;earthy;iris;warm spicy;patchouli","Pêche;Bergamote;Pamplemousse","Iris;Ylang-ylang;Poivre noir;Jasmin","Patchouli;Vanille;Bois de santal;Vétiver;Musc;Ciste",,,,,,,,,,3.89
Xerjoff,Damarose Perfume Extract,https://www.fragrantica.fr/parfum/Xerjoff/Damarose-Perfume-Extract-52159.html,femme,Eau de Parfum,,"woody;powdery;white floral;earthy;floral;amber;sweet;patchouli;f_gender","Fruits rouges;Bergamote;Freesia;Citron vert","Rose de Turquie;Jasmin;Iris;Muguet;Ylang-ylang","Patchouli;Vanille;Palissandre;Ambre;Vétiver;Bois de santal;Musc",,,,,,,,,,4.14
Xerjoff,Elle Perfume Extract,https://www.fragrantica.fr/parfum/Xerjoff/Elle-Perfume-Extract-52160.html,femme,Eau de Parfum,,"amber;woody;citrus;warm spicy;patchouli;white floral;balsamic;leather;f_gender","Agrumes;Fleur d'oranger;Férule gommeuse","Patchouli;Bouleau;Iris;Notes boisées","Benjoin;Musc;Opoponax;Ambre",,,,,,,,,,3.90
Xerjoff,Homme Perfume Extract,https://www.fragrantica.fr/parfum/Xerjoff/Homme-Perfume-Extract-52161.html,homme,Eau de Parfum,,"woody;leather;citrus;aromatic;warm spicy;yellow floral;animalic;earthy;f_gender","Agrumes;Epices","Ylang-ylang;Lavande;Clou de girofle","Cuir;Vétiver;Notes boisées",,,,,,,,,,4.27
Xerjoff,Irisss Perfume Extract,https://www.fragrantica.fr/parfum/Xerjoff/Irisss-Perfume-Extract-52162.html,femme,Eau de Parfum,,"powdery;woody;violet;floral;iris;musky;rose;aromatic;f_gender",,,,,,,,,,,,,3.80
Xerjoff,Richwood Perfume Extract,https://www.fragrantica.fr/parfum/Xerjoff/Richwood-Perfume-Extract-52163.html,unisexe,Eau de Parfum,,"citrus;woody;powdery;rose;patchouli;warm spicy;fruity;musky",,,,,,,,,,,,,3.80
Xerjoff,XXY Perfume Extract,https://www.fragrantica.fr/parfum/Xerjoff/XXY-Perfume-Extract-52164.html,unisexe,Eau de Parfum,,"woody;powdery;fresh spicy;warm spicy;earthy;musky;aromatic;patchouli","Bergamote;Pamplemousse;Pêche","Poivre noir;Jasmin;Ylang-ylang;Iris","Patchouli;Bois de santal;Vétiver;Vanille;Musc;Ciste",,,,,,,,,,2.86
Xerjoff,XJ 1861 Decas,https://www.fragrantica.fr/parfum/Xerjoff/XJ-1861-Decas-66198.html,unisexe,Eau de Parfum,2021,"amber;vanilla;citrus;balsamic;sweet;powdery;tuberose;tobacco","Mandarine de Calabre;Tubéreuse;Tabac","Benjoin;Opoponax;Racine d'iris d'Italie","Résine;Vanille bourbon;Musc",,,,,,,,,,4.02
Xerjoff,XJ 1861 Naxos,https://www.fragrantica.fr/parfum/Xerjoff/XJ-1861-Naxos-30529.html,unisexe,Eau de Parfum,2015,"sweet;honey;vanilla;tobacco;lavender;citrus;aromatic;floral","Lavande;Bergamote;Citron","Miel;Cannelle;Bois de cachemire;Jasmin Sambac","Feuille de tabac;Vanille;Fève de tonka",,,,,,,,,,4.49
Xerjoff,XJ 1861 Renaissance,https://www.fragrantica.fr/parfum/Xerjoff/XJ-1861-Renaissance-12126.html,unisexe,Eau de Parfum,2011,"citrus;green;aromatic;fresh spicy;woody;white floral;musky;fresh","Limone Costa d'Amalfi;Tangerine;Bergamote;Petit-grain","Menthe;Muguet;Rose","Musc;Cèdre de Virginie;Patchouli;Ambre",,,,,,,,,,4.30
Xerjoff,XJ 1861 Zefiro,https://www.fragrantica.fr/parfum/Xerjoff/XJ-1861-Zefiro-30530.html,unisexe,Eau de Parfum,2015,"warm spicy;aromatic;amber;woody;balsamic;smoky;cinnamon;floral","Résine d'élémi;Vin blanc;Armoise;Bergamote","Cardamome;Cannelle;Œillet;Iris","Encens;Notes boisées;Ambre;Miel",,,,,,,,,,4.16
Xerjoff,Yacht Club de Monaco,https://www.fragrantica.fr/parfum/Xerjoff/Yacht-Club-de-Monaco-89729.html,unisexe,Eau de Parfum,2022,"sweet;fruity;cherry;warm spicy;cinnamon;rum;woody;nutty",,,,"Cerise;Rhum;Cannelle;Fruits;Notes aromatiques;Notes sucrées",,,,,,,,,4.59
FOMOWA Paris,Akatsuki Melba,https://www.fragrantica.fr/parfum/FOMOWA-Paris/Akatsuki-Melba-104018.html,unisexe,Eau de Parfum,2025,"fruity;sweet;vanilla;aromatic;powdery;soft spicy;green;rose","Pêche;Osmanthus","Framboise;Gelée;Bourgeon de cassis","Caramel salé;Vanille de Tahiti;Fève de tonka",,,,,,,,,,4.14
FOMOWA Paris,Moonwalk SeaCoco,https://www.fragrantica.fr/parfum/FOMOWA-Paris/Moonwalk-SeaCoco-116345.html,unisexe,Eau de Parfum,2025,"citrus;sweet;fruity;fresh;vanilla;tropical;fresh spicy;aromatic","Citron de Sicile;Ananas Pain de Sucre;Mandarine d'Italie","Fruit de la passion;Gingembre;Crème fouettée;Coco de mer","Citron;Vanille;Bois de santal",,longue tenue,modéré (e),,,,,,,4.24
FOMOWA Paris,Pannaco Tahaa,https://www.fragrantica.fr/parfum/FOMOWA-Paris/Pannaco-Tahaa-92115.html,unisexe,Eau de Parfum,2024,"sweet;tropical;vanilla;fruity;warm spicy;citrus;amber;terpenic","Mangue;Orange;Vanille","Panna cotta;Vanille","Safran;Vanille de Tahiti;Benjoin;Musc blanc;Fève de tonka",,très longue tenue,puissant,,,,,,,3.94
FOMOWA Paris,Red Keela Split,https://www.fragrantica.fr/parfum/FOMOWA-Paris/Red-Keela-Split-97249.html,unisexe,Eau de Parfum,2024,"sweet;fruity;vanilla;woody;green;nutty;citrus;tropical",Citron d'Italie,"Fraise;Banane;Sorbet;Fleur d'oranger","Pistache;Crème fouettée;Vanille;Caramel;Fève de tonka;Ambroxan;Bois de santal",,très longue tenue,puissant,,,,,,,4.06
FOMOWA Paris,Vanille des Rois,https://www.fragrantica.fr/parfum/FOMOWA-Paris/Vanille-des-Rois-120553.html,unisexe,Eau de Parfum,2025,"amber;vanilla;sweet;balsamic;woody;white floral;citrus;powdery","Bigaradier;Orange","Baumier du Pérou;Fleur d'oranger;Néroli de Tunisie;Cannelle;Poivre rose;Eau","Absolu de vanille;Vanille;Vanilline;Fève de tonka;Ambre;Praliné;Cèdre;Patchouli;Ciste",,longue tenue,modéré (e),,,,,,,4.19
Essential Parfums,Ambre Latte,https://www.fragrantica.fr/parfum/Essential-Parfums/Ambre-Latte-129800.html,unisexe,Eau de Parfum,2026,"woody;vanilla;amber;sweet;warm spicy;caramel;oud;almond",Lait d'amande,"Caramel;Fève de tonka;Vanille","Bois d'Akigala;Ambrofix™;Musc blanc;Bois de santal;Amberwood;Benjoin;Georgywood;Gaïac",,,,,,,,,,3.82
Essential Parfums,Bois Impérial,https://www.fragrantica.fr/parfum/Essential-Parfums/Bois-Imperial-64338.html,unisexe,Eau de Parfum,2020,"woody;fresh spicy;aromatic;oud;green;amber;earthy;warm spicy",,,,"Bois d'Akigala;Notes boisées;Basilic;Vétiver;Timur;Ambroxan;Patchouli",,,,,,,,,4.17
Essential Parfums,Divine Vanille,https://www.fragrantica.fr/parfum/Essential-Parfums/Divine-Vanille-57088.html,unisexe,Eau de Parfum,2019,"vanilla;warm spicy;amber;cinnamon;balsamic;aromatic;sweet;powdery","Cannelle;Poivre noir;Sauge sclarée","Encens;Osmanthus;Pomarose","Vanille de Madagascar;Fève de tonka;Benjoin de Siam;Patchouli;Cèdre du Texas;Musc",,,,,,,,,,3.99
Essential Parfums,Fig Infusion,https://www.fragrantica.fr/parfum/Essential-Parfums/Fig-Infusion-73092.html,unisexe,Eau de Parfum,2022,"woody;fruity;citrus;sweet;green;powdery;warm spicy;white floral",,,,"Figue;Bois de santal;Thé noir;Cèdre;Mandarine;Fleur d'oranger;Clémentine;Freesia;Benjoin",longue tenue,discret,,,,,,,3.90
Essential Parfums,Mon Vetiver,https://www.fragrantica.fr/parfum/Essential-Parfums/Mon-Vetiver-50788.html,unisexe,Eau de Parfum,2018,"aromatic;woody;citrus;fresh spicy;earthy;green;lavender;herbal",,,,"Vétiver de Haïti;Citron vert;Gin;Genévrier;Lavande;Bois de cachemire;Patchouli;Gentiane",,,,,,,,,3.73
Essential Parfums,Néroli Botanica,https://www.fragrantica.fr/parfum/Essential-Parfums/Neroli-Botanica-90834.html,unisexe,Eau de Parfum,2024,"white floral;citrus;fresh spicy;woody;fresh;warm spicy;aromatic;floral","Gingembre;Poivre rose;Curcuma;Poivre noir","Néroli;Jasmin;Fleur d'oranger","Vétiver;Bois de santal;Benjoin",,,,,,,,,,3.77
Essential Parfums,Nice Bergamote,https://www.fragrantica.fr/parfum/Essential-Parfums/Nice-Bergamote-50789.html,unisexe,Eau de Parfum,2018,"citrus;white floral;woody;fresh spicy;aromatic;yellow floral;floral;sweet",,,,"Bergamote;Jasmin;Ylang-ylang;Cèdre;Fève de tonka",,,,,,,,,3.99
Essential Parfums,Orange X Santal,https://www.fragrantica.fr/parfum/Essential-Parfums/Orange-X-Santal-50786.html,unisexe,Extrait de Parfum,2018,"woody;citrus;fresh spicy;aromatic;fresh;powdery;mossy;warm spicy",,,,"Bigarade;Santal d'Australie;Cyprès;Basilic;Mousse de chêne",modéré (e),modéré (e),,,,,,,3.79
Essential Parfums,Osmanthus Absolu,https://www.fragrantica.fr/parfum/Essential-Parfums/Osmanthus-Absolu-127938.html,unisexe,Eau de Parfum,2026,"fruity;woody;floral;leather;warm spicy;citrus;aromatic;green","Osmanthus;Cardamome;Pêche;Bergamote","Osmanthus;Cuir;Thé noir;Jasmin","Huile essentielle de cypriol;Cèdre;Vanille",,modéré (e),modéré (e),,,,,,,3.74
Essential Parfums,Patchouli Mania,https://www.fragrantica.fr/parfum/Essential-Parfums/Patchouli-Mania-85144.html,unisexe,Eau de Parfum,2023,"woody;patchouli;warm spicy;earthy;aromatic;green;nutty;balsamic","Noisette;Davana;Coriandre","Cacao;Thé;Clearwood","Patchouli;Vétiver;Cetalox",,modéré (e),modéré (e),,,,,,,3.58
Essential Parfums,Rose Magnetic,https://www.fragrantica.fr/parfum/Essential-Parfums/Rose-Magnetic-50787.html,unisexe,Eau de Parfum,2018,"rose;citrus;vanilla;fruity;aromatic;floral;tropical;fresh spicy",,,,"Rose de Turquie;Rose;Litchi;Pamplemousse;Vanille;Menthe;Fève de tonka;Cèdre",modéré (e),modéré (e),,,,,,,3.81
Essential Parfums,The Musc,https://www.fragrantica.fr/parfum/Essential-Parfums/The-Musc-50790.html,unisexe,Eau de Parfum,2018,"musky;powdery;lavender;beeswax;woody;animalic;honey;fresh spicy",,,,"Musc;Cire d'abeille;Lavande;Bois de santal;Gingembre",modéré (e),modéré (e),,,,,,,3.75
Essential Parfums,Velvet Iris,https://www.fragrantica.fr/parfum/Essential-Parfums/Velvet-Iris-103276.html,unisexe,Eau de Parfum,2025,"iris;powdery;woody;aromatic;earthy;balsamic;green;violet","Agathosma;Poivre rose;Tamarin","Racine d'iris;Iris;Férule gommeuse;Lentisque","Cuir Saffiano;Bois de santal;Ciste",,modéré (e),modéré (e),,,,,,,3.60
Essential Parfums,Bois Impérial Extrait,https://www.fragrantica.fr/parfum/Essential-Parfums/Bois-Imperial-Extrait-97259.html,unisexe,Extrait de Parfum,2024,"woody;fresh spicy;aromatic;rose;soft spicy;amber;conifer;fresh","Poivre rose;Poivre noir",Rose,"Sapin baumier;Cèdre Atlas;Ciste",,,,,,,,,,4.26
Essential Parfums,Nice Bergamote Extrait,https://www.fragrantica.fr/parfum/Essential-Parfums/Nice-Bergamote-Extrait-119102.html,unisexe,Extrait de Parfum,2025,,,,,,longue tenue,modéré (e),,,,,,,4.24
Essential Parfums,The Musc Extrait,https://www.fragrantica.fr/parfum/Essential-Parfums/The-Musc-Extrait-119103.html,unisexe,Eau de Parfum,2025,"woody;warm spicy;musky;balsamic;powdery;patchouli;amber;cinnamon","Cannelle;Gingembre","Musc;Georgywood","Ambrofix™;Patchouli;Ambrarome;Miel;Bois de santal",,longue tenue,modéré (e),,,,,,,3.97
Essential Parfums,Bois Impérial Hair & Body Mist,https://www.fragrantica.fr/parfum/Essential-Parfums/Bois-Imperial-Hair-Body-Mist-112864.html,unisexe,Eau de Parfum,2025,"fresh spicy;woody;aromatic;oud;amber;green;herbal;musky",,,,"Bois d'Akigala;Basilic;Ambroxan;Timur;Notes boisées;Vétiver",modéré (e),modéré (e),,,,,,,3.94
Essential Parfums,Nice Bergamote Hair & Body Mist,https://www.fragrantica.fr/parfum/Essential-Parfums/Nice-Bergamote-Hair-Body-Mist-112870.html,unisexe,Eau de Parfum,2025,"citrus;white floral;woody;yellow floral;fresh spicy;sweet;floral;aromatic",,,,"Bergamote;Jasmin;Ylang-ylang;Cèdre;Fève de tonka",médiocre,discret,,,,,,,3.50
Essential Parfums,The Musc Hair & Body Mist,https://www.fragrantica.fr/parfum/Essential-Parfums/The-Musc-Hair-Body-Mist-112867.html,unisexe,Eau de Parfum,2025,"musky;powdery;beeswax;fresh spicy;animalic;honey;lavender;fresh",,,,"Musc;Cire d'abeille;Gingembre;Lavande;Bois de santal",médiocre,discret,,,,,,,3.90
Les EAUX Primordiales,Superose,https://www.fragrantica.fr/parfum/Les-EAUX-Primordiales/Superose-105775.html,unisexe,Extrait de Parfum,2022,"fruity;rose;warm spicy;sweet;citrus;patchouli;metallic;floral","Pêche;Poire;Litchi","Rose;Safran;Mandarine;Iris","Patchouli;Musc blanc;Vanille",,,,,,,,,,3.81
Les EAUX Primordiales,Abstraction Raisonnee,https://www.fragrantica.fr/parfum/Les-EAUX-Primordiales/Abstraction-Raisonnee-32946.html,unisexe,Eau de Parfum,2015,"citrus;aromatic;woody;green;fresh spicy;fruity;earthy;amber",,,,"Vétiver;Pamplemousse;Rhubarbe;Notes boisées;Bergamote;Hedione;Ambre;Benjoin;Fruit tropical;Noix de muscade;Violette;Tabac",modéré (e),modéré (e),,,,,,,3.73
Les EAUX Primordiales,Champ d'Influence,https://www.fragrantica.fr/parfum/Les-EAUX-Primordiales/Champ-d-Influence-32947.html,unisexe,Eau de Parfum,2015,"aromatic;woody;fresh spicy;lavender;earthy;mossy;herbal;citrus",,,,"Lavande;Géranium;Mousse de chêne;Vétiver;Citron;Aldéhydes;Notes boisées;Coumarine;Musc blanc;Patchouli;Oud;Ambre",longue tenue,modéré (e),,,,,,,3.77
Les EAUX Primordiales,Couleur Primaire,https://www.fragrantica.fr/parfum/Les-EAUX-Primordiales/Couleur-Primaire-49557.html,unisexe,Eau de Parfum,2018,"ozonic;powdery;musky;animalic;sweet",,,,"Notes d'ozone;Musc blanc;Notes poudrées",,,,,,,,,3.82
Les EAUX Primordiales,Elevation,https://www.fragrantica.fr/parfum/Les-EAUX-Primordiales/Elevation-125827.html,unisexe,Eau de Parfum,2026,"warm spicy;vanilla;musky;sweet;white floral;powdery;woody;nutty","Noisette;Cardamome;Poire;Sésame","Cannelle;Fleur d'oranger;Freesia","Vanille;Musc blanc;Gaïac;Sésame;Ambroxan",,,,,,,,,,4.11
Les EAUX Primordiales,Iris Palladium,https://www.fragrantica.fr/parfum/Les-EAUX-Primordiales/Iris-Palladium-90012.html,unisexe,Eau de Parfum,2024,"woody;powdery;warm spicy;amber;iris;violet;aromatic;vanilla","Cardamome;Lavande;Coriandre","Iris;Violette;Armoise","Bois de santal;Vanille;Ambre;Benjoin;Cèdre;Gaïac",,modéré (e),modéré (e),,,,,,,4.11
Les EAUX Primordiales,Mécanique Intuitive,https://www.fragrantica.fr/parfum/Les-EAUX-Primordiales/Mecanique-Intuitive-37883.html,unisexe,Eau de Parfum,2016,"vanilla;sweet;tobacco;rum;leather;amber;fruity;floral","Osmanthus;Thé noir","Tabac;Rhum","Fève de tonka;Vanille;Cuir;Castoréum",,,,,,,,,,4.04
Les EAUX Primordiales,Memoire du Futur,https://www.fragrantica.fr/parfum/Les-EAUX-Primordiales/Memoire-du-Futur-32944.html,unisexe,Eau de Parfum,2015,"aldehydic;powdery;floral;violet;iris;fresh;warm spicy;amber","Aldéhydes;Bergamote","Iris;Œillet;Violette;Rose","Ciste;Vanille",,modéré (e),modéré (e),,,,,,,3.69
Les EAUX Primordiales,Moment Perpetuel,https://www.fragrantica.fr/parfum/Les-EAUX-Primordiales/Moment-Perpetuel-32948.html,unisexe,Eau de Parfum,2015,"aromatic;fresh spicy;fruity;lavender;woody;floral;fresh;sweet",,,,"Lavande;Thym;Sapin baumier;Mûre;Cassis;Musc blanc;Iris;Hedione;Bergamote",modéré (e),discret,,,,,,,3.94
Les EAUX Primordiales,Particules Imprevisibles,https://www.fragrantica.fr/parfum/Les-EAUX-Primordiales/Particules-Imprevisibles-32945.html,unisexe,Eau de Parfum,2015,"fresh spicy;woody;aromatic;lavender;amber;balsamic;soft spicy;powdery",,,,"Lavande;Gaïac;Cumin;Élémi;Poivre rose;Ambre;Vanille;Huile essentielle de cypriol;Ciste;Romarin;Gingembre;Violette",modéré (e),discret,,,,,,,3.50
Les EAUX Primordiales,Champaca Supercritique,https://www.fragrantica.fr/parfum/Les-EAUX-Primordiales/Champaca-Supercritique-49555.html,unisexe,Eau de Parfum,2018,"sweet;floral;warm spicy;yellow floral;fruity;woody;iris;amber",Prune,"Ylang-ylang;Champaca;Magnolia","Clou de girofle;Racine d'iris;Ciste;Cannelle",,modéré (e),modéré (e),,,,,,,3.42
Les EAUX Primordiales,Crocus Supercritique,https://www.fragrantica.fr/parfum/Les-EAUX-Primordiales/Crocus-Supercritique-83179.html,unisexe,Eau de Parfum,2020,"leather;warm spicy;woody;amber;fresh spicy;aromatic;animalic;patchouli","Gingembre;Thym;Romarin","Safran;Fleur d'oranger","Cuir;Daim;Cèdre Atlas;Patchouli;Ciste;Baume de Tolu;Benjoin",,,,,,,,,,3.68
Les EAUX Primordiales,Gardenia Supercritique,https://www.fragrantica.fr/parfum/Les-EAUX-Primordiales/Gardenia-Supercritique-49669.html,unisexe,Extrait de Parfum,2018,"white floral;woody;warm spicy;patchouli;lactonic;rose;earthy;balsamic","Rose;Bergamote;Poivre","Gardénia;Framboise;Jasmin","Patchouli;Bois de santal;Safran",,modéré (e),modéré (e),,,,,,,3.66
Les EAUX Primordiales,Magnolia Supercritique,https://www.fragrantica.fr/parfum/Les-EAUX-Primordiales/Magnolia-Supercritique-59054.html,unisexe,Eau de Parfum,,"yellow floral;citrus;floral;white floral;sweet;woody;soapy;animalic",,,,"Ylang-ylang;Fleur d'oranger;Magnolia;Agrumes",modéré (e),modéré (e),,,,,,,3.80
Les EAUX Primordiales,Mimosa Supercritique,https://www.fragrantica.fr/parfum/Les-EAUX-Primordiales/Mimosa-Supercritique-62852.html,unisexe,Eau de Parfum,2019,"white floral;musky;powdery;floral;yellow floral;fresh;citrus;aldehydic","Aldéhydes;Cyclamen;Bergamote;Néroli","Tubéreuse;Jasmin;Fleur d'oranger","Mimosa;Musc blanc;Ambroxan",,modéré (e),modéré (e),,,,,,,3.86
Les EAUX Primordiales,Néroli Supercritique,https://www.fragrantica.fr/parfum/Les-EAUX-Primordiales/Neroli-Supercritique-83181.html,unisexe,Eau de Parfum,2023,"white floral;citrus;tuberose;fresh;aldehydic;vanilla;green;animalic","Aldéhydes;Mandarine;Bergamote","Néroli;Tubéreuse;Fleur d'oranger;Jasmin;Petit-grain","Vanille;Musc blanc;Gaïac",,modéré (e),modéré (e),,,,,,,3.89
Les EAUX Primordiales,Plumeria Supercritique,https://www.fragrantica.fr/parfum/Les-EAUX-Primordiales/Plumeria-Supercritique-80606.html,unisexe,Eau de Parfum,2023,"vanilla;powdery;almond;fruity;sweet;iris;floral;earthy","Amande;Fruits rouges;Bergamote","Iris;Héliotrope","Fève de tonka;Gousse de vanille noire;Patchouli",,modéré (e),modéré (e),,,,,,,3.69
Les EAUX Primordiales,Rose Supercritique,https://www.fragrantica.fr/parfum/Les-EAUX-Primordiales/Rose-Supercritique-49556.html,unisexe,Eau de Parfum,2018,"amber;fruity;warm spicy;rose;aromatic;citrus;floral;sweet","Fruits rouges;Bergamote","Rose;Cardamome;Cassis","Encens;Myrrhe;Ambroxan",,modéré (e),modéré (e),,,,,,,3.86
Les EAUX Primordiales,Tubéreuse Supercritique,https://www.fragrantica.fr/parfum/Les-EAUX-Primordiales/Tubereuse-Supercritique-83180.html,unisexe,Eau de Parfum,2023,"woody;white floral;tuberose;yellow floral;sweet;citrus;patchouli;warm spicy","Bigarade;Aldéhydes;Bergamote","Tubéreuse;Ylang-ylang;Lait d'amande;Jasmin","Patchouli;Bois de santal;Musc blanc;Ambre",,modéré (e),modéré (e),,,,,,,3.76
Les EAUX Primordiales,Ambre Superfluide,https://www.fragrantica.fr/parfum/Les-EAUX-Primordiales/Ambre-Superfluide-62853.html,unisexe,Extrait de Parfum,2019,"warm spicy;sweet;amber;vanilla;honey;cinnamon;powdery;tobacco","Miel;Cannelle;Pomme;Orange;Sésame;Bergamote","Sapin baumier;Cardamome;Rose","Benjoin;Gousse de vanille noire;Tabac;Rhum;Baume de Tolu;Musc",,longue tenue,modéré (e),,,,,,,4.19
Les EAUX Primordiales,Cèdre Superfluide,https://www.fragrantica.fr/parfum/Les-EAUX-Primordiales/Cedre-Superfluide-88450.html,unisexe,Extrait de Parfum,2023,"fruity;warm spicy;sweet;woody;rose;powdery;vanilla;amber","Fruits rouges;Thym","Prune;Rose;Immortelle","Safran;Santal d'Australie;Vanille;Ambroxan",,modéré (e),modéré (e),,,,,,,4.06
Les EAUX Primordiales,Encens Superfluide,https://www.fragrantica.fr/parfum/Les-EAUX-Primordiales/Encens-Superfluide-59053.html,unisexe,Eau de Parfum,2019,"amber;smoky;woody;leather;animalic;balsamic;warm spicy;powdery",,,,"Encens;Cuir;Notes boisées;Ambre",modéré (e),modéré (e),,,,,,,3.69
Les EAUX Primordiales,Musk Superfluide,https://www.fragrantica.fr/parfum/Les-EAUX-Primordiales/Musk-Superfluide-62287.html,unisexe,Extrait de Parfum,2020,"aldehydic;fresh;musky;white floral;powdery;soapy;fruity;green","Aldéhydes;Néroli","Sorbet;Thé blanc;Litchi;Jasmin",Musc blanc,,modéré (e),modéré (e),,,,,,,3.74
Les EAUX Primordiales,Oud Superfluide,https://www.fragrantica.fr/parfum/Les-EAUX-Primordiales/Oud-Superfluide-55303.html,unisexe,Extrait de Parfum,2019,"warm spicy;oud;vanilla;amber;metallic;leather;citrus;woody",,,,"Safran;Oud;Vanille;Benjoin;Sésame;Bigarade;Gaïac",longue tenue,modéré (e),,,,,,,3.96
Les EAUX Primordiales,Rosewood Superfluide,https://www.fragrantica.fr/parfum/Les-EAUX-Primordiales/Rosewood-Superfluide-62854.html,unisexe,Eau de Parfum,2020,"rose;oud;patchouli;warm spicy;woody;balsamic;amber;smoky",,,,"Rose;Oud;Patchouli;Encens;Soie;Notes aquatiques",,,,,,,,,3.80
Les EAUX Primordiales,Saffron Superfluide,https://www.fragrantica.fr/parfum/Les-EAUX-Primordiales/Saffron-Superfluide-59052.html,unisexe,Eau de Parfum,2020,"leather;woody;warm spicy;aromatic;fruity;musky;metallic;powdery",,,,"Daim;Safran;Framboise;Gaïac;Cèdre;Thym;Sauge sclarée;Encens",,,,,,,,,3.88
Les EAUX Primordiales,Santal Superfluide,https://www.fragrantica.fr/parfum/Les-EAUX-Primordiales/Santal-Superfluide-73919.html,unisexe,Extrait de Parfum,2021,"woody;powdery;musky;amber;warm spicy;fruity;violet;sweet","Prune;Bergamote","Violette;Rose","Ambroxan;Santal d'Australie;Safran;Cèdre;Musc;Ciste",,,,,,,,,,3.71
Les EAUX Primordiales,Ambre Supermassive,https://www.fragrantica.fr/parfum/Les-EAUX-Primordiales/Ambre-Supermassive-95535.html,unisexe,Eau de Parfum,2024,"warm spicy;sweet;fruity;amber;powdery;vanilla;cinnamon;honey","Cannelle;Pêche;Pomme;Ananas;Sésame","Rhum;Miel;Héliotrope;Rose;Cardamome","Ambre;Vanille;Tabac;Safran;Musc",,longue tenue,puissant,,,,,,,4.43
Les EAUX Primordiales,Oud Supermassive,https://www.fragrantica.fr/parfum/Les-EAUX-Primordiales/Oud-Supermassive-119366.html,unisexe,Eau de Parfum,2025,"fruity;citrus;sweet;oud;floral;tobacco;fresh spicy;leather","Mandarine;Bergamote;Cardamome","Pêche;Osmanthus;Fruit de la passion","Oud;Tabac;Cuir;Résine oliban",,très longue tenue,puissant,,,,,,,4.22
Les EAUX Primordiales,Vanille Supermassive,https://www.fragrantica.fr/parfum/Les-EAUX-Primordiales/Vanille-Supermassive-83824.html,unisexe,Eau de Parfum,2023,"amber;vanilla;musky;woody;balsamic;aromatic;patchouli;warm spicy","Élémi;Bergamote","Ciste;Résine de sapin;Cannelle","Vanille;Patchouli;Ambroxan;Musc blanc;Caramel;Mousse",,,,,,,,,,3.93
Les EAUX Primordiales,Iris Palladium 2015,https://www.fragrantica.fr/parfum/Les-EAUX-Primordiales/Iris-Palladium-2015-32943.html,unisexe,Eau de Parfum,2015,"powdery;woody;musky;iris;amber;violet;earthy;aromatic",,,,"Iris;Graines de carotte;Ciste;Bois de santal;Musc blanc;Fève de tonka;Sauge;Cèdre;Patchouli;Jasmin;Bergamote",modéré (e),modéré (e),,,,,,,4.03
Les EAUX Primordiales,Let's Murder The Moonshine,https://www.fragrantica.fr/parfum/Les-EAUX-Primordiales/Let-s-Murder-The-Moonshine-49554.html,unisexe,Eau de Parfum,2017,"woody;rose;smoky;floral;citrus",,,,"Rose;Notes boisées;Fumée",,,,,,,,,3.67
Mancera,Amber & Roses,https://www.fragrantica.fr/parfum/Mancera/Amber-Roses-28086.html,unisexe,Eau de Parfum,2014,"amber;rose;musky;floral;powdery;citrus;animalic;white floral",Citron de Sicile,"Rose;Jasmin d'Inde","Ambre;Musc blanc;Ciste",,très longue tenue,puissant,,,,,,,3.52
Mancera,Amber Fever,https://www.fragrantica.fr/parfum/Mancera/Amber-Fever-57879.html,unisexe,Eau de Parfum,2019,"woody;amber;caramel;whiskey;sweet;powdery;musky;rose","Caramel;Whisky;Fève de tonka;Noisette","Pétales de rose;Violette;Jasmin d'Inde","Ambre;Musc blanc;Bois de teck;Mousse de chêne",,,,,,,,,,3.98
Mancera,Amberful,https://www.fragrantica.fr/parfum/Mancera/Amberful-93337.html,unisexe,Eau de Parfum,2024,"woody;citrus;amber;fresh spicy;powdery;violet;floral;earthy","Yuzu;Bergamote de Calabre;Poivre rose;Noix de muscade","Amberwood;Violette;Patchouli","Cèdre;Ambre;Mousse",,longue tenue,puissant,,,,,,,4.15
Mancera,Amore Caffè,https://www.fragrantica.fr/parfum/Mancera/Amore-Caffe-87409.html,unisexe,Eau de Parfum,2023,"sweet;vanilla;coffee;almond;fruity;warm spicy;powdery;fresh","Café;Amaretto","Crème glacée;Spéculoos","Cassonade;Vanille;Ambre gris",,modéré (e),puissant,,,,,,,4.27
Mancera,Aoud Blue Notes,https://www.fragrantica.fr/parfum/Mancera/Aoud-Blue-Notes-30383.html,unisexe,Eau de Parfum,2015,"woody;powdery;citrus;fruity;sweet;leather;violet;amber","Notes fruitées;Citron;Notes vertes;Bergamote;Mandarine","Violette;Racine d'iris;Rose;Ylang-ylang;Patchouli","Gaïac;Cuir;Ambre;Bois de santal;Vanille de Madagascar",,longue tenue,modéré (e),,,,,,,4.02
Mancera,Aoud Café,https://www.fragrantica.fr/parfum/Mancera/Aoud-Cafe-18044.html,unisexe,Eau de Parfum,2013,"coffee;woody;warm spicy;sweet;amber;musky;fruity;floral","Cassis;Bergamote;Pêche","Café;Ambre;Notes fleuries","Notes boisées;Notes sucrées;Musc blanc",,,,,,,,,,3.72
Mancera,Aoud Exclusif,https://www.fragrantica.fr/parfum/Mancera/Aoud-Exclusif-51493.html,unisexe,Eau de Parfum,2018,"warm spicy;amber;oud;fresh spicy;rose;musky;woody;patchouli","Safran;Ciste;Cumin;Poivre","Rose de Bulgarie;Feuille de patchouli d'Indonésie;Violette","Oud;Notes orientales",,très longue tenue,puissant,,,,,,,4.22
Mancera,Aoud Lemon Mint,https://www.fragrantica.fr/parfum/Mancera/Aoud-Lemon-Mint-39181.html,unisexe,Eau de Parfum,2016,"citrus;aromatic;oud;almond;fresh spicy;vanilla;nutty;woody","Citron;Amande;Poivre noir;Coriandre","Oud;Patchouli;Jasmin d'Egypte;Menthe","Vanille;Ambre;Musc blanc;Cuir;Vétiver",,très longue tenue,modéré (e),,,,,,,4.09
Mancera,Aoud Line,https://www.fragrantica.fr/parfum/Mancera/Aoud-Line-24775.html,unisexe,Eau de Parfum,2014,"woody;oud;rose;fruity;sweet;patchouli;vanilla;warm spicy","Oud;Rose de Turquie;Vanille","Bois de teck;Patchouli;Bois de santal","Framboise;Ambre",,très longue tenue,puissant,,,,,,,3.84
Mancera,Aoud Orchid,https://www.fragrantica.fr/parfum/Mancera/Aoud-Orchid-42506.html,unisexe,Eau de Parfum,2016,"sweet;vanilla;woody;powdery;coconut;floral;lactonic;musky","Noix de Coco;Pêche;Mandarine","Orchidée;Patchouli","Notes boisées;Vanille;Musc blanc;Ambre",,longue tenue,modéré (e),,,,,,,3.94
Mancera,Aoud Vanille,https://www.fragrantica.fr/parfum/Mancera/Aoud-Vanille-32907.html,unisexe,Eau de Parfum,2015,"vanilla;warm spicy;oud;woody;powdery;fresh spicy;balsamic;aromatic","Oud;Safran;Poivre noir;Cardamome",Notes fleuries,"Vanille de Madagascar;Gaïac;Bois de santal",,longue tenue,puissant,,,,,,,4.16
Mancera,Aoud Violet,https://www.fragrantica.fr/parfum/Mancera/Aoud-Violet-24777.html,femme,Eau de Parfum,2014,"woody;earthy;green;violet;powdery;aromatic;mossy;citrus;f_gender","Notes vertes;Bergamote;Epices","Violette;Patchouli;Oud","Vétiver;Mousse;Ambre",,,,,,,,,,3.95
Mancera,Black Gold,https://www.fragrantica.fr/parfum/Mancera/Black-Gold-43335.html,homme,Eau de Parfum,2017,"lavender;fresh spicy;woody;aromatic;powdery;violet;warm spicy;floral;f_gender","Lavande;Cannelle;Noix de muscade;Agrumes;Oud","Violette;Jasmin;Feuille de patchouli;Rose;Notes marines","Cuir;Notes boisées;Musc blanc;Ambre;Vétiver",,longue tenue,puissant,,,,,,,4.09
Mancera,Black Intensitive Aoud,https://www.fragrantica.fr/parfum/Mancera/Black-Intensitive-Aoud-11161.html,unisexe,Eau de Parfum,2008,"warm spicy;oud;rose;woody;sweet;powdery;floral;metallic","Clou de girofle;Pêche;Piment","Rose;Safran;Sucre;Jasmin;Violette","Oud;Bois de santal;Baume gurjum;Cèdre du Maroc",,,,,,,,,,3.77
Mancera,Black Line,https://www.fragrantica.fr/parfum/Mancera/Black-Line-18049.html,unisexe,Eau de Parfum,2013,"woody;rose;warm spicy;powdery;patchouli;musky;leather;animalic",Notes épicées,"Rose;Patchouli;Cuir;Ambre","Gaïac;Musc blanc;Bois de santal",,longue tenue,puissant,,,,,,,3.89
Mancera,Black Noir,https://www.fragrantica.fr/parfum/Mancera/Black-Noir-88137.html,unisexe,Eau de Parfum,2023,"vanilla;sweet;tobacco;woody;amber;soft spicy;animalic;warm spicy","Cuir noir;Poivre rose","Tabac;Fleur de tiaré;Bois d'agar du Cambodge;Patchouli","Vanille;Fève de tonka;Vétiver de Haïti;Ambre gris",,longue tenue,puissant,,,,,,,4.04
Mancera,Black Prestigium,https://www.fragrantica.fr/parfum/Mancera/Black-Prestigium-31891.html,unisexe,Eau de Parfum,2015,"woody;powdery;rose;oud;iris;leather;patchouli;earthy","Racine d'iris;Patchouli;Bergamote","Rose;Oud;Notes boisées;Violette","Cuir;Ambre;Musc blanc",,,,,,,,,,4.07
Mancera,Black Vanilla,https://www.fragrantica.fr/parfum/Mancera/Black-Vanilla-46662.html,unisexe,Eau de Parfum,2017,"vanilla;powdery;fruity;sweet;violet;musky;floral;coconut","Pêche blanche;Cassis;Noix de Coco;Bergamote de Calabre","Violette;Jasmin d'Egypte;Rose de Bulgarie","Vanille de Madagascar;Musc blanc",,,,,,,,,,3.93
Mancera,Cedrat Boise,https://www.fragrantica.fr/parfum/Mancera/Cedrat-Boise-15211.html,unisexe,Eau de Parfum,2011,"woody;citrus;fruity;aromatic;powdery;leather;sweet;warm spicy","Citron de Sicile;Bergamote;Cassis;Notes épicées","Notes fruitées;Feuille de patchouli;Jasmin d'eau","Cèdre;Cuir;Bois de santal;Vanille;Musc blanc;Mousse",,très longue tenue,discret,,,,,,,4.10
Mancera,Cherry Cherry,https://www.fragrantica.fr/parfum/Mancera/Cherry-Cherry-96325.html,unisexe,Eau de Parfum,2024,"powdery;cherry;vanilla;patchouli;citrus;iris;woody;earthy","Cerise noire;Bergamote;Citron","Héliotrope;Patchouli;Racine d'iris;Jasmin","Musc blanc;Gousse de vanille",,longue tenue,modéré (e),,,,,,,3.63
Mancera,Choco Violette,https://www.fragrantica.fr/parfum/Mancera/Choco-Violette-42940.html,unisexe,Eau de Parfum,2016,"powdery;nutty;violet;chocolate;sweet;vanilla;woody;warm spicy","Noisette;Orange;Bergamote","Chocolat noir;Violette","Vanille de Madagascar;Musc blanc",,,,,,,,,,3.90
Mancera,Cinque Terre,https://www.fragrantica.fr/parfum/Mancera/Cinque-Terre-97826.html,unisexe,Eau de Parfum,2024,"woody;aromatic;citrus;green;salty;fresh;warm spicy;amber","Citron;Romarin;Cardamome","Sel de mer;Cèdre;Feuille de figuier;Pin;Ambre","Mousse de chêne;Bois de santal;Fève de tonka;Ciste",,longue tenue,puissant,,,,,,,3.89
Mancera,Coco Vanille,https://www.fragrantica.fr/parfum/Mancera/Coco-Vanille-42782.html,femme,Eau de Parfum,2016,"vanilla;sweet;coconut;white floral;powdery;yellow floral;lactonic;fruity;f_gender","Noix de Coco;Pêche blanche","Fleur de tiaré;Ylang-ylang;Jasmin","Vanille de Madagascar;Musc blanc;Notes boisées",,,,,,,,,,3.85
Mancera,Cosmic Pepper,https://www.fragrantica.fr/parfum/Mancera/Cosmic-Pepper-81804.html,unisexe,Eau de Parfum,2023,"citrus;musky;aromatic;soft spicy;amber;fresh spicy;sweet;herbal","Citron;Poivre rose;Sauge;Tangerine","Poivre noir;Oud;Rose de Damas","Musc blanc;Fève de tonka;Ambre gris;Mousse de chêne;Ciste",,longue tenue,modéré (e),,,,,,,4.01
Mancera,Crazy For Oud,https://www.fragrantica.fr/parfum/Mancera/Crazy-For-Oud-57880.html,unisexe,Eau de Parfum,2019,"woody;oud;sweet;animalic;rose;leather;powdery;floral","Bois d'agar du Laos;Cuir;Bergamote","Tiramisu;Rose de Bulgarie;Violette;Magnolia blanc;Patchouli","Vanille;Notes boisées;Musc blanc;Ambre;Mousse de chêne",,,,,,,,,,4.07
Mancera,Eternal Wood,https://www.fragrantica.fr/parfum/Mancera/Eternal-Wood-93338.html,unisexe,Eau de Parfum,2024,"woody;amber;sweet;warm spicy;oud;aromatic;balsamic;vanilla","Bois d'agar du Laos;Safran;Davana","Gaïac;Palo santo;Copal;Bois de cachemire","Toffee;Fève de tonka;Ambre;Mousse de chêne",,,,,,,,,,3.86
Mancera,Fabulous Yuzu,https://www.fragrantica.fr/parfum/Mancera/Fabulous-Yuzu-75731.html,unisexe,Eau de Parfum,2022,"citrus;vanilla;aromatic;sweet;green;powdery;woody;floral","Yuzu;Citron;Mandarine;Cannelle","Racine de vétiver;Mimosa;Jasmin","Vanille;Santal de Mysore;Fève de tonka",,modéré (e),modéré (e),,,,,,,3.76
Mancera,Feminity,https://www.fragrantica.fr/parfum/Mancera/Feminity-61755.html,femme,Eau de Parfum,2020,"powdery;vanilla;leather;white floral;sweet;musky;caramel;citrus;f_gender","Cuir;Tangerine;Poivre rose;Café","Violette;Héliotrope;Jasmin;Muguet","Gousse de vanille;Caramel;Musc blanc;Bois de santal;Ambre;Mousse de chêne",,,,,,,,,,3.62
Mancera,Fig Extasy,https://www.fragrantica.fr/parfum/Mancera/Fig-Extasy-69859.html,unisexe,Eau de Parfum,2021,"woody;amber;green;fresh;leather;sweet;warm spicy;fresh spicy","Nectar de figue;Encens;Poivre noir;Gingembre","Feuille de figuier;Cuir;Bois de santal;Cèdre;Lavande;Thym","Benjoin de Siam;Gousse de vanille;Styrax;Fève de tonka",,longue tenue,modéré (e),,,,,,,3.94
Mancera,Fig Me Up,https://www.fragrantica.fr/parfum/Mancera/Fig-Me-Up-98362.html,unisexe,Eau de Parfum,2024,"fruity;sweet;green;woody;aromatic;powdery;tobacco;fresh spicy","Rhubarbe;Feuille de figuier;Violette de France","Nectar de figue;Prune;Oud;Santal d'Australie;Géranium bourbon","Tabac;Musc blanc;Toffee;Fève de tonka",,,,,,,,,,3.75
Mancera,French Riviera,https://www.fragrantica.fr/parfum/Mancera/French-Riviera-74636.html,unisexe,Eau de Parfum,2022,"citrus;marine;aromatic;salty;white floral;sweet;musky;woody","Citron;Orange;Tangerine;Gingembre;Poivre","Notes marines;Fleur de tiaré;Pin;Mimosa;Vétiver","Sel de mer;Musc blanc;Ambre",,,,,,,,,,4.05
Mancera,Gold Incense,https://www.fragrantica.fr/parfum/Mancera/Gold-Incense-49029.html,unisexe,Eau de Parfum,2018,"amber;vanilla;warm spicy;powdery;balsamic;white floral;musky;citrus","Encens;Mandarine;Café;Poivre rose","Jasmin;Violette;Feuille de patchouli;Rose","Gousse de vanille;Benjoin;Musc blanc",,,,,,,,,,3.86
Mancera,Gold Intensive Aoud,https://www.fragrantica.fr/parfum/Mancera/Gold-Intensive-Aoud-11163.html,unisexe,Eau de Parfum,2008,"woody;rose;musky;warm spicy;citrus;aromatic;powdery;floral","Citron;Notes aquatiques","Rose;Gaïac;Bois de teck;Safran;Géranium","Bois précieux;Musc blanc;Ambre gris",,,,,,,,,,4.07
Mancera,Gold Prestigium,https://www.fragrantica.fr/parfum/Mancera/Gold-Prestigium-37574.html,unisexe,Eau de Parfum,2016,"vanilla;fresh spicy;citrus;oud;white floral;leather;rose;powdery","Oud;Poivre;Bergamote","Fleur d'oranger;Rose","Vanille;Cuir;Musc blanc;Mousse de chêne",,,,,,,,,,4.14
Mancera,Hindu Kush,https://www.fragrantica.fr/parfum/Mancera/Hindu-Kush-49030.html,unisexe,Eau de Parfum,2018,"amber;woody;warm spicy;smoky;cannabis;balsamic;patchouli;aromatic","Encens;Epices;Cannabis;Ciste","Notes boisées;Feuille de patchouli","Ambre;Gaïac;Gousse de vanille;Musc blanc",,,,,,,,,,3.93
Mancera,Holidays,https://www.fragrantica.fr/parfum/Mancera/Holidays-42888.html,unisexe,Eau de Parfum,2016,"sweet;vanilla;coconut;white floral;yellow floral;marine;woody;powdery","Noix de Coco;Bergamote","Fleur de tiaré;Ylang-ylang;Notes marines","Gousse de vanille;Bois de santal;Musc blanc",,,,,,,,,,3.94
Mancera,Indian Dream,https://www.fragrantica.fr/parfum/Mancera/Indian-Dream-24776.html,femme,Eau de Parfum,2014,"powdery;white floral;vanilla;rose;woody;aromatic;fresh spicy;floral;f_gender","Héliotrope;Fleur d'oranger;Géranium","Jasmin;Ambre;Rose","Vanille;Bois de santal;Musc blanc;Vétiver",,,,,,,,,,3.83
Mancera,Instant Crush,https://www.fragrantica.fr/parfum/Mancera/Instant-Crush-54885.html,unisexe,Eau de Parfum,2019,"woody;warm spicy;vanilla;amber;powdery;citrus;musky;metallic","Safran;Gingembre;Mandarine de Sicile;Bergamote de Sicile","Amberwood;Rose du Maroc;Jasmin d'Egypte;Feuille de patchouli d'Indonésie","Vanille de Madagascar;Musc blanc;Bois de santal;Mousse de chêne",,,,,,,,,,4.06
Mancera,Intense Cedrat Boise,https://www.fragrantica.fr/parfum/Mancera/Intense-Cedrat-Boise-72796.html,homme,Eau de Parfum,2021,"woody;citrus;animalic;warm spicy;leather;fresh;fruity;powdery;f_gender","Agrumes de Sicile;Cassis;Epices","Cuir;Santal blanc;Bois d'agar du Cambodge;Feuille de patchouli;Jasmin","Ambre gris;Mousse de chêne;Musc blanc;Vanille",,,,,,,,,,4.31
Mancera,Intense French Riviera,https://www.fragrantica.fr/parfum/Mancera/Intense-French-Riviera-110845.html,unisexe,Eau de Parfum,2025,"white floral;fresh spicy;woody;animalic;marine;citrus;salty;warm spicy","Poivre noir;Citron de Sicile;Tangerine;Gingembre;Orange","Iode;Fleur de tiaré;Bois d'agar du Cambodge;Mimosa;Notes marines;Vétiver;Cèdre","Sel de mer;Ambre gris;Musc blanc",,longue tenue,modéré (e),,,,,,,3.69
Mancera,Intense Instant Crush,https://www.fragrantica.fr/parfum/Mancera/Intense-Instant-Crush-104241.html,unisexe,Extrait de Parfum,2025,"warm spicy;woody;vanilla;amber;metallic;rose;leather;citrus","Cuir noir;Safran indien;Mandarine de Sicile;Bergamote","Caramel salé;Amberwood;Rose du Maroc;Patchouli","Santal de Mysore;Vanille de Madagascar;Musc blanc;Mousse de chêne",,longue tenue,puissant,,,,,,,3.77
Mancera,Jardin Exclusif,https://www.fragrantica.fr/parfum/Mancera/Jardin-Exclusif-51490.html,unisexe,Eau de Parfum,2018,"fruity;powdery;musky;sweet;citrus;fresh;animalic;white floral","Poire;Pêche blanche;Citron;Pomme verte;Caramel;Orange de Sicile;Cassis","Jasmin;Ambre gris;Violette;Rose de Bulgarie","Musc blanc;Vanille de Madagascar;Bois de santal",,longue tenue,puissant,,,,,,,3.77
Mancera,Jasmin Exclusif,https://www.fragrantica.fr/parfum/Mancera/Jasmin-Exclusif-74107.html,unisexe,Eau de Parfum,2022,"white floral;woody;oud;leather;warm spicy;animalic;powdery;amber","Epices;Bergamote","Jasmin d'Egypte;Oud;Cuir;Patchouli","Jasmin;Bois de santal;Ciste;Gousse de vanille",,,,,,,,,,3.90
Mancera,Juicy Flowers,https://www.fragrantica.fr/parfum/Mancera/Juicy-Flowers-63433.html,femme,Extrait de Parfum,2020,"fruity;sweet;musky;rose;powdery;fresh;amber;vanilla;f_gender","Fruits rouges;Poire;Poivre rose;Agrumes","Rose;Pêche;Jasmin;Bois de santal","Musc blanc;Framboise;Ambre gris;Vanille",,longue tenue,puissant,,,,,,,3.52
Mancera,Kumkat Wood,https://www.fragrantica.fr/parfum/Mancera/Kumkat-Wood-18046.html,unisexe,Eau de Parfum,2013,"woody;citrus;aromatic;warm spicy;powdery;fresh spicy;earthy;floral","Pamplemousse;Epices;Bergamote","Notes fleuries;Patchouli;Ambre","Cèdre;Vétiver;Bois de santal;Musc blanc",,longue tenue,modéré (e),,,,,,,3.93
Mancera,Lemon Line,https://www.fragrantica.fr/parfum/Mancera/Lemon-Line-24774.html,unisexe,Eau de Parfum,2014,"citrus;aromatic;lavender;fresh spicy;mossy;musky;earthy;white floral","Citron;Lavande;Orange","Fleurs blanches;Géranium;Ambre","Mousse de chêne;Musc blanc",,,,,,,,,,4.16
Mancera,Lovely Garden,https://www.fragrantica.fr/parfum/Mancera/Lovely-Garden-67228.html,femme,Eau de Parfum,2021,"white floral;rose;sweet;warm spicy;amber;powdery;citrus;musky;f_gender","Poivre rose;Cannelle;Mandarine sanguine","Rose de Turquie;Tubéreuse;Fleur d'oranger;Feuille de patchouli d'Indonésie","Toffee;Encens;Notes poudrées;Musc;Ambre gris",,longue tenue,puissant,,,,,,,3.80
Mancera,Melody Of The Sun,https://www.fragrantica.fr/parfum/Mancera/Melody-Of-The-Sun-72736.html,unisexe,Eau de Parfum,2022,"citrus;aromatic;fruity;fresh;green;fresh spicy;floral;woody","Citron;Pamplemousse;Cassis;Lavande;Poire;Cardamome","Thé vert;Jasmin;Cèdre;Osmanthus","Maté;Musc;Ambre",,modéré (e),modéré (e),,,,,,,4.00
Mancera,Mochi Musk,https://www.fragrantica.fr/parfum/Mancera/Mochi-Musk-128865.html,unisexe,Eau de Parfum,2026,"sweet;vanilla;amber;powdery;musky;iris;woody;animalic","Pistache;Poudre de riz;Cassonade","Pistache;Crème glacée;Iris d'Italie;Vanille","Musc;Fève de tonka;Ambre gris",,,,,,,,,,4.10
Mancera,Musk of Flowers,https://www.fragrantica.fr/parfum/Mancera/Musk-of-Flowers-15206.html,femme,Eau de Parfum,2011,"white floral;sweet;rose;citrus;musky;fruity;powdery;floral;f_gender","Notes fruitées;Pamplemousse","Rose;Jasmin;Fleur d'oranger;Sucre;Violette","Musc blanc;Bois de santal",,,,,,,,,,3.72
Mancera,Musky Garden,https://www.fragrantica.fr/parfum/Mancera/Musky-Garden-46300.html,femme,Eau de Parfum,2017,"fruity;musky;powdery;rose;sweet;iris;patchouli;citrus;f_gender","Canneberge;Pêche blanche;Agrumes","Rose de Bulgarie;Iris;Feuille de patchouli;Jasmin d'Inde","Musc blanc;Framboise;Mûre;Ambre",,,,,,,,,,3.83
Mancera,Of The Wild,https://www.fragrantica.fr/parfum/Mancera/Of-The-Wild-77467.html,unisexe,Eau de Parfum,2022,"sweet;fruity;vanilla;powdery;white floral;musky;patchouli;aquatic","Fraise;Poire;Héliotrope","Fleur d'oranger;Feuille de patchouli d'Indonésie;Jasmin","Musc;Gousse de vanille;Toffee;Vétiver de Haïti",,longue tenue,modéré (e),,,,,,,3.56
Mancera,Ombre Tonka,https://www.fragrantica.fr/parfum/Mancera/Ombre-Tonka-116414.html,unisexe,Eau de Parfum,2025,"amber;vanilla;woody;oud;warm spicy;sweet;citrus;aromatic","Oud;Pistache;Bergamote","Fève de tonka;Amberwood;Rose de Mai","Benjoin;Vanille de Madagascar;Patchouli",,,,,,,,,,3.74
Mancera,Pearl,https://www.fragrantica.fr/parfum/Mancera/Pearl-40954.html,femme,Eau de Parfum,2016,"fruity;musky;powdery;rose;sweet;amber;citrus;floral;f_gender","Figue;Bergamote;Pomme verte;Pêche blanche","Rose;Jasmin d'Egypte;Violette","Musc blanc;Ambre gris",,,,,,,,,,3.70
Mancera,Precious Oud,https://www.fragrantica.fr/parfum/Mancera/Precious-Oud-56254.html,unisexe,Eau de Parfum,2019,"woody;sweet;whiskey;oud;powdery;vanilla;animalic;leather","Whisky;Bois d'agar du Laos;Cuir;Bergamote","Tiramisu;Rose;Violette;Feuille de patchouli;Magnolia","Vanille;Ambre;Bois de santal;Mousse de chêne;Cèdre",,longue tenue,puissant,,,,,,,3.94
Mancera,Red Tobacco,https://www.fragrantica.fr/parfum/Mancera/Red-Tobacco-46663.html,unisexe,Eau de Parfum,2017,"warm spicy;tobacco;woody;sweet;amber;vanilla;cinnamon;oud","Cannelle;Oud;Encens;Safran;Noix de muscade;Pomme verte;Poire blanche","Patchouli;Jasmin","Tabac;Vanille de Madagascar;Ambre;Bois de santal;Gaïac;Musc blanc;Vétiver de Haïti",,,,,,,,,,4.03
Mancera,Red Tobacco Intense,https://www.fragrantica.fr/parfum/Mancera/Red-Tobacco-Intense-84246.html,unisexe,Eau de Parfum,2023,"tobacco;leather;warm spicy;sweet;woody;animalic;smoky;vanilla","Oud;Cannelle;Encens;Safran;Poire;Noix de muscade","Tabac;Cuir;Patchouli;Vétiver;Jasmin","Vanille;Musc;Bois de santal;Gaïac;Ambre gris",,,,,,,,,,4.02
Mancera,Roses Greedy,https://www.fragrantica.fr/parfum/Mancera/Roses-Greedy-18042.html,unisexe,Eau de Parfum,2012,"floral;rose;sweet;musky;vanilla;fruity;white floral;powdery","Pêche;Cassis;Mandarine;Poivre rose;Noix de Coco","Rose;Fleurs;Jasmin","Musc blanc;Sucre;Vanille;Ambre;Benjoin",,,,,,,,,,3.95
Mancera,Roses Jasmine,https://www.fragrantica.fr/parfum/Mancera/Roses-Jasmine-18047.html,unisexe,Eau de Parfum,2012,"white floral;rose;citrus;woody;fresh;musky;earthy;mossy","Poire;Herbe;Citron;Mandarine","Jasmin;Rose;Patchouli;Fleur d'oranger","Musc blanc;Mousse de chêne;Cèdre",,longue tenue,puissant,,,,,,,3.69
Mancera,Roses Vanille,https://www.fragrantica.fr/parfum/Mancera/Roses-Vanille-15210.html,femme,Eau de Parfum,2011,"rose;vanilla;powdery;musky;floral;woody;citrus;sweet;f_gender",Citron d'Italie,Rose de Turquie,"Vanille;Musc blanc;Cèdre",,,,,,,,,,4.00
Mancera,Royal Vanilla,https://www.fragrantica.fr/parfum/Mancera/Royal-Vanilla-55845.html,unisexe,Eau de Parfum,2019,"vanilla;powdery;amber;patchouli;violet;sweet;woody;balsamic",,,,,,,,,,,,,3.91
Mancera,Saharian Wind,https://www.fragrantica.fr/parfum/Mancera/Saharian-Wind-61044.html,unisexe,Eau de Parfum,2020,"woody;aromatic;leather;warm spicy;fresh spicy;lavender;animalic;citrus","Epices;Cuir;Bergamote;Poivre rose","Cyprès;Lavande;Muguet","Notes boisées;Tabac;Ambre;Vanille;Patchouli;Musc blanc",,longue tenue,puissant,,,,,,,4.06
Mancera,Sand Aoud,https://www.fragrantica.fr/parfum/Mancera/Sand-Aoud-15214.html,unisexe,Eau de Parfum,2011,"warm spicy;oud;fruity;woody;patchouli;balsamic;amber;smoky","Epices;Cassis","Encens;Safran;Rose","Oud;Patchouli;Vanille;Musc blanc",,,,,,,,,,4.05
Mancera,Sicily,https://www.fragrantica.fr/parfum/Mancera/Sicily-42670.html,unisexe,Eau de Parfum,2016,"citrus;fruity;sweet;fresh spicy;powdery;white floral;woody;fresh","Mandarine;Pamplemousse;Pêche;Ananas;Bergamote;Pomme","Jasmin;Ylang-ylang;Violette;Rose","Musc blanc;Notes boisées",,,,,,,,,,3.94
Mancera,Silver Blue,https://www.fragrantica.fr/parfum/Mancera/Silver-Blue-57883.html,unisexe,Eau de Parfum,2019,"amber;woody;caramel;warm spicy;earthy;patchouli;mossy;sweet","Epices;Bergamote","Caramel;Ambre;Ciste","Ambre;Bois précieux;Patchouli;Mousse de chêne",,longue tenue,puissant,,,,,,,4.17
Mancera,Soleil d'Italie,https://www.fragrantica.fr/parfum/Mancera/Soleil-d-Italie-54058.html,unisexe,Eau de Parfum,2019,"citrus;woody;aquatic;aromatic;musky;fresh;fresh spicy;powdery",,,,,,,,,,,,,4.01
Mancera,Tonka Cola,https://www.fragrantica.fr/parfum/Mancera/Tonka-Cola-76893.html,unisexe,Eau de Parfum,2022,"warm spicy;coca-cola;vanilla;cinnamon;amber;sweet;citrus;cherry","Cannelle;Cerise;Citron de Sicile;Noix de muscade","Coca-Cola;Feuille de patchouli d'Indonésie;Fleur d'oranger","Fève de tonka;Vanille;Benjoin;Ciste",,modéré (e),énorme,,,,,,,4.04
Mancera,Vanille Exclusive,https://www.fragrantica.fr/parfum/Mancera/Vanille-Exclusive-51494.html,unisexe,Eau de Parfum,2018,"vanilla;sweet;fruity;powdery;floral;lactonic;white floral;tuberose","Osmanthus;Pêche blanche;Crème fouettée;Cassonade","Tubéreuse d'Inde;Violette;Jasmin d'Egypte","Vanille de Madagascar;Musc blanc;Ambre;Notes boisées",,,,,,,,,,3.80
Mancera,Velvet Vanilla,https://www.fragrantica.fr/parfum/Mancera/Velvet-Vanilla-39835.html,unisexe,Eau de Parfum,2016,"white floral;tuberose;vanilla;musky;powdery;fruity;sweet;animalic","Poire;Angélique;Cassis;Poivre rose;Mandarine;Clou de girofle","Tubéreuse;Jasmin;Néroli;Rose","Vanille;Musc blanc",,,,,,,,,,3.91
Mancera,Vetiver Sensuel,https://www.fragrantica.fr/parfum/Mancera/Vetiver-Sensuel-61046.html,unisexe,Eau de Parfum,2020,"citrus;aromatic;woody;fresh spicy;green;earthy;sweet;floral","Citron vert;Citron;Bergamote;Orange;Poivre","Menthe;Orchidée;Patchouli","Vétiver;Notes boisées;Musc blanc;Mousse de chêne;Ambre",,,,,,,,,,4.18
Mancera,Wave Musk,https://www.fragrantica.fr/parfum/Mancera/Wave-Musk-15207.html,unisexe,Eau de Parfum,2011,"marine;salty;aromatic;citrus;musky;aquatic;green;white floral","Herbe;Pamplemousse;Cassis","Notes marines;Sel de mer;Fleur d'oranger;Bois flotté","Musc blanc;Algue",,,,,,,,,,3.83
Mancera,Wild Candy,https://www.fragrantica.fr/parfum/Mancera/Wild-Candy-36727.html,unisexe,Eau de Parfum,2015,"floral;fruity;sweet;citrus;tropical;vanilla;woody;powdery","Notes fruitées;Chocolat;Bergamote;Citron","Frangipanier;Rose de Turquie","Vanille;Musc blanc;Gaïac;Bois de santal;Sel",,,,,,,,,,3.72
Mancera,Wild Fruits,https://www.fragrantica.fr/parfum/Mancera/Wild-Fruits-15205.html,unisexe,Eau de Parfum,2011,"citrus;fruity;fresh;woody;aromatic;powdery;sweet;musky",,,,,,,,,,,,,3.79
Mancera,Wild Leather,https://www.fragrantica.fr/parfum/Mancera/Wild-Leather-28084.html,unisexe,Eau de Parfum,2014,"woody;leather;earthy;mossy;animalic;patchouli;powdery;rose",Bergamote de Sicile,"Patchouli;Rose de Bulgarie;Violette","Cuir;Mousse de chêne;Gaïac;Musc blanc;Ambre",,,,,,,,,,3.72
Mancera,Wild Python,https://www.fragrantica.fr/parfum/Mancera/Wild-Python-49151.html,femme,Eau de Parfum,2018,"white floral;fruity;tuberose;floral;citrus;animalic;powdery;musky;f_gender","Tubéreuse d'Inde;Osmanthus;Pêche;Bergamote","Jasmin;Fleur d'oranger;Feuille de patchouli","Musc blanc;Gousse de vanille",,,,,,,,,,3.78
Mancera,Wind Wood,https://www.fragrantica.fr/parfum/Mancera/Wind-Wood-24778.html,homme,Eau de Parfum,2014,"woody;green;powdery;earthy;violet;mossy;leather;musky;f_gender",,,,,,,,,,,,,4.06
Mancera,Wood Season,https://www.fragrantica.fr/parfum/Mancera/Wood-Season-134853.html,homme,Eau de Parfum,2026,"aromatic;marine;citrus;fresh spicy;earthy;salty;mossy;amber;f_gender","Sauge sclarée;Bergamote;Mandarine;Poivre noir;Cannelle","Notes marines;Rose;Truffe","Mousse de chêne;Ambre;Fève de tonka;Ciste",,longue tenue,puissant,,,,,,,3.64
Mancera,Xplicit Vanilla,https://www.fragrantica.fr/parfum/Mancera/Xplicit-Vanilla-104247.html,unisexe,Eau de Parfum,2025,"woody;vanilla;sweet;warm spicy;amber;animalic;powdery;chocolate",,,,,,,,,,,,,4.02
Mancera,Aoud Black Candy,https://www.fragrantica.fr/parfum/Mancera/Aoud-Black-Candy-18041.html,unisexe,Eau de Parfum,2012,"sweet;soft spicy;musky;rose;amber;green;powdery;aromatic","Réglisse;Menthe","Rose;Ambre","Notes sucrées;Musc blanc",,,,,,,,,,3.89
Mancera,Aoud S,https://www.fragrantica.fr/parfum/Mancera/Aoud-S-15204.html,femme,Eau de Parfum,2011,"oud;leather;yellow floral;rose;animalic;powdery;warm spicy;musky;f_gender","Clou de girofle;Cannelle;Bergamote","Ylang-ylang;Rose;Jasmin;Violette","Oud;Cuir;Musc blanc",,,,,,,,,,3.49
Mancera,Aoud Sandroses,https://www.fragrantica.fr/parfum/Mancera/Aoud-Sandroses-36534.html,unisexe,Eau de Parfum,2015,"rose;woody;warm spicy;fresh spicy;leather;earthy;mossy;patchouli","Poivre;Safran","Rose;Feuille de patchouli;Géranium;Ylang-ylang;Jasmin","Cuir;Mousse de chêne;Bois de santal;Musc",,,,,,,,,,4.10
Mancera,Aqua Wood,https://www.fragrantica.fr/parfum/Mancera/Aqua-Wood-63800.html,homme,Eau de Parfum,2020,"amber;fresh;citrus;fruity;musky;fresh spicy;rose;sweet;f_gender",,,,,,,,,,,,,3.98
Mancera,Black to Black,https://www.fragrantica.fr/parfum/Mancera/Black-to-Black-36533.html,unisexe,Eau de Parfum,2015,"warm spicy;rose;oud;leather;woody;patchouli;floral;animalic","Safran;Clou de girofle;Bergamote","Rose;Feuille de patchouli;Ambre;Jasmin","Oud;Cuir;Musc blanc;Bois de santal",,très longue tenue,énorme,,,,,,,4.04
Mancera,Blue Aoud,https://www.fragrantica.fr/parfum/Mancera/Blue-Aoud-36535.html,unisexe,Eau de Parfum,2015,"leather;warm spicy;woody;amber;animalic;aromatic;fresh spicy;rose","Safran;Estragon;Poivre noir;Clou de girofle",Pétales de rose,"Notes boisées orientales;Cuir;Ambre;Musc blanc",,,,,,,,,,3.64
Mancera,Deep Forest,https://www.fragrantica.fr/parfum/Mancera/Deep-Forest-57881.html,unisexe,Eau de Parfum,2019,"woody;powdery;amber;violet;warm spicy;citrus;leather;white floral","Cuir;Encens;Clou de girofle;Oud;Bergamote;Orange","Violette;Fleur d'oranger;Patchouli;Rose","Notes boisées;Ambre;Musc blanc;Vétiver;Vanille",,,,,,,,,,3.47
Mancera,Gold Aoud,https://www.fragrantica.fr/parfum/Mancera/Gold-Aoud-46659.html,unisexe,Eau de Parfum,2017,"citrus;woody;rose;oud;warm spicy;fresh spicy;powdery;leather","Oud;Mandarine;Safran;Poivre noir;Bergamote;Citron","Rose de Bulgarie;Jasmin;Patchouli","Ambre;Musc blanc;Cuir;Bois de santal;Gaïac;Vanille de Madagascar;Cèdre",,,,,,,,,,3.86
Mancera,Midnight Gold,https://www.fragrantica.fr/parfum/Mancera/Midnight-Gold-64070.html,unisexe,Eau de Parfum,2020,"citrus;woody;fresh spicy;aromatic;musky;warm spicy;rose;amber","Mandarine;Citron vert;Néroli;Romarin;Poivre noir;Cardamome","Rose de Turquie;Cèdre;Feuille de patchouli","Musc blanc;Ambre;Mousse de chêne;Oud",,,,,,,,,,3.84
Mancera,Pink Prestigium,https://www.fragrantica.fr/parfum/Mancera/Pink-Prestigium-37575.html,femme,Eau de Parfum,2016,"citrus;woody;fruity;rose;fresh spicy;floral;aromatic;oud;f_gender","Cassis;Bergamote;Oud;Safran","Rose de Bulgarie;Feuille de patchouli;Jasmin","Pamplemousse;Gaïac;Cuir;Vanille;Musc blanc",,,,,,,,,,4.04
Mancera,Pink Roses,https://www.fragrantica.fr/parfum/Mancera/Pink-Roses-46660.html,femme,Eau de Parfum,2017,"rose;citrus;green;powdery;floral;musky;violet;amber;f_gender",,,,,,,,,,,,,3.76
Mancera,Purple Flowers,https://www.fragrantica.fr/parfum/Mancera/Purple-Flowers-46661.html,femme,Eau de Parfum,2017,"woody;fresh spicy;rose;patchouli;warm spicy;powdery;citrus;musky;f_gender","Figuier;Poivre noir;Gingembre;Noix de muscade;Mandarine de Sicile","Rose;Patchouli;Cèdre","Musc blanc;Vanille de Madagascar;Ambre gris",,,,,,,,,,3.77
Mancera,Roseaoud & Musc,https://www.fragrantica.fr/parfum/Mancera/Roseaoud-Musc-15212.html,unisexe,Eau de Parfum,2011,"rose;warm spicy;oud;musky;powdery;woody;floral;white floral",Notes épicées,"Rose;Safran;Jasmin","Oud;Musc blanc;Bois de santal",,,,,,,,,,3.92
Mancera,Roses & Chocolate,https://www.fragrantica.fr/parfum/Mancera/Roses-Chocolate-18043.html,unisexe,Eau de Parfum,2013,"chocolate;powdery;sweet;rose;warm spicy;vanilla;fruity;floral","Pêche;Cassis;Mandarine;Bergamote","Chocolat noir;Rose;Violette","Vanille;Musc blanc;Cèdre",,,,,,,,,,3.45
Mancera,Silver Intensive Aoud,https://www.fragrantica.fr/parfum/Mancera/Silver-Intensive-Aoud-11162.html,unisexe,Eau de Parfum,2008,"aromatic;citrus;woody;earthy;fresh spicy;iris;powdery;warm spicy",,,,"Citron vert;Absinthe;Racine d'iris;Vétiver;Oud;Bergamote;Patchouli;Cardamome;Musc;Ambre",,,,,,,,,4.26
Mancera,So Blue,https://www.fragrantica.fr/parfum/Mancera/So-Blue-30496.html,unisexe,Eau de Parfum,2015,"citrus;fruity;powdery;rose;marine;aromatic;musky;sweet","Fruits;Mandarine;Citron;Bergamote;Poivre","Rose de Bulgarie;Notes marines;Violette;Patchouli","Musc;Ambre;Vanille;Bois de santal;Mousse de chêne",,,,,,,,,,3.80
Mancera,The Aoud,https://www.fragrantica.fr/parfum/Mancera/The-Aoud-15203.html,unisexe,Eau de Parfum,2011,"warm spicy;rose;oud;woody;fresh spicy;leather;aromatic;powdery","Clou de girofle;Cannelle;Poivre blanc;Bergamote","Rose;Safran;Géranium","Oud;Cuir;Notes boisées;Bois de santal;Cèdre;Musc blanc",,,,,,,,,,3.90
Mancera,Wild Cherry,https://www.fragrantica.fr/parfum/Mancera/Wild-Cherry-35226.html,unisexe,Eau de Parfum,2016,"powdery;cherry;vanilla;sweet;iris;citrus;patchouli;almond","Cerise;Bergamote;Citron","Racine d'iris;Héliotrope;Patchouli;Jasmin","Vanille de Madagascar;Musc blanc",,,,,,,,,,3.63
Mancera,Wild Rose Oud,https://www.fragrantica.fr/parfum/Mancera/Wild-Rose-Oud-28085.html,unisexe,Eau de Parfum,2014,"rose;oud;citrus;musky;floral;powdery;patchouli;amber","Bergamote;Citron","Rose rouge de Turquie;Patchouli;Jasmin d'Egypte","Oud;Musc;Ambre;Gousse de vanille",,,,,,,,,,4.00
Montale,Amber & Spices,https://www.fragrantica.fr/parfum/Montale/Amber-Spices-9560.html,unisexe,Eau de Parfum,2009,"fresh spicy;woody;oud;amber;rose;powdery;aromatic;warm spicy",,,,,,,,,,,,,3.76
Montale,Amber Musk,https://www.fragrantica.fr/parfum/Montale/Amber-Musk-51491.html,unisexe,Extrait de Parfum,2018,"amber;powdery;musky;animalic;woody;balsamic;sweet;salty",,,,"Musc blanc;Ambre gris;Ambre;Notes poudrées;Cèdre",,,,,,,,,3.83
Montale,Aoud Cuir d’Arabie,https://www.fragrantica.fr/parfum/Montale/Aoud-Cuir-d-Arabie-1143.html,homme,Eau de Parfum,2006,"leather;oud;smoky;animalic;tobacco;sweet;woody;fresh spicy;f_gender",,,,"Cuir;Oud;Bouleau;Tabac",,,,,,,,,3.93
Montale,Aoud Flowers,https://www.fragrantica.fr/parfum/Montale/Aoud-Flowers-3239.html,homme,Eau de Parfum,2008,"rose;fresh spicy;oud;woody;aromatic;citrus;musky;herbal;f_gender",,,,"Oud;Géranium;Rose;Gaïac;Bois de teck;Bergamote;Musc",,,,,,,,,3.91
Montale,Aoud Forest,https://www.fragrantica.fr/parfum/Montale/Aoud-Forest-9559.html,unisexe,Eau de Parfum,2009,"aromatic;citrus;fresh spicy;marine;oud;musky;salty;rose",,,,"Eau de mer;Romarin;Limone Costa d'Amalfi;Pamplemousse;Oud;Musc;Gingembre;Rose;Ambre gris",,,,,,,,,3.66
Montale,Aoud Lagoon,https://www.fragrantica.fr/parfum/Montale/Aoud-Lagoon-35974.html,unisexe,Eau de Parfum,2016,"floral;woody;fruity;white floral;earthy;citrus;mossy;aquatic",,,,,,,,,,,,,3.80
Montale,Aoud Leather,https://www.fragrantica.fr/parfum/Montale/Aoud-Leather-9224.html,unisexe,Eau de Parfum,2009,"leather;warm spicy;animalic;fresh spicy;oud;citrus;aromatic;smoky",,,,,,,,,,,,,4.08
Montale,Aoud Lime,https://www.fragrantica.fr/parfum/Montale/Aoud-Lime-3755.html,unisexe,Eau de Parfum,2005,"oud;rose;woody;warm spicy;patchouli;powdery;earthy;amber",,,,"Oud;Rose;Patchouli;Safran;Bois de santal;Ambre;Iris",,,,,,,,,3.79
Montale,Aoud Musk,https://www.fragrantica.fr/parfum/Montale/Aoud-Musk-9558.html,unisexe,Eau de Parfum,2010,"woody;musky;oud;warm spicy;powdery;amber;metallic;earthy",,,,"Musc;Oud;Safran;Bois d'ébène;Vétiver;Ambre",,,,,,,,,4.09
Montale,Aoud Night,https://www.fragrantica.fr/parfum/Montale/Aoud-Night-28010.html,unisexe,Eau de Parfum,2014,"woody;oud;rose;leather;powdery;citrus;animalic;patchouli","Oud;Notes fruitées;Bergamote;Citron de Sicile","Rose du Maroc;Feuille de patchouli d'Indonésie","Cuir;Bois de santal;Ambre;Musc blanc;Gaïac",,très longue tenue,énorme,,,,,,,3.86
Montale,Aoud Purple Rose,https://www.fragrantica.fr/parfum/Montale/Aoud-Purple-Rose-14841.html,unisexe,Eau de Parfum,2012,"rose;oud;warm spicy;leather;woody;fruity;powdery;musky","Rose;Safran;Mûre","Oud;Bois de santal;Patchouli","Cuir;Musc blanc;Ambre",,très longue tenue,puissant,,,,,,,3.61
Montale,Aoud Queen Roses,https://www.fragrantica.fr/parfum/Montale/Aoud-Queen-Roses-1139.html,femme,Eau de Parfum,2007,"rose;oud;floral;leather;patchouli;fresh spicy;animalic;woody;f_gender",,,,"Rose;Oud;Cuir;Hibiscus;Patchouli",longue tenue,puissant,,,,,,,3.74
Montale,Aoud Safran,https://www.fragrantica.fr/parfum/Montale/Aoud-Safran-9557.html,unisexe,Eau de Parfum,2009,"oud;rose;warm spicy;metallic;leather;tobacco;floral;fresh spicy",,,,"Oud;Safran;Rose",très longue tenue,énorme,,,,,,,3.84
Montale,Aoud Sense,https://www.fragrantica.fr/parfum/Montale/Aoud-Sense-30508.html,unisexe,Eau de Parfum,2015,"citrus;oud;rose;fresh spicy;warm spicy;aromatic;woody;sweet","Orange;Mandarine;Poivre noir;Clou de girofle","Oud;Rose de Bulgarie",Vétiver de Haïti,,longue tenue,puissant,,,,,,,3.79
Montale,Aqua Gold,https://www.fragrantica.fr/parfum/Montale/Aqua-Gold-48946.html,unisexe,Eau de Parfum,2018,"citrus;white floral;woody;lavender;fresh;aromatic;fresh spicy;musky","Agrumes;Lavande","Fleur d'oranger;Jasmin","Cèdre;Musc blanc;Cuir",,longue tenue,puissant,,,,,,,3.81
Montale,Aqua Palma,https://www.fragrantica.fr/parfum/Montale/Aqua-Palma-73226.html,unisexe,Extrait de Parfum,2022,"citrus;powdery;warm spicy;vanilla;aromatic;woody;fresh spicy;fruity","Bergamote de Sicile;Cardamome;Mandarine de Sicile;Poivre","Pêche blanche;Tubéreuse;Bois de santal;Racine d'iris","Vanille;Fève de tonka;Musc blanc;Ambre;Bois de teck",,longue tenue,modéré (e),,,,,,,3.96
Montale,Arabians,https://www.fragrantica.fr/parfum/Montale/Arabians-45306.html,unisexe,Eau de Parfum,2017,"aromatic;warm spicy;oud;leather;animalic;lavender;rose;fresh spicy","Cardamome;Lavande;Thym rouge","Rose;Patchouli;Vétiver","Oud;Cuir;Ambre gris;Musc",,longue tenue,puissant,,,,,,,3.89
Montale,Arabians Musk,https://www.fragrantica.fr/parfum/Montale/Arabians-Musk-97829.html,unisexe,Eau de Parfum,2024,"sweet;vanilla;honey;musky;powdery;white floral;citrus;fruity","Miel;Bergamote","Dattes;Fleur d'oranger","Musc;Vanille;Fève de tonka;Sucre",,longue tenue,puissant,,,,,,,4.00
Montale,Arabians Rose Leather,https://www.fragrantica.fr/parfum/Montale/Arabians-Rose-Leather-104090.html,unisexe,Eau de Parfum,2025,"woody;rose;amber;animalic;musky;powdery;vanilla;yellow floral","Rose de Taïf;Cuir noir;Ylang-ylang","Bois d'agar du Cambodge;Cèdre de Virginie;Santal de Mysore","Ciste;Vanille;Musc noir",,très longue tenue,puissant,,,,,,,3.44
Montale,Arabians Tonka,https://www.fragrantica.fr/parfum/Montale/Arabians-Tonka-57384.html,unisexe,Eau de Parfum,2019,"sweet;vanilla;amber;oud;warm spicy;rose;musky;metallic","Safran;Bergamote","Oud;Rose de Bulgarie","Fève de tonka;Canne à sucre;Ambre;Musc blanc;Mousse de chêne",,modéré (e),modéré (e),,,,,,,4.22
Montale,Attar,https://www.fragrantica.fr/parfum/Montale/Attar-3674.html,unisexe,Eau de Parfum,2005,"rose;oud;woody;powdery;warm spicy;floral;fresh spicy;balsamic",,,,"Rose de Bulgarie;Oud;Bois de santal",très longue tenue,énorme,,,,,,,3.89
Montale,Bakhoor,https://www.fragrantica.fr/parfum/Montale/Bakhoor-51879.html,unisexe,Eau de Parfum,2018,"amber;woody;balsamic;smoky;warm spicy;fresh spicy;powdery;aromatic",,,,"Notes boisées;Encens;Résine de bois;Résine oliban;Bois de santal",longue tenue,modéré (e),,,,,,,3.87
Montale,Be My Plum,https://www.fragrantica.fr/parfum/Montale/Be-My-Plum-116396.html,unisexe,Extrait de Parfum,2025,"white floral;musky;sweet;tuberose;green;animalic;fruity;vanilla","Prune verte;Poivre rose;Bois d'agar du Cambodge","Tubéreuse d'Inde;Fleur de tiaré;Fleur de prunier;Ylang-ylang","Musc cachemire;Sucre vanillé;Noix de Coco",,modéré (e),modéré (e),,,,,,,3.56
Montale,Beast Love,https://www.fragrantica.fr/parfum/Montale/Beast-Love-90740.html,unisexe,Eau de Parfum,2024,"leather;fruity;sweet;vanilla;musky;animalic;powdery;woody","Poire;Prune;Bergamote de Sicile","Cuir;Cèdre;Vétiver;Rose de Turquie","Musc;Vanille;Fève de tonka;Ambre",,modéré (e),modéré (e),,,,,,,3.43
Montale,Black Aoud,https://www.fragrantica.fr/parfum/Montale/Black-Aoud-1142.html,homme,Eau de Parfum,2006,"rose;oud;patchouli;musky;woody;floral;warm spicy;citrus;f_gender",,,,"Rose;Oud;Patchouli;Musc;Ciste de France;Mandarine",longue tenue,puissant,,,,,,,3.93
Montale,Black Musk,https://www.fragrantica.fr/parfum/Montale/Black-Musk-12298.html,unisexe,Eau de Parfum,2010,"fresh spicy;woody;musky;leather;powdery;animalic;warm spicy;patchouli",,,,"Musc;Cuir;Poivre noir;Bois de teck;Noix de muscade;Patchouli;Bois de santal;Ambre",très longue tenue,puissant,,,,,,,3.91
Montale,Blue Amber,https://www.fragrantica.fr/parfum/Montale/Blue-Amber-3759.html,unisexe,Eau de Parfum,2006,"amber;aromatic;vanilla;woody;patchouli;fresh spicy;earthy;soft spicy",,,,"Ambre;Vanille;Patchouli;Coriandre;Géranium;Vétiver;Bergamote",très longue tenue,puissant,,,,,,,4.03
Montale,Blue Matcha,https://www.fragrantica.fr/parfum/Montale/Blue-Matcha-68793.html,unisexe,Eau de Parfum,2021,"powdery;woody;leather;green;aromatic;animalic;fruity;citrus","Thé matcha;Cassis;Citron;Bergamote;Mandarine de Sicile","Cuir;Cèdre;Tabac;Feuille de patchouli","Maté;Notes poudrées;Musc;Ambre gris",,longue tenue,modéré (e),,,,,,,3.62
Montale,Boise Fruite,https://www.fragrantica.fr/parfum/Montale/Boise-Fruite-6646.html,unisexe,Eau de Parfum,2009,"citrus;woody;aromatic;green;fresh spicy;ozonic;earthy;aquatic",,,,"Vétiver;Bergamote;Citron vert;Feuille de violette;Petit-grain;Bois de santal",longue tenue,puissant,,,,,,,3.71
Montale,Boise Vanille,https://www.fragrantica.fr/parfum/Montale/Boise-Vanille-4063.html,femme,Eau de Parfum,2007,"fresh spicy;woody;aromatic;vanilla;warm spicy;lavender;powdery;patchouli;f_gender",,,,"Cèdre;Vanille;Lavande;Patchouli;Poivre;Géranium;Fève de tonka;Iris;Citron;Bergamote",,,,,,,,,3.31
Montale,Bubble Forever,https://www.fragrantica.fr/parfum/Montale/Bubble-Forever-90739.html,unisexe,Eau de Parfum,2024,"citrus;white floral;sweet;fresh;musky;vanilla;powdery;aromatic","Citron;Néroli;Pamplemousse;Poire","Fleur d'oranger;Jasmin;Rose de Bulgarie;Cannelle","Toffee;Musc;Vanille;Ambre",,modéré (e),modéré (e),,,,,,,3.76
Montale,Cedrat Lova,https://www.fragrantica.fr/parfum/Montale/Cedrat-Lova-128866.html,unisexe,Eau de Parfum,2026,"citrus;amber;tobacco;fresh;sweet;aromatic;fresh spicy;mossy","Cédrat;Citron;Bergamote;Gingembre","Santal de Mysore;Jasmin d'Inde;Bois d'agar du Cambodge","Tabac;Ambre gris;Fève de tonka;Mousse de chêne",,modéré (e),modéré (e),,,,,,,3.75
Montale,Chocolate Greedy,https://www.fragrantica.fr/parfum/Montale/Chocolate-Greedy-2186.html,unisexe,Eau de Parfum,2007,"vanilla;cacao;warm spicy;sweet;citrus;coffee;powdery;fruity",,,,"Cacao;Vanille;Fève de tonka;Bigarade;Fruits secs;Café",faible,énorme,,,,,,,3.92
Montale,Crazy In Love,https://www.fragrantica.fr/parfum/Montale/Crazy-In-Love-67108.html,femme,Extrait de Parfum,2021,"rose;warm spicy;amber;sweet;vanilla;metallic;ozonic;leather;f_gender","Rose sauvage;Feuille de violette","Safran;Cassonade","Ambre;Gousse de vanille",,longue tenue,puissant,,,,,,,3.56
Montale,Crystal Flowers,https://www.fragrantica.fr/parfum/Montale/Crystal-Flowers-3772.html,unisexe,Eau de Parfum,2007,"rose;musky;white floral;floral;citrus;powdery;amber;fresh",,,,"Rose;Musc;Muguet;Ambre;Mandarine",modéré (e),modéré (e),,,,,,,3.83
Montale,Dallachaï,https://www.fragrantica.fr/parfum/Montale/Dallachai-97830.html,unisexe,Eau de Parfum,2024,"warm spicy;coffee;tropical;sweet;fruity;lactonic;musky;fresh","Fruit de la passion;Cardamome;Safran;Clou de girofle","Café;Lait","Musc;Ambre",,longue tenue,puissant,,,,,,,3.46
Montale,Dark Aoud,https://www.fragrantica.fr/parfum/Montale/Dark-Aoud-12134.html,unisexe,Eau de Parfum,2011,"oud;woody;powdery;warm spicy;fresh spicy;balsamic;aromatic",,,,"Oud;Bois de santal",très longue tenue,puissant,,,,,,,4.10
Montale,Dark Purple,https://www.fragrantica.fr/parfum/Montale/Dark-Purple-13280.html,femme,Eau de Parfum,2011,"fruity;rose;sweet;woody;musky;fresh spicy;patchouli;powdery;f_gender","Prune;Orange","Rose;Fruits rouges;Patchouli;Géranium","Musc;Bois de teck;Ambre",,,,,,,,,,3.68
Montale,Dark Vanilla,https://www.fragrantica.fr/parfum/Montale/Dark-Vanilla-64050.html,unisexe,Eau de Parfum,2020,"woody;vanilla;animalic;warm spicy;leather;powdery;amber;balsamic",Epices,"Cuir;Bois d'agar du Cambodge;Bois de santal;Patchouli","Vanille;Ambre",,très longue tenue,puissant,,,,,,,4.07
Montale,Day Dreams,https://www.fragrantica.fr/parfum/Montale/Day-Dreams-45055.html,unisexe,Eau de Parfum,2017,"white floral;citrus;sweet;vanilla;woody;powdery;coconut;fruity","Mandarine;Fleur d'oranger","Fleur de tiaré;Jasmin;Néroli","Bois de santal;Vanille;Noix de Coco",,longue tenue,puissant,,,,,,,3.65
Montale,Fantastic Oud,https://www.fragrantica.fr/parfum/Montale/Fantastic-Oud-48945.html,unisexe,Eau de Parfum,2018,"amber;oud;woody;balsamic;tobacco;leather;animalic;warm spicy",Oud,"Tabac;Rose;Patchouli;Encens;Styrax","Cuir;Ambre gris;Bois de santal",,longue tenue,puissant,,,,,,,3.87
Montale,Fougeres Marines,https://www.fragrantica.fr/parfum/Montale/Fougeres-Marines-3761.html,unisexe,Eau de Parfum,2007,"aromatic;marine;fresh spicy;lavender;earthy;mossy;musky;patchouli",,,,"Eau de mer;Lavande;Géranium;Mousse de chêne;Musc;Patchouli",modéré (e),modéré (e),,,,,,,3.68
Montale,Full Incense,https://www.fragrantica.fr/parfum/Montale/Full-Incense-9556.html,unisexe,Eau de Parfum,2010,"amber;balsamic;woody;smoky;warm spicy;aromatic;patchouli;conifer",,,,"Encens;Résine d'élémi;Cèdre de Virginie;Ciste de France;Patchouli",longue tenue,modéré (e),,,,,,,4.13
Montale,Golden Sand,https://www.fragrantica.fr/parfum/Montale/Golden-Sand-31770.html,unisexe,Eau de Parfum,2015,"citrus;powdery;rose;warm spicy;woody;green;fresh spicy;aromatic","Epices;Menthe;Orange;Bergamote","Rose;Violette;Jasmin","Bois de santal;Musc blanc;Ambre;Vanille",,très longue tenue,puissant,,,,,,,3.64
Montale,Herbal Aquatica,https://www.fragrantica.fr/parfum/Montale/Herbal-Aquatica-78379.html,unisexe,Eau de Parfum,2022,"green;aromatic;woody;fresh spicy;marine;floral;citrus;aquatic","Menthe;Notes herbacées;Bergamote de Calabre;Sauge","Notes marines;Lotus;Thé vert;Caramel;Papyrus","Santal d'Australie;Sucre vanillé;Ambre",,longue tenue,modéré (e),,,,,,,3.84
Montale,Holy Musk,https://www.fragrantica.fr/parfum/Montale/Holy-Musk-134981.html,unisexe,Eau de Parfum,2026,"musky;powdery;amber;animalic;violet;balsamic;floral;rose",Eau de rose,"Violette;Rose de Damas","Musc;Ambre gris;Fève de tonka",,très longue tenue,puissant,,,,,,,3.75
Montale,Holy Neroli,https://www.fragrantica.fr/parfum/Montale/Holy-Neroli-87141.html,unisexe,Eau de Parfum,2023,"citrus;white floral;musky;powdery;fresh;fresh spicy;sweet;amber","Néroli;Bigarade;Bergamote de Sicile","Fleur d'oranger de Tunisie;Rose de Bulgarie;Cèdre","Musc;Ambre;Sucre vanillé",,longue tenue,modéré (e),,,,,,,3.72
Montale,Honey Aoud,https://www.fragrantica.fr/parfum/Montale/Honey-Aoud-30509.html,unisexe,Eau de Parfum,2015,"honey;oud;warm spicy;cinnamon;sweet;amber;floral;vanilla",,,,"Miel;Oud;Cannelle;Ambre;Vanille de Madagascar;Cuir;Patchouli;Fleurs",,,,,,,,,4.14
Montale,Infinity,https://www.fragrantica.fr/parfum/Montale/Infinity-81773.html,unisexe,Eau de Parfum,2023,"sweet;cherry;warm spicy;vanilla;tobacco;fruity;leather;amber","Cerise noire;Prune;Safran;Poivre rose;Cardamome","Oud;Cuir;Rose;Bois de santal;Vétiver;Tubéreuse","Feuille de tabac;Fève de tonka;Sucre vanillé;Ambre;Musc",,longue tenue,puissant,,,,,,,4.13
Montale,Intense Amber,https://www.fragrantica.fr/parfum/Montale/Intense-Amber-35156.html,unisexe,Eau de Parfum,2016,"rose;amber;fruity;warm spicy;musky;sweet;powdery;animalic",Rose du Maroc,"Ambre gris;Safran;Bois de santal","Framboise;Musc blanc;Vanille",,longue tenue,modéré (e),,,,,,,3.79
Montale,Intense Black Aoud,https://www.fragrantica.fr/parfum/Montale/Intense-Black-Aoud-46714.html,unisexe,Extrait de Parfum,2017,"woody;rose;animalic;warm spicy;patchouli;citrus;floral;musky",,,,"Pétales de rose;Bois d'agar du Cambodge;Feuille de patchouli d'Indonésie;Mandarine;Musc",très longue tenue,énorme,,,,,,,3.98
Montale,Intense Cafe,https://www.fragrantica.fr/parfum/Montale/Intense-Cafe-18021.html,unisexe,Eau de Parfum,2013,"rose;vanilla;coffee;floral;powdery;musky;warm spicy;amber",Notes fleuries,"Rose;Café","Vanille;Musc blanc;Ambre",,faible,discret,,,,,,,3.94
Montale,Intense Cherry,https://www.fragrantica.fr/parfum/Montale/Intense-Cherry-43319.html,unisexe,Eau de Parfum,2017,"powdery;rose;musky;white floral;woody;vanilla;citrus;floral","Bergamote;Cerise noire","Pétales de rose;Jasmin","Musc;Vanille;Bois de santal",,,,,,,,,,3.34
Montale,Intense Iris,https://www.fragrantica.fr/parfum/Montale/Intense-Iris-43413.html,unisexe,Eau de Parfum,2017,"powdery;iris;woody;violet;musky;earthy;warm spicy;floral",,,,"Iris;Bois de santal;Musc blanc",modéré (e),modéré (e),,,,,,,3.90
Montale,Intense Pepper,https://www.fragrantica.fr/parfum/Montale/Intense-Pepper-28120.html,unisexe,Eau de Parfum,2014,"fresh spicy;citrus;woody;soft spicy;musky;warm spicy;aromatic;oud","Poivre noir;Citron de Sicile;Poivre rose",Notes fleuries,"Cèdre;Oud;Musc blanc;Mousse de chêne;Ambre",,longue tenue,puissant,,,,,,,3.89
Montale,Intense Roses Musk,https://www.fragrantica.fr/parfum/Montale/Intense-Roses-Musk-31893.html,femme,Eau de Parfum,2015,"rose;musky;amber;powdery;floral;white floral;animalic;sweet;f_gender",,,,"Rose;Musc;Ambre;Jasmin",longue tenue,puissant,,,,,,,4.03
Montale,Intense Tiare,https://www.fragrantica.fr/parfum/Montale/Intense-Tiare-3763.html,unisexe,Eau de Parfum,2005,"white floral;sweet;vanilla;coconut;yellow floral;fruity;lactonic;tropical",,,,"Fleur de tiaré;Noix de Coco;Vanille;Ylang-ylang;Jasmin;Rose",très longue tenue,puissant,,,,,,,3.90
Montale,Jasmin Full,https://www.fragrantica.fr/parfum/Montale/Jasmin-Full-3677.html,unisexe,Eau de Parfum,2006,"white floral;fruity;citrus;floral;animalic;yellow floral;sweet;soapy",,,,"Jasmin;Chèvrefeuille;Fleur d'oranger",très longue tenue,puissant,,,,,,,3.78
Montale,Leather Patchouli,https://www.fragrantica.fr/parfum/Montale/Leather-Patchouli-51492.html,unisexe,Eau de Parfum,2018,"woody;patchouli;leather;amber;animalic;balsamic;warm spicy;oud","Patchouli;Cuir;Oud;Ciste","Cèdre;Bois de santal","Ambre gris;Vanille;Musc blanc",,très longue tenue,puissant,,,,,,,3.94
Montale,Lucky Candy,https://www.fragrantica.fr/parfum/Montale/Lucky-Candy-87365.html,unisexe,Eau de Parfum,2023,"sweet;floral;citrus;tropical;powdery;vanilla;musky;honey","Bergamote;Miel;Cacao","Frangipanier;Guimauve;Néroli;Noix de Coco;Muguet","Musc;Vanille;Toffee;Ambre",,modéré (e),modéré (e),,,,,,,3.52
Montale,Mango Manga,https://www.fragrantica.fr/parfum/Montale/Mango-Manga-9470.html,unisexe,Eau de Parfum,2010,"tropical;sweet;fruity;woody;citrus;white floral;yellow floral;oud","Mangue;Orange","Ylang-ylang;Jasmin;Néroli","Oud;Mousse de chêne;Cèdre de Virginie;Vétiver",,longue tenue,modéré (e),,,,,,,3.23
Montale,Mukhallat,https://www.fragrantica.fr/parfum/Montale/Mukhallat-3241.html,unisexe,Eau de Parfum,2008,"fruity;sweet;balsamic;vanilla;almond;amber;powdery;nutty",,,,"Fraise;Vanille;Amande;Baumier du Pérou;Musc",longue tenue,puissant,,,,,,,3.45
Montale,Musk to Musk,https://www.fragrantica.fr/parfum/Montale/Musk-to-Musk-12299.html,unisexe,Eau de Parfum,2010,"musky;woody;oud;powdery;fresh spicy;amber;animalic;sweet",,,,"Musc;Oud;Noix de muscade;Notes boisées;Bois de teck;Ambre",,,,,,,,,3.69
Montale,Nepal Aoud,https://www.fragrantica.fr/parfum/Montale/Nepal-Aoud-25614.html,unisexe,Eau de Parfum,2014,"oud;leather;fresh spicy;rose;amber;warm spicy;animalic;powdery","Oud;Safran;Noix de muscade","Rose de Bulgarie;Ambre","Cuir;Musc blanc;Vanille de Madagascar",,très longue tenue,énorme,,,,,,,3.92
Montale,Orange Aoud,https://www.fragrantica.fr/parfum/Montale/Orange-Aoud-23365.html,unisexe,Eau de Parfum,2014,"leather;powdery;oud;woody;citrus;warm spicy;violet;animalic","Oud;Bergamote;Safran","Violette;Rose;Patchouli","Cuir;Mousse de chêne;Musc blanc;Bois de santal",,modéré (e),modéré (e),,,,,,,3.84
Montale,Oud Dream,https://www.fragrantica.fr/parfum/Montale/Oud-Dream-53632.html,unisexe,Eau de Parfum,2019,"oud;patchouli;rose;woody;warm spicy;earthy;balsamic;fresh spicy",,,,"Oud;Patchouli;Rose",longue tenue,puissant,,,,,,,4.23
Montale,Oud Edition,https://www.fragrantica.fr/parfum/Montale/Oud-Edition-71994.html,unisexe,Eau de Parfum,,"oud;smoky;leather;amber;woody;rose;warm spicy;balsamic",,,,"Oud;Cuir;Encens;Rose;Bois de santal;Musc",longue tenue,puissant,,,,,,,4.21
Montale,Oud Fool Roses,https://www.fragrantica.fr/parfum/Montale/Oud-Fool-Roses-90741.html,unisexe,Eau de Parfum,2024,"rose;musky;oud;amber;powdery;citrus;woody;floral","Rose;Tangerine","Rose de Taïf;Oud;Bois de cachemire","Musc;Ciste;Ambre",,,,,,,,,,3.66
Montale,Oud Island,https://www.fragrantica.fr/parfum/Montale/Oud-Island-82554.html,unisexe,Eau de Parfum,2023,"citrus;woody;oud;powdery;amber;sweet;vanilla;fresh spicy","Citron d'Italie;Bergamote de Sicile;Tangerine","Cuir noir;Oud;Bois de santal;Notes solaires;Tubéreuse d'Inde;Fleurs","Vanille;Tabac;Ciste;Ambre;Musc",,longue tenue,puissant,,,,,,,3.97
Montale,Oud Pashmina,https://www.fragrantica.fr/parfum/Montale/Oud-Pashmina-64641.html,unisexe,Eau de Parfum,2021,"oud;rose;vanilla;musky;powdery;floral;fresh spicy;sweet",,,,"Oud;Rose;Vanille;Musc gris",longue tenue,puissant,,,,,,,4.12
Montale,Oud Sapparot,https://www.fragrantica.fr/parfum/Montale/Oud-Sapparot-104089.html,unisexe,Eau de Parfum,2025,"sweet;fruity;leather;woody;warm spicy;animalic;tropical;vanilla","Ananas;Bois d'agar du Cambodge;Safran","Cuir;Bouleau;Cannelle","Noix de Coco;Vanille;Musc blanc",,longue tenue,puissant,,,,,,,3.41
Montale,Oud Tobacco,https://www.fragrantica.fr/parfum/Montale/Oud-Tobacco-61494.html,unisexe,Eau de Parfum,2020,"citrus;sweet;tobacco;amber;fresh spicy;oud;vanilla;white floral","Rhus;Agrumes;Cumin","Oud;Fleur d'oranger;Encens","Tabac;Fève de tonka;Oud",,longue tenue,puissant,,,,,,,4.23
Montale,Oudmazing,https://www.fragrantica.fr/parfum/Montale/Oudmazing-36827.html,unisexe,Eau de Parfum,2016,"fruity;sweet;oud;vanilla;woody;leather;powdery;patchouli","Oud;Figue;Poire;Orange de Sicile;Bergamote de Sicile","Feuille de patchouli;Racine d'iris;Jasmin d'Egypte","Raisin;Vanille de Madagascar;Cuir;Musc blanc",,,,,,,,,,3.85
Montale,Oudrising,https://www.fragrantica.fr/parfum/Montale/Oudrising-60402.html,unisexe,Eau de Parfum,2020,"woody;smoky;amber;leather;fresh spicy;oud;citrus;warm spicy","Cuir;Bergamote;Poivre;Pamplemousse rose","Oud;Fumée;Notes boisées;Thé noir;Rose;Ciste;Patchouli;Jasmin","Encens;Tabac;Vanille;Bois de santal;Ambre;Musc;Cèdre",,longue tenue,modéré (e),,,,,,,4.10
Montale,Oudyssee,https://www.fragrantica.fr/parfum/Montale/Oudyssee-81772.html,unisexe,Eau de Parfum,2023,"citrus;aromatic;fresh spicy;marine;oud;lavender;fresh;salty","Notes marines;Citron;Bergamote;Lavande","Gingembre;Ambre","Oud;Musc;Maté",,longue tenue,modéré (e),,,,,,,3.96
Montale,Patchouli Leaves,https://www.fragrantica.fr/parfum/Montale/Patchouli-Leaves-3764.html,unisexe,Eau de Parfum,2006,"amber;patchouli;woody;warm spicy;vanilla;balsamic;earthy;musky",,,,"Patchouli;Ambre;Vanille;Ciste;Musc",très longue tenue,puissant,,,,,,,3.98
Montale,Powder Flowers,https://www.fragrantica.fr/parfum/Montale/Powder-Flowers-5142.html,femme,Eau de Parfum,2005,"floral;vanilla;rose;woody;fruity;amber;sweet;aromatic;f_gender",,,,"Fève de tonka;Rose;Osmanthus;Cèdre;Jasmin",très longue tenue,énorme,,,,,,,3.76
Montale,Pretty Fruity,https://www.fragrantica.fr/parfum/Montale/Pretty-Fruity-12301.html,unisexe,Eau de Parfum,2011,"fruity;floral;tropical;citrus;fresh;sweet;musky;soft spicy","Fruit de la passion;Cassis;Agrumes","Magnolia;Lys",Musc,,modéré (e),modéré (e),,,,,,,3.50
Montale,Pure Gold,https://www.fragrantica.fr/parfum/Montale/Pure-Gold-9225.html,femme,Eau de Parfum,2009,"white floral;musky;citrus;powdery;fruity;patchouli;sweet;animalic;f_gender","Abricot;Mandarine","Jasmin;Néroli;Fleur d'oranger","Musc;Patchouli;Vanille",,longue tenue,puissant,,,,,,,3.73
Montale,Pure Love,https://www.fragrantica.fr/parfum/Montale/Pure-Love-57886.html,unisexe,Eau de Parfum,2019,"woody;vanilla;animalic;amber;leather;powdery;balsamic;aromatic",Rose,"Bois de santal;Vétiver","Vanille;Ambre gris;Cuir",,longue tenue,puissant,,,,,,,3.91
Montale,Red Aoud,https://www.fragrantica.fr/parfum/Montale/Red-Aoud-3237.html,unisexe,Eau de Parfum,2008,"warm spicy;oud;rose;woody;fresh spicy;powdery;iris;earthy","Oud;Poivre","Rose;Safran;Cumin","Racine d'iris;Bois de santal;Vétiver",,très longue tenue,puissant,,,,,,,4.05
Montale,Red Vetiver,https://www.fragrantica.fr/parfum/Montale/Red-Vetiver-4061.html,homme,Eau de Parfum,2008,"woody;aromatic;fresh spicy;citrus;earthy;warm spicy;balsamic;patchouli;f_gender",,,,"Vétiver;Pamplemousse;Poivre;Cèdre;Patchouli;Baumier du Pérou",longue tenue,modéré (e),,,,,,,4.05
Montale,Rendez-vous à Milan,https://www.fragrantica.fr/parfum/Montale/Rendez-vous-a-Milan-75004.html,unisexe,Eau de Parfum,2022,"warm spicy;fresh spicy;coffee;rose;vanilla;aromatic;green;powdery","Basilic;Grains de café torréfiés;Fruits Jaunes","Basilic;Rose;Clou de girofle;Tubéreuse","Vanille;Musc;Ambre;Toffee",,longue tenue,puissant,,,,,,,3.91
Montale,Rendez-vous à Moscou,https://www.fragrantica.fr/parfum/Montale/Rendez-vous-a-Moscou-50025.html,femme,Eau de Parfum,2018,"fruity;citrus;white floral;sweet;floral;fresh;powdery;vanilla;f_gender","Poire;Pêche blanche;Mandarine;Citron;Fleur de pêcher;Gingembre;Noix de Coco","Jasmin d'Egypte;Rose du Maroc;Feuille de patchouli","Vanille bourbon;Musc;Cèdre;Ambre gris;Bois de santal",,modéré (e),modéré (e),,,,,,,3.49
Montale,Rendez-vous à Paris,https://www.fragrantica.fr/parfum/Montale/Rendez-vous-a-Paris-82127.html,unisexe,Eau de Parfum,2023,"rose;sweet;powdery;vanilla;fruity;musky;patchouli;floral","Poire;Rhubarbe","Pétales de rose;Patchouli;Fleurs blanches;Gingembre","Notes poudrées;Musc;Sucre;Vanille;Ambre gris",,longue tenue,modéré (e),,,,,,,3.92
Montale,Ristretto Intense Café,https://www.fragrantica.fr/parfum/Montale/Ristretto-Intense-Cafe-55001.html,unisexe,Eau de Parfum,2019,"coffee;rose;vanilla;caramel;warm spicy;powdery;sweet;musky","Café;Rose rouge de Turquie","Grains de café torréfiés;Rose de France;Notes boisées","Vanille;Caramel;Musc blanc;Ambre",,longue tenue,puissant,,,,,,,4.11
Montale,Rose Night,https://www.fragrantica.fr/parfum/Montale/Rose-Night-28011.html,unisexe,Eau de Parfum,2014,"rose;musky;patchouli;amber;floral;powdery;woody;warm spicy",Pétales de rose,Rose de Bulgarie,"Musc blanc;Patchouli;Ambre",,longue tenue,modéré (e),,,,,,,3.98
Montale,Roses Elixir,https://www.fragrantica.fr/parfum/Montale/Roses-Elixir-9222.html,femme,Eau de Parfum,2010,"rose;fruity;sweet;citrus;white floral;musky;green;patchouli;f_gender",,,,"Rose;Fraise;Feuille de fraisier;Musc;Agrumes;Patchouli;Jasmin;Fleur d'oranger d'Afrique;Vanille;Ambre;Tangerine",longue tenue,puissant,,,,,,,3.83
Montale,Roses Musk,https://www.fragrantica.fr/parfum/Montale/Roses-Musk-1148.html,femme,Eau de Parfum,2009,"rose;musky;powdery;floral;white floral;animalic;sweet;citrus;f_gender",,,,"Rose;Musc;Jasmin",longue tenue,modéré (e),,,,,,,3.71
Montale,Roses Musk Limited Edition,https://www.fragrantica.fr/parfum/Montale/Roses-Musk-Limited-Edition-56009.html,unisexe,Eau de Parfum,2019,"rose;musky;white floral;amber;powdery;floral;animalic;sweet",,,,"Rose;Musc;Jasmin;Ambre",,,,,,,,,3.92
Montale,Sandflowers,https://www.fragrantica.fr/parfum/Montale/Sandflowers-3766.html,unisexe,Eau de Parfum,2009,"aromatic;woody;marine;fresh spicy;mossy;salty;earthy;aquatic",,,,"Eau de mer;Genévrier;Mousse de chêne;Bois de santal",longue tenue,modéré (e),,,,,,,3.65
Montale,Santal Wood,https://www.fragrantica.fr/parfum/Montale/Santal-Wood-14842.html,unisexe,Eau de Parfum,2012,"woody;aromatic;fresh spicy;marine;warm spicy;powdery;mossy;salty","Eau de mer;Genévrier;Cardamome;Noix de muscade;Poivre noir","Bois de santal;Cèdre",Mousse de chêne,,longue tenue,modéré (e),,,,,,,3.83
Montale,Sensual Instinct,https://www.fragrantica.fr/parfum/Montale/Sensual-Instinct-53675.html,unisexe,Extrait de Parfum,2019,"sweet;mossy;rose;amber;woody;coffee;earthy;lactonic",Grains de café torréfiés,"Praliné;Rose","Mousse de chêne;Ambre;Cèdre",,longue tenue,puissant,,,,,,,3.80
Montale,Soleil de Capri,https://www.fragrantica.fr/parfum/Montale/Soleil-de-Capri-3767.html,unisexe,Eau de Parfum,2007,"citrus;fresh;white floral;musky;aromatic;fresh spicy;warm spicy;powdery","Agrumes;Kumquat;Pamplemousse",Fleurs blanches,"Musc;Epices",,modéré (e),modéré (e),,,,,,,3.97
Montale,Spicy Aoud,https://www.fragrantica.fr/parfum/Montale/Spicy-Aoud-41075.html,unisexe,Eau de Parfum,2016,"warm spicy;oud;patchouli;citrus;musky;woody;earthy;metallic",,,,"Oud;Patchouli;Orange;Safran;Musc",longue tenue,puissant,,,,,,,4.13
Montale,Starry Nights,https://www.fragrantica.fr/parfum/Montale/Starry-Nights-31771.html,unisexe,Eau de Parfum,2015,"powdery;citrus;musky;rose;patchouli;fruity;woody;fresh","Pomme;Bergamote;Citron","Rose;Patchouli;Jasmin","Musc blanc;Notes poudrées;Ambre",,longue tenue,puissant,,,,,,,3.78
Montale,Starry Nights Intense,https://www.fragrantica.fr/parfum/Montale/Starry-Nights-Intense-116411.html,unisexe,Eau de Parfum,2025,"citrus;woody;rose;musky;powdery;fruity;amber;patchouli","Pomme;Bergamote de Sicile;Citron de Sicile","Rose;Feuille de patchouli","Notes boisées;Musc blanc;Ambre;Vanille de Madagascar",,longue tenue,puissant,,,,,,,3.67
Montale,Sunset Flowers,https://www.fragrantica.fr/parfum/Montale/Sunset-Flowers-3238.html,unisexe,Eau de Parfum,2008,"green;herbal;fruity;floral;violet;aromatic;fresh;fresh spicy",,,,"Camomille;Notes vertes;Pomme verte;Petit-grain;Violette;Rose",modéré (e),modéré (e),,,,,,,3.44
Montale,Sweet Flowers,https://www.fragrantica.fr/parfum/Montale/Sweet-Flowers-51489.html,femme,Extrait de Parfum,2018,"sweet;powdery;woody;white floral;vanilla;fresh spicy;fruity;tuberose;f_gender","Barbe à papa;Pêche blanche;Gingembre;Poivre;Bergamote","Tubéreuse;Patchouli;Jasmin Sambac;Violette","Vanille de Madagascar;Musc blanc;Bois de santal;Mousse de chêne;Cèdre",,longue tenue,puissant,,,,,,,3.75
Montale,Sweet Oriental Dream,https://www.fragrantica.fr/parfum/Montale/Sweet-Oriental-Dream-3768.html,unisexe,Eau de Parfum,2005,"almond;honey;sweet;vanilla;floral;nutty;fruity;rose",,,,"Amande;Miel;Vanille;Rose",très longue tenue,puissant,,,,,,,3.81
Montale,Sweet Peony,https://www.fragrantica.fr/parfum/Montale/Sweet-Peony-46099.html,femme,Eau de Parfum,2017,"floral;rose;vanilla;fresh;powdery;warm spicy;sweet;woody;f_gender",Pivoine,"Rose;Pêche;Jasmin;Noix de Coco","Vanille;Bois de santal;Café;Clou de girofle",,longue tenue,modéré (e),,,,,,,3.73
Montale,Sweet Vanilla,https://www.fragrantica.fr/parfum/Montale/Sweet-Vanilla-39411.html,unisexe,Eau de Parfum,2015,"vanilla;powdery;fruity;sweet;lactonic;balsamic;soft spicy;animalic",,,,"Vanille;Abricot",,,,,,,,,3.99
Montale,Tropical Wood,https://www.fragrantica.fr/parfum/Montale/Tropical-Wood-35972.html,unisexe,Eau de Parfum,2016,"fruity;sweet;tropical;oud;rose;powdery;fresh;musky","Oud;Fruit de la passion;Ananas;Bergamote","Rose de Bulgarie;Violette","Musc blanc;Cuir;Vanille de Madagascar",,longue tenue,puissant,,,,,,,3.47
Montale,Vanilla Cake,https://www.fragrantica.fr/parfum/Montale/Vanilla-Cake-48948.html,unisexe,Eau de Parfum,2018,"sweet;vanilla;lactonic;powdery;caramel;almond;nutty;fruity",,,,"Meringue;Vanille de Madagascar;Lait;Caramel;Amande",,,,,,,,,3.58
Montale,Vanilla Extasy,https://www.fragrantica.fr/parfum/Montale/Vanilla-Extasy-4059.html,femme,Eau de Parfum,2008,"vanilla;woody;amber;powdery;sweet;fruity;balsamic;floral;f_gender","Abricot;Fleur d'abricotier","Vanille;Ylang-ylang;Jasmin","Benjoin;Bois de santal;Résines;Acajou",,longue tenue,modéré (e),,,,,,,3.76
Montale,Vanille Absolu,https://www.fragrantica.fr/parfum/Montale/Vanille-Absolu-4064.html,femme,Eau de Parfum,2008,"vanilla;warm spicy;powdery;cinnamon;woody;sweet;balsamic;soft spicy;f_gender",,,,"Vanille;Cannelle;Notes boisées;Clou de girofle",longue tenue,modéré (e),,,,,,,3.99
Montale,Velvet Fantasy,https://www.fragrantica.fr/parfum/Montale/Velvet-Fantasy-59891.html,femme,Eau de Parfum,2020,"fruity;amber;powdery;musky;sweet;citrus;violet;rose;f_gender","Notes fruitées;Agrumes;Notes solaires","Violette;Rose","Musc blanc;Encens;Ambre",,longue tenue,puissant,,,,,,,3.62
Montale,Velvet Flowers,https://www.fragrantica.fr/parfum/Montale/Velvet-Flowers-9561.html,femme,Eau de Parfum,2008,"fruity;woody;floral;warm spicy;rose;sweet;yellow floral;musky;f_gender",,,,"Notes fruitées;Safran;Rose;Fleur de pêcher;Ylang-ylang;Baume gurjum;Musc;Bois de santal;Jasmin",très longue tenue,énorme,,,,,,,3.64
Montale,Vetiver Patchouli,https://www.fragrantica.fr/parfum/Montale/Vetiver-Patchouli-54890.html,unisexe,Eau de Parfum,2019,"woody;earthy;patchouli;soft spicy;aromatic;warm spicy;powdery;balsamic","Carotte;Poivre rose","Vétiver;Jasmin",Feuille de patchouli,,modéré (e),modéré (e),,,,,,,4.13
Montale,White Aoud,https://www.fragrantica.fr/parfum/Montale/White-Aoud-1146.html,unisexe,Eau de Parfum,2006,"warm spicy;oud;woody;rose;amber;vanilla;powdery;aromatic",,,,"Oud;Rose;Safran;Vanille;Bois de santal;Ambre;Ciste de France;Cardamome;Patchouli;Vétiver;Jasmin",très longue tenue,énorme,,,,,,,3.93
Montale,White Musk,https://www.fragrantica.fr/parfum/Montale/White-Musk-3770.html,unisexe,Eau de Parfum,2007,"musky;powdery;ozonic;yellow floral;aquatic;sweet;woody;animalic",,,,"Musc;Feuille de violette;Ylang-ylang",longue tenue,modéré (e),,,,,,,3.67
Montale,Wild Aoud,https://www.fragrantica.fr/parfum/Montale/Wild-Aoud-6647.html,unisexe,Eau de Parfum,2009,"fresh spicy;aromatic;oud;herbal;woody;citrus;tobacco;patchouli",,,,"Oud;Géranium;Bergamote;Tabac;Patchouli;Armoise;Bois de teck;Ambre",longue tenue,puissant,,,,,,,3.98
Montale,Wild Pears,https://www.fragrantica.fr/parfum/Montale/Wild-Pears-12302.html,unisexe,Eau de Parfum,2011,"fruity;sweet;floral;warm spicy;powdery;fresh;aquatic;musky","Poire;Bergamote","Œillet;Muguet","Musc;Vanille;Bois de santal",,,,,,,,,,3.72
Montale,Wood and Spices,https://www.fragrantica.fr/parfum/Montale/Wood-and-Spices-1147.html,homme,Eau de Parfum,2005,"woody;warm spicy;amber;oud;aromatic;balsamic;smoky;powdery;f_gender",,,,"Bois de santal;Encens;Vétiver;Oud",,,,,,,,,3.66
Montale,Wood On Fire,https://www.fragrantica.fr/parfum/Montale/Wood-On-Fire-71301.html,unisexe,Eau de Parfum,2021,"woody;smoky;oud;powdery;vanilla;amber;aromatic;earthy",,,,"Fumée;Oud;Bois de santal;Ambre;Vanille;Racine de vétiver",longue tenue,puissant,,,,,,,3.74
Montale,Diamond Flowers,https://www.fragrantica.fr/parfum/Montale/Diamond-Flowers-44865.html,femme,Extrait de Parfum,2017,"powdery;woody;amber;vanilla;iris;rose;earthy;white floral;f_gender","Fleur d'iris;Rose;Jasmin","Ambre;Vanille","Bois de santal;Mousse",,,,,,,,,,3.85
Montale,Diamond Greedy,https://www.fragrantica.fr/parfum/Montale/Diamond-Greedy-44867.html,femme,Extrait de Parfum,2017,"fruity;citrus;sweet;rose;musky;vanilla;patchouli;powdery;f_gender","Poire;Mandarine","Rose;Vanille;Jasmin","Musc blanc;Patchouli",,modéré (e),modéré (e),,,,,,,3.47
Montale,Diamond Rose,https://www.fragrantica.fr/parfum/Montale/Diamond-Rose-44866.html,femme,Eau de Parfum,2017,"rose;woody;green;fresh spicy;citrus;fresh;aromatic;floral;f_gender","Feuille de figuier;Bergamote;Géranium","Rose de Turquie;Patchouli","Bois de santal;Vanille",,faible,modéré (e),,,,,,,3.63
Montale,Rendez-Vous Chez Harrods,https://www.fragrantica.fr/parfum/Montale/Rendez-Vous-Chez-Harrods-93893.html,unisexe,Eau de Parfum,2024,"woody;warm spicy;caramel;amber;animalic;sweet;citrus;vanilla","Bois d'agar du Cambodge;Bergamote;Safran indien;Poivre rose","Cuir noir;Rose;Patchouli","Caramel;Fève de tonka;Mousse de chêne;Musc blanc;Ambre;Bois de santal",,longue tenue,puissant,,,,,,,3.90
Montale,Amandes Orientales,https://www.fragrantica.fr/parfum/Montale/Amandes-Orientales-3758.html,unisexe,Eau de Parfum,2010,"almond;vanilla;nutty;fruity;sweet;powdery;floral;balsamic",,,,"Amande;Vanille",,,,,,,,,3.46
Montale,Aoud Amber Rose,https://www.fragrantica.fr/parfum/Montale/Aoud-Amber-Rose-12304.html,unisexe,Eau de Parfum,2010,"rose;oud;woody;citrus;warm spicy;musky;fresh spicy;floral",,,,"Rose;Oud;Pamplemousse;Gaïac;Safran;Musc blanc;Cèdre de Virginie",,,,,,,,,3.49
Montale,Aoud Ambre,https://www.fragrantica.fr/parfum/Montale/Aoud-Ambre-3671.html,unisexe,Eau de Parfum,2006,"amber;rose;oud;floral;musky;woody;fresh spicy;animalic",,,,"Rose;Oud;Ambre;Ciste de France",très longue tenue,énorme,,,,,,,3.42
Montale,Aoud Blossom,https://www.fragrantica.fr/parfum/Montale/Aoud-Blossom-14782.html,unisexe,Eau de Parfum,2008,"floral;white floral;tuberose;woody;yellow floral;oud;citrus;powdery","Mandarine;Bergamote","Tubéreuse;Ylang-ylang;Notes fleuries;Jasmin;Rose;Violette","Oud;Bois de santal;Carthame des teinturiers;Musc",,très longue tenue,énorme,,,,,,,3.37
Montale,Aoud Collection - Golden Aoud,https://www.fragrantica.fr/parfum/Montale/Aoud-Collection-Golden-Aoud-3240.html,unisexe,Eau de Parfum,2008,"rose;oud;warm spicy;woody;fresh spicy;leather;aromatic;patchouli","Rose;Géranium;Patchouli","Cuir;Piment","Oud;Safran;Bois de teck;Cèdre",,très longue tenue,puissant,,,,,,,3.76
Montale,Aoud Damascus,https://www.fragrantica.fr/parfum/Montale/Aoud-Damascus-1140.html,femme,Eau de Parfum,2006,"rose;oud;fresh spicy;amber;floral;woody;aromatic;warm spicy;f_gender",,,,"Rose;Oud;Résine oliban;Baume gurjum;Carthame des teinturiers",longue tenue,puissant,,,,,,,3.96
Montale,Aoud Ever,https://www.fragrantica.fr/parfum/Montale/Aoud-Ever-16292.html,unisexe,Eau de Parfum,2012,"citrus;woody;fresh spicy;aromatic;oud;earthy;warm spicy;leather","Cédrat;Bergamote;Oud;Mandarine de Calabre","Vétiver;Santal blanc;Poivre noir;Patchouli","Cuir;Ambre gris;Fève de tonka",,longue tenue,puissant,,,,,,,3.82
Montale,Aoud Greedy,https://www.fragrantica.fr/parfum/Montale/Aoud-Greedy-18022.html,unisexe,Extrait de Parfum,2013,"soft spicy;woody;patchouli;earthy;amber;sweet;aromatic;balsamic","Réglisse;Citron","Patchouli;Ambre;Notes fleuries","Vétiver;Musc blanc",,longue tenue,puissant,,,,,,,3.79
Montale,Aoud Jasmine,https://www.fragrantica.fr/parfum/Montale/Aoud-Jasmine-42874.html,unisexe,Eau de Parfum,2016,"white floral;fruity;oud;fresh;citrus;musky;rose;green","Pomme;Poire;Mandarine","Jasmin d'Inde;Oud;Rose","Musc;Ambre",,,,,,,,,,3.75
Montale,Aoud Lavender,https://www.fragrantica.fr/parfum/Montale/Aoud-Lavender-30507.html,unisexe,Eau de Parfum,2015,"lavender;powdery;oud;warm spicy;fresh spicy;aromatic;woody;citrus","Lavande;Safran;Bergamote;Citron","Patchouli;Fleurs","Oud;Notes poudrées;Bois de santal;Musc blanc;Ambre",,très longue tenue,énorme,,,,,,,3.61
Montale,Aoud Legend,https://www.fragrantica.fr/parfum/Montale/Aoud-Legend-40907.html,unisexe,Eau de Parfum,2016,"woody;leather;amber;oud;animalic;warm spicy;earthy;balsamic","Cuir;Oud;Safran","Bois de santal;Patchouli;Rose;Vétiver","Ambre gris;Mousse de chêne;Ciste",,,,,,,,,,3.98
Montale,Aoud Melody,https://www.fragrantica.fr/parfum/Montale/Aoud-Melody-23364.html,unisexe,Eau de Parfum,2014,"warm spicy;oud;aromatic;leather;woody;balsamic;rose;powdery","Oud;Élémi;Safran;Cuir;Clou de girofle","Rose;Ylang-ylang;Jasmin","Ambre;Bois de santal;Musc",,longue tenue,puissant,,,,,,,3.87
Montale,Aoud Red Flowers,https://www.fragrantica.fr/parfum/Montale/Aoud-Red-Flowers-4060.html,unisexe,Eau de Parfum,2008,"rose;warm spicy;oud;aromatic;balsamic;fresh spicy;woody;floral",,,,"Tagètes;Rose;Oud;Safran;Bois de santal",,,,,,,,,3.88
Montale,Aoud Rose Petals,https://www.fragrantica.fr/parfum/Montale/Aoud-Rose-Petals-1141.html,femme,Eau de Parfum,2005,"rose;woody;oud;fresh spicy;warm spicy;aromatic;amber;floral;f_gender",,,,"Rose hybride de thé;Oud;Géranium;Safran;Ambre;Bois de teck;Cèdre;Gaïac",,,,,,,,,3.68
Montale,Aoud Shiny,https://www.fragrantica.fr/parfum/Montale/Aoud-Shiny-4982.html,unisexe,Eau de Parfum,2008,"woody;oud;rose;patchouli;earthy;warm spicy;ozonic;balsamic",,,,"Oud;Rose de Bulgarie;Patchouli;Huile essentielle de cypriol;Feuille de violette;Bois de santal",très longue tenue,puissant,,,,,,,3.64
Montale,Aoud Velvet,https://www.fragrantica.fr/parfum/Montale/Aoud-Velvet-3786.html,unisexe,Eau de Parfum,2006,"white floral;sweet;oud;vanilla;woody;yellow floral;powdery;warm spicy","Fleur de tiaré;Ylang-ylang;Fleur d'oranger d'Afrique",Oud,"Vanille;Bois de santal;Fève de tonka",,très longue tenue,énorme,,,,,,,3.70
Montale,Aromatic Lime,https://www.fragrantica.fr/parfum/Montale/Aromatic-Lime-1145.html,unisexe,Eau de Parfum,2010,"citrus;woody;green;aromatic;warm spicy;patchouli;earthy;balsamic",,,,"Citron vert;Férule gommeuse;Patchouli;Vétiver;Bigarade;Myrrhe;Safran;Bois de santal",très longue tenue,énorme,,,,,,,3.50
Montale,Bengal Oud,https://www.fragrantica.fr/parfum/Montale/Bengal-Oud-57382.html,unisexe,Eau de Parfum,2019,"woody;citrus;leather;powdery;aromatic;animalic;earthy;oud","Bigarade;Bergamote;Oud","Cuir;Rose de Bulgarie;Iris;Patchouli;Jasmin d'Egypte","Vétiver de Haïti;Musc blanc;Bois de santal;Cèdre;Ambre",,,,,,,,,,3.82
Montale,Candy Rose,https://www.fragrantica.fr/parfum/Montale/Candy-Rose-16293.html,femme,Eau de Parfum,2012,"fruity;rose;citrus;musky;white floral;sweet;floral;fresh;f_gender","Litchi;Framboise;Cassis;Orange sanguine;Mandarine","Rose;Patchouli;Muguet;Jasmin","Musc blanc;Vanille;Fleur d'oranger",,modéré (e),modéré (e),,,,,,,3.45
Montale,Chypre Fruite,https://www.fragrantica.fr/parfum/Montale/Chypre-Fruite-3756.html,unisexe,Eau de Parfum,2009,"tropical;mossy;fruity;earthy;woody;citrus;fresh;musky",,,,"Fruits tropicaux;Mousse de chêne;Bergamote;Musc;Jasmin;Patchouli;Rose",longue tenue,modéré (e),,,,,,,3.76
Montale,Chypre Vanille,https://www.fragrantica.fr/parfum/Montale/Chypre-Vanille-8814.html,unisexe,Eau de Parfum,2006,"amber;woody;vanilla;powdery;iris;balsamic;warm spicy;earthy",Rose,"Encens;Vanille;Ambre","Iris;Bois de santal;Vétiver;Fève de tonka",,très longue tenue,puissant,,,,,,,3.57
Montale,Crystal Aoud,https://www.fragrantica.fr/parfum/Montale/Crystal-Aoud-4983.html,unisexe,Eau de Parfum,2008,"oud;woody;fruity;warm spicy;fresh;ozonic;aquatic;vanilla","Melon;Pomme verte;Mandarine","Oud;Bois de teck;Patchouli;Bois de santal","Vanille;Safran;Musc blanc",,,,,,,,,,3.79
Montale,Deep Roses,https://www.fragrantica.fr/parfum/Montale/Deep-Roses-6648.html,unisexe,Eau de Parfum,2009,"rose;floral;oud;fresh;musky;citrus;amber;powdery",,,,"Rose;Pivoine;Oud;Musc;Ambre;Mandarine",très longue tenue,énorme,,,,,,,3.85
Montale,Dew Musk,https://www.fragrantica.fr/parfum/Montale/Dew-Musk-3771.html,unisexe,Eau de Parfum,2008,"woody;musky;yellow floral;sweet;patchouli;white floral;powdery;warm spicy",,,,"Musc;Ylang-ylang;Patchouli;Fleur d'oranger;Grenade",,,,,,,,,2.95
Montale,Embruns d'Essaouira,https://www.fragrantica.fr/parfum/Montale/Embruns-d-Essaouira-3760.html,unisexe,Eau de Parfum,2009,"marine;aromatic;warm spicy;woody;salty;powdery;musky;aquatic",,,,"Eau de mer;Notes épicées;Bois de santal;Musc",longue tenue,puissant,,,,,,,3.68
Montale,Fantastic Basilic,https://www.fragrantica.fr/parfum/Montale/Fantastic-Basilic-74106.html,unisexe,Eau de Parfum,2022,"fresh spicy;aromatic;green;citrus;tuberose;fresh;amber;herbal","Basilic;Kumquat;Poire","Tubéreuse;Frangipanier","Benjoin;Fève de tonka",,modéré (e),modéré (e),,,,,,,3.49
Montale,Fruits of the Musk,https://www.fragrantica.fr/parfum/Montale/Fruits-of-the-Musk-5143.html,unisexe,Eau de Parfum,2008,"fruity;sweet;rose;musky;citrus;powdery;green;aromatic",,,,"Framboise;Mûre;Musc;Rose;Feuille de fraisier;Bergamote;Mandarine",longue tenue,modéré (e),,,,,,,3.71
Montale,Ginger Musk,https://www.fragrantica.fr/parfum/Montale/Ginger-Musk-2187.html,unisexe,Eau de Parfum,2006,"fruity;musky;fresh;sweet;fresh spicy;powdery;sour;citrus",,,,"Musc;Gingembre;Fruits rouges;Mûre",longue tenue,puissant,,,,,,,3.55
Montale,Gold Flowers,https://www.fragrantica.fr/parfum/Montale/Gold-Flowers-12305.html,unisexe,Eau de Parfum,2009,"tuberose;warm spicy;white floral;woody;amber;animalic;powdery;oud",,,,"Tubéreuse;Clou de girofle;Bois de santal;Ambre;Poivre rouge;Oud",longue tenue,puissant,,,,,,,3.84
Montale,Greyland,https://www.fragrantica.fr/parfum/Montale/Greyland-3762.html,unisexe,Eau de Parfum,2006,"woody;fresh spicy;aromatic;powdery;leather;warm spicy;earthy;animalic",,,,,,,,,,,,,4.06
Montale,Highness Rose,https://www.fragrantica.fr/parfum/Montale/Highness-Rose-4062.html,femme,Eau de Parfum,2012,"rose;floral;warm spicy;violet;powdery;citrus;fresh;woody;f_gender",,,,"Rose de Bulgarie;Epices;Violette",longue tenue,puissant,,,,,,,3.67
Montale,Louban,https://www.fragrantica.fr/parfum/Montale/Louban-8982.html,unisexe,Eau de Parfum,2009,"amber;rose;woody;oud;warm spicy;balsamic;smoky;ozonic",,,,"Rose;Oud;Encens;Résine oliban;Feuille de violette;Musc;Patchouli;Bois de santal",très longue tenue,énorme,,,,,,,3.79
Montale,Moon Aoud,https://www.fragrantica.fr/parfum/Montale/Moon-Aoud-12135.html,unisexe,Eau de Parfum,2011,"leather;warm spicy;oud;woody;rose;animalic;earthy;metallic","Oud;Rose;Safran","Cuir;Vétiver;Patchouli","Bois de santal;Ambre",,très longue tenue,énorme,,,,,,,3.64
Montale,Orange Flowers,https://www.fragrantica.fr/parfum/Montale/Orange-Flowers-30510.html,unisexe,Eau de Parfum,2015,"white floral;citrus;sweet;honey;yellow floral;woody;warm spicy;floral","Mandarine;Epices;Citron","Fleur d'oranger;Miel;Jasmin;Ylang-ylang;Patchouli","Vanille;Musc blanc;Mousse de chêne;Cèdre",,,,,,,,,,3.79
Montale,Orchid Powder,https://www.fragrantica.fr/parfum/Montale/Orchid-Powder-48947.html,unisexe,Eau de Parfum,2018,"sweet;yellow floral;floral;coconut;white floral;lactonic;woody;powdery",,,,"Orchidée;Ylang-ylang;Noix de Coco;Fleurs blanches",très longue tenue,énorme,,,,,,,3.52
Montale,Orient Extreme,https://www.fragrantica.fr/parfum/Montale/Orient-Extreme-3757.html,unisexe,Eau de Parfum,2005,"warm spicy;amber;rose;woody;powdery;musky;vanilla;balsamic",,,,"Epices;Benjoin;Rose;Bois de santal;Musc",très longue tenue,puissant,,,,,,,3.44
Montale,Oriental Flowers,https://www.fragrantica.fr/parfum/Montale/Oriental-Flowers-3242.html,femme,Eau de Parfum,2008,"balsamic;woody;amber;yellow floral;rose;iris;floral;citrus;f_gender","Ylang-ylang;Rose;Bergamote","Racine d'iris;Jasmin",Baumier du Pérou,,,,,,,,,,3.65
Montale,Original Aoud,https://www.fragrantica.fr/parfum/Montale/Original-Aoud-17324.html,unisexe,Eau de Parfum,2007,"oud;fresh spicy",,,,Oud,très longue tenue,énorme,,,,,,,3.65
Montale,Pink Extasy,https://www.fragrantica.fr/parfum/Montale/Pink-Extasy-28119.html,femme,Eau de Parfum,2014,"fruity;sweet;powdery;rose;citrus;iris;musky;vanilla;f_gender","Tangerine;Orange;Poivre noir","Rose de Turquie;Iris;Fleur d'oranger;Jasmin","Framboise;Musc blanc;Vanille;Pêche",,,,,,,,,,3.39
Montale,Royal Aoud,https://www.fragrantica.fr/parfum/Montale/Royal-Aoud-3675.html,unisexe,Eau de Parfum,2005,"citrus;oud;warm spicy;rose;fresh spicy;aromatic;sweet;coconut",,,,"Oud;Kumquat;Epices indiennes;Pamplemousse;Rose;Pêche;Noix de Coco",,,,,,,,,3.80
Montale,Sandal Sliver,https://www.fragrantica.fr/parfum/Montale/Sandal-Sliver-3765.html,unisexe,Eau de Parfum,2007,"woody;floral;powdery;vanilla;citrus;warm spicy;fresh;balsamic",,,,"Bois de santal;Fleurs;Vanille;Agrumes",très longue tenue,puissant,,,,,,,3.62
Montale,Sliver Aoud,https://www.fragrantica.fr/parfum/Montale/Sliver-Aoud-4981.html,homme,Eau de Parfum,2008,"aromatic;fresh spicy;woody;lavender;citrus;oud;herbal;fresh;f_gender",,,,"Lavande;Limone Costa d'Amalfi;Oud;Romarin;Cèdre;Géranium;Vétiver;Fève de tonka;Muguet",longue tenue,puissant,,,,,,,3.42
Montale,So Flowers,https://www.fragrantica.fr/parfum/Montale/So-Flowers-9223.html,femme,Eau de Parfum,2010,"floral;yellow floral;powdery;iris;musky;rose;green;white floral;f_gender",,,,"Jacinthe;Ylang-ylang;Iris;Musc;Jasmin;Rose",longue tenue,puissant,,,,,,,3.17
Montale,Soleil de Capri for Gold Apple,https://www.fragrantica.fr/parfum/Montale/Soleil-de-Capri-for-Gold-Apple-71857.html,unisexe,Eau de Parfum,2022,"citrus;fresh;white floral;musky;aromatic;warm spicy;fresh spicy;powdery","Kumquat;Agrumes;Pamplemousse",Fleurs blanches,"Epices;Musc",,modéré (e),modéré (e),,,,,,,3.93
Montale,Steam Aoud (Aoud Hoggar Mota),https://www.fragrantica.fr/parfum/Montale/Steam-Aoud-Aoud-Hoggar-Mota-3676.html,unisexe,Eau de Parfum,2006,"oud;amber;fresh spicy;tobacco;aromatic;sweet;animalic;powdery",,,,"Oud;Ambre;Carvi;Feuille de tabac",,,,,,,,,3.78
Montale,Taif Roses,https://www.fragrantica.fr/parfum/Montale/Taif-Roses-14783.html,unisexe,Eau de Parfum,2007,"rose;floral;citrus",,,,Rose,longue tenue,énorme,,,,,,,3.51
Montale,The New Rose,https://www.fragrantica.fr/parfum/Montale/The-New-Rose-40906.html,unisexe,Eau de Parfum,2016,"fruity;rose;sweet;citrus;woody;floral;yellow floral;white floral","Rose de Bulgarie;Citron;Framboise;Cassis;Pêche","Rose;Ylang-ylang;Muguet","Bois de santal;Vanille",,,,,,,,,,3.54
Montale,Vetiver Des Sables,https://www.fragrantica.fr/parfum/Montale/Vetiver-Des-Sables-3769.html,unisexe,Eau de Parfum,2006,"aromatic;woody;marine;warm spicy;earthy;salty;aquatic;green",,,,"Notes marines;Vétiver;Epices indiennes;Acajou",,,,,,,,,3.63
Matiere Premiere,Bois d'Ebene,https://www.fragrantica.fr/parfum/Matiere-Premiere/Bois-d-Ebene-59062.html,unisexe,Eau de Parfum,2019,"woody;earthy;patchouli;aromatic;warm spicy;fresh spicy;smoky;balsamic",Baies de genévrier,Gaïac,"Huile essentielle de cypriol;Patchouli",,longue tenue,modéré (e),,,,,,,3.95
Matiere Premiere,Cologne Cedrat,https://www.fragrantica.fr/parfum/Matiere-Premiere/Cologne-Cedrat-59059.html,unisexe,Eau de Parfum,2019,"fresh spicy;citrus;aromatic;soft spicy;green;woody;fresh;musky",Bergamote,"Poivre rose;Poivre noir",Maté,,,,,,,,,,4.01
Matiere Premiere,Crystal Saffron,https://www.fragrantica.fr/parfum/Matiere-Premiere/Crystal-Saffron-76131.html,unisexe,Eau de Parfum,2022,"warm spicy;amber;musky;metallic;leather;tobacco;powdery;smoky",Musc,Safran,"Ambroxan;Encens",,,,,,,,,,3.86
Matiere Premiere,Encens Suave,https://www.fragrantica.fr/parfum/Matiere-Premiere/Encens-Suave-59060.html,unisexe,Eau de Parfum,2019,"amber;warm spicy;vanilla;balsamic;smoky;coffee;woody;powdery",Café,"Encens;Vanille de Madagascar","Benjoin;Ciste",,,,,,,,,,4.23
Matiere Premiere,Falcon Leather,https://www.fragrantica.fr/parfum/Matiere-Premiere/Falcon-Leather-59057.html,unisexe,Eau de Parfum,2019,"leather;amber;warm spicy;oud;smoky;metallic;animalic;tobacco","Safran;Ciste",Goudron de bouleau,"Oud;Benjoin",,longue tenue,puissant,,,,,,,4.13
Matiere Premiere,French Flower,https://www.fragrantica.fr/parfum/Matiere-Premiere/French-Flower-73007.html,unisexe,Eau de Parfum,2022,"white floral;tuberose;fruity;amber;sweet;fresh;green;animalic","Poire;Gingembre du Nigeria","Tubéreuse;Fleur d'oranger;Thé chinois",Ambroxan,,longue tenue,modéré (e),,,,,,,3.81
Matiere Premiere,Metal Lavender,https://www.fragrantica.fr/parfum/Matiere-Premiere/Metal-Lavender-131224.html,unisexe,Extrait de Parfum,2026,"musky;lavender;powdery;woody;aromatic;amber;fresh spicy;herbal",,,,"Lavande;Lavande sauvage;Musc;Bois de cachemire",,,,,,,,,3.37
Matiere Premiere,Neroli Oranger,https://www.fragrantica.fr/parfum/Matiere-Premiere/Neroli-Oranger-59058.html,unisexe,Eau de Parfum,2019,"white floral;citrus;sweet;musky;fresh spicy;yellow floral;soapy;fresh","Néroli;Bergamote",Fleur d'oranger de Tunisie,"Musc;Ylang-ylang",,modéré (e),modéré (e),,,,,,,4.21
Matiere Premiere,Oud Seven,https://www.fragrantica.fr/parfum/Matiere-Premiere/Oud-Seven-68858.html,unisexe,Eau de Parfum,2021,"woody;earthy;oud;amber;patchouli;ozonic;tobacco;aromatic",,,,"Oud;Huile essentielle de cypriol;Feuille de patchouli d'Indonésie;Vétiver de Haïti;Feuille de violette;Tabac;Ambre;Ciste",longue tenue,puissant,,,,,,,4.15
Matiere Premiere,Parisian Musc,https://www.fragrantica.fr/parfum/Matiere-Premiere/Parisian-Musc-59063.html,unisexe,Eau de Parfum,2019,"musky;amber;woody;floral;powdery;aromatic;balsamic;animalic",Cèdre de Virginie,Ambrette,"Musc;Ambrettolide;Ambroxan",,longue tenue,modéré (e),,,,,,,3.98
Matiere Premiere,Radical Rose,https://www.fragrantica.fr/parfum/Matiere-Premiere/Radical-Rose-66043.html,unisexe,Extrait de Parfum,2020,"rose;warm spicy;patchouli;woody;amber;fresh spicy;earthy;floral",,,,"Rose;Patchouli;Safran;Ciste;Poivre",,,,,,,,,4.16
Matiere Premiere,Santal Austral,https://www.fragrantica.fr/parfum/Matiere-Premiere/Santal-Austral-59061.html,unisexe,Eau de Parfum,2019,"woody;powdery;amber;warm spicy;vanilla;iris;balsamic;violet",Iris,Bois de santal,"Fève de tonka;Benjoin",,,,,,,,,,3.89
Matiere Premiere,Vanilla Powder,https://www.fragrantica.fr/parfum/Matiere-Premiere/Vanilla-Powder-84933.html,unisexe,Extrait de Parfum,2023,"vanilla;powdery;musky;woody;sweet;coconut;citrus;aromatic","Poudre de Coco;Héliotrope",Vanille de Madagascar,"Absolu de vanille;Musc blanc;Musc;Palo santo;Noix de Coco;Lactones",,,,,,,,,,3.77
Matiere Premiere,Black Currant Extrait,https://www.fragrantica.fr/parfum/Matiere-Premiere/Black-Currant-Extrait-136686.html,unisexe,Extrait de Parfum,2026,"fruity;woody;patchouli;leather;animalic;soft spicy;warm spicy;earthy",Cassis,"Patchouli;Cuir;Oxyde de rose",Oud,,longue tenue,puissant,,,,,,,4.24
Matiere Premiere,Crystal Saffron Extrait,https://www.fragrantica.fr/parfum/Matiere-Premiere/Crystal-Saffron-Extrait-96551.html,unisexe,Extrait de Parfum,2024,"amber;warm spicy;metallic;leather;balsamic;musky;tobacco;fresh spicy",Habanolide®,Safran,"Myrrhe;Ambroxan;Encens",,très longue tenue,puissant,,,,,,,4.34
Matiere Premiere,Encens Suave Extrait,https://www.fragrantica.fr/parfum/Matiere-Premiere/Encens-Suave-Extrait-96554.html,unisexe,Extrait de Parfum,2024,"amber;warm spicy;vanilla;balsamic;coffee;fresh spicy;woody;powdery",Café,"Encens;Absolu de vanille","Benjoin de Siam;Ciste d'Espagne;Ambre",,,,,,,,,,4.27
Matiere Premiere,Falcon Leather Extrait,https://www.fragrantica.fr/parfum/Matiere-Premiere/Falcon-Leather-Extrait-96042.html,unisexe,Extrait de Parfum,2024,"leather;amber;warm spicy;smoky;metallic;animalic;musky;tobacco",Safran,Goudron de bouleau,"Ciste;Benjoin",,très longue tenue,puissant,,,,,,,4.25
Matiere Premiere,Radical Rose Extrait,https://www.fragrantica.fr/parfum/Matiere-Premiere/Radical-Rose-Extrait-96552.html,unisexe,Extrait de Parfum,2024,"warm spicy;rose;patchouli;woody;fresh spicy;earthy;leather;metallic",,,,"Rose de Mai;Patchouli;Safran;Poivre;Immortelle;Ciste d'Espagne",très longue tenue,puissant,,,,,,,4.47
Matiere Premiere,Santal Austral Extrait,https://www.fragrantica.fr/parfum/Matiere-Premiere/Santal-Austral-Extrait-96553.html,unisexe,Extrait de Parfum,2024,"warm spicy;woody;amber;powdery;aromatic;vanilla;iris;balsamic","Iris;Lait d'amande",Santal d'Australie,"Cardamome noire;Fève de tonka;Benjoin de Siam",,,,,,,,,,4.02
Matiere Premiere,Vanilla Powder,https://www.fragrantica.fr/parfum/Matiere-Premiere/Vanilla-Powder-112581.html,unisexe,Extrait de Parfum,2025,"vanilla;powdery;sweet;musky;woody;amber;aromatic;balsamic",,,,"Vanille;Poudre de Coco;Fève de tonka;Musc blanc;Palo santo",longue tenue,puissant,,,,,,,4.14
Nishane,Meant To Be Seen,https://www.fragrantica.fr/parfum/Nishane/Meant-To-Be-Seen-116224.html,unisexe,Eau de Parfum,2025,"powdery;woody;iris;violet;musky;oud;earthy;floral","Violette;Bergamote","Racine d'iris;Moxalone;Civettone","Bois d'Akigala;Sésame;Ambrettolide;Bois de santal",,,,,,,,,,4.17
Nishane,Meltemia,https://www.fragrantica.fr/parfum/Nishane/Meltemia-137049.html,unisexe,Extrait de Parfum,2026,"citrus;fresh spicy;woody;fresh;aromatic;balsamic;white floral;amber","Bigarade;Bergamote;Gingembre;Citron;Romarin","Baumier du Pérou;Fleur d'oranger;Petalia;Petit-grain","Bois d'Akigala;Ambreine;Bois de santal",,très longue tenue,énorme,,,,,,,3.95
Nishane,Nanshe,https://www.fragrantica.fr/parfum/Nishane/Nanshe-64093.html,unisexe,Eau de Parfum,2020,"powdery;floral;woody;warm spicy;musky;rose;iris;citrus","Graines de carotte;Cardamome;Yuzu;Bergamote","Rose;Notes fleuries;Eau fruitée;Ylang-ylang;Jasmin Sambac","Notes poudrées;Racine d'iris;Musc;Bois de santal;Patchouli",,,,,,,,,,3.74
Nishane,A Date With Oud,https://www.fragrantica.fr/parfum/Nishane/A-Date-With-Oud-114860.html,unisexe,Eau de Parfum,2025,"sweet;oud;fresh spicy;leather;amber;citrus;fruity;vanilla","Dattes;Pamplemousse;Poivre noir","Cuir;Encens","Oud;Fève de tonka",,,,,,,,,,3.53
Nishane,Duftblüten,https://www.fragrantica.fr/parfum/Nishane/Duftblueten-30582.html,unisexe,Eau de Parfum,2015,"floral;mossy;earthy;woody;fruity;amber;patchouli;warm spicy","Gardénia;Magnolia","Osmanthus;Patchouli","Mousse de chêne;Encens",,,,,,,,,,3.84
Nishane,Rosa Turca,https://www.fragrantica.fr/parfum/Nishane/Rosa-Turca-30585.html,unisexe,Eau de Parfum,2014,"rose;musky;white floral;yellow floral;floral;powdery;sweet;woody","Rose;Ylang-ylang","Jasmin;Jasmin d'Egypte","Rose;Musc",,,,,,,,,,3.64
Nishane,Tuberoza,https://www.fragrantica.fr/parfum/Nishane/Tuberoza-30581.html,unisexe,Eau de Parfum,2014,"white floral;tuberose;aromatic;sweet;animalic;woody;yellow floral;herbal","Ylang-ylang;Fleur d'oranger;Armoise;Orange douce","Tubéreuse;Gardénia;Jasmin;Souci","Vétiver;Ambre;Musc;Bois de santal",,longue tenue,puissant,,,,,,,4.02
Nishane,Vjola,https://www.fragrantica.fr/parfum/Nishane/Vjola-30584.html,unisexe,Eau de Parfum,2014,"white floral;powdery;violet;floral;vanilla;tuberose;fresh;herbal","Violette;Tubéreuse;Muguet;Souci","Iris;Jasmin;Rose;Magnolia","Héliotrope;Immortelle;Vanille;Chèvrefeuille",,,,,,,,,,3.87
Nishane,Shinanay,https://www.fragrantica.fr/parfum/Nishane/Shinanay-91734.html,unisexe,Eau de Parfum,2024,"white floral;woody;balsamic;amber;animalic;aromatic;green;tuberose","Férule gommeuse;Élémi;Orange sanguine;Orange","Gardénia;Tubéreuse;Cèpe;Lentisque;Magnolia;Muguet","Civette;Mousse de chêne;Opoponax;Bois de santal;Benjoin;Cèdre de l'Himalaya",,,,,,,,,,3.96
Nishane,Unutamam,https://www.fragrantica.fr/parfum/Nishane/Unutamam-54787.html,unisexe,Eau de Parfum,2019,"aromatic;fresh spicy;woody;leather;smoky;amber;musky;green","Romarin;Menthe;Genévrier;Lavande","Origan;Patchouli;Ambre;Jasmin;Œillet","Castoréum;Mousse de chêne;Ciste;Caramel",,,,,,,,,,3.81
Nishane,Colognise,https://www.fragrantica.fr/parfum/Nishane/Colognise-49401.html,unisexe,Eau de Parfum,2018,"citrus;white floral;aromatic;green;fresh;fresh spicy;musky;floral","Bergamote;Thé vert;Jasmin;Citron","Pamplemousse;Muguet","Néroli;Musc;Vétiver",,,,,,,,,,4.15
Nishane,Hespéridé Colognisé,https://www.fragrantica.fr/parfum/Nishane/Hesperide-Colognise-87331.html,unisexe,Eau de Parfum,2023,"citrus;woody;earthy;powdery;musky;fresh spicy;amber;aromatic","Orange;Bergamote;Citron vert","Jasmin;Racine d'iris;Cèdre;Bois de cachemire","Musc;Mousse;Ambre gris;Vétiver",,,,,,,,,,3.94
Nishane,Safran Colognise,https://www.fragrantica.fr/parfum/Nishane/Safran-Colognise-54790.html,unisexe,Eau de Parfum,2019,"citrus;leather;warm spicy;animalic;metallic;musky;amber;sweet","Pamplemousse rose;Cédrat;Fruit de la passion","Safran;Poivre rose;Magnolia","Cuir;Ambre gris;Musc",,longue tenue,modéré (e),,,,,,,4.34
Nishane,Favonius,https://www.fragrantica.fr/parfum/Nishane/Favonius-70388.html,unisexe,Eau de Parfum,2021,"woody;rose;oud;aromatic;fresh spicy;earthy;warm spicy;patchouli","Litchi;Encens;Poivre rose;Bergamote","Rose;Huile essentielle de cypriol;Armoise;Sauge sclarée;Géranium","Oud;Encens;Patchouli;Bois de santal;Cèdre",,,,,,,,,,4.26
Nishane,Oudous Lux Solis,https://www.fragrantica.fr/parfum/Nishane/Oudous-Lux-Solis-111174.html,unisexe,Eau de Parfum,2025,"fresh;oud;citrus;fresh spicy;fruity;floral;tropical;woody","Fruits tropicaux;Gingembre;Mandarine d'Italie;Pomelo","Miel;Calone;Mahonial;Ciste","Oud;Patchouli;Bois d'Akigala",,longue tenue,puissant,,,,,,,4.41
Nishane,B-612,https://www.fragrantica.fr/parfum/Nishane/B-612-49214.html,unisexe,Eau de Parfum,2018,"woody;aromatic;powdery;musky;fresh spicy;lavender;warm spicy;amber","Lavande;Cyprès;Géranium","Bois de cachemire;Bois de santal;Cèdre;Patchouli","Musc;Mousse de chêne;Fève de tonka",,longue tenue,modéré (e),,,,,,,4.07
Nishane,Vain & Naïve,https://www.fragrantica.fr/parfum/Nishane/Vain-Naive-49215.html,unisexe,Extrait de Parfum,2018,"fruity;sweet;woody;amber;rose;citrus;powdery;warm spicy","Orange;Bergamote","Framboise;Prune;Rose;Jasmin;Cèdre","Bois de santal;Fève de tonka;Musc;Ambre;Benjoin;Patchouli",,,,,,,,,,3.80
Nishane,Ambra Calabria,https://www.fragrantica.fr/parfum/Nishane/Ambra-Calabria-30568.html,unisexe,Eau de Parfum,2015,"green;citrus;aromatic;amber;vanilla;powdery;fresh spicy;musky","Bergamote;Feuilles vertes;Férule gommeuse","Coriandre;Jasmin","Ambre;Vanille;Musc",,,,,,,,,,4.12
Nishane,Boszporusz,https://www.fragrantica.fr/parfum/Nishane/Boszporusz-30569.html,unisexe,Eau de Parfum,2015,"aromatic;woody;white floral;marine;aquatic;green;mossy;earthy",,,,,,,,,,,,,3.97
Nishane,Munegu,https://www.fragrantica.fr/parfum/Nishane/Munegu-30573.html,unisexe,Eau de Parfum,2015,"fresh spicy;woody;warm spicy;amber;patchouli;aromatic;citrus;balsamic","Orange;Cèdre","Cumin;Cardamome;Noix de muscade;Géranium;Ylang-ylang","Patchouli;Ciste;Ambre;Résine oliban;Tabac",,,,,,,,,,4.08
Nishane,Pasion Choco,https://www.fragrantica.fr/parfum/Nishane/Pasion-Choco-30570.html,unisexe,Eau de Parfum,2013,"sweet;warm spicy;vanilla;chocolate;coffee;powdery;tropical;fruity","Fruit de la passion;Café;Pamplemousse","Chocolat noir;Orchidée;Coriandre;Fleur de tilleul","Vanille;Musc noir;Benjoin;Patchouli",,,,,,,,,,3.88
Nishane,Santalove,https://www.fragrantica.fr/parfum/Nishane/Santalove-30571.html,unisexe,Eau de Parfum,2013,"vanilla;woody;yellow floral;sweet;powdery;citrus;warm spicy;aromatic","Ylang-ylang;Bergamote",Bois de santal,"Vanille;Fève de tonka",,,,,,,,,,3.70
Nishane,Spice Bazaar,https://www.fragrantica.fr/parfum/Nishane/Spice-Bazaar-30572.html,unisexe,Eau de Parfum,2015,"fresh spicy;woody;aromatic;warm spicy;citrus;cinnamon;fresh;vanilla","Yuzu;Gingembre;Romarin;Genévrier","Cumin;Cèdre;Cannelle","Poivre noir;Safran;Vanille",,,,,,,,,,3.93
Nishane,Sultan Vetiver,https://www.fragrantica.fr/parfum/Nishane/Sultan-Vetiver-30574.html,unisexe,Eau de Parfum,2013,"aromatic;woody;earthy;citrus;fresh spicy;anis;leather;amber","Huile de vétiver de Java;Anis;Bergamote;Poivre","Vétiver bourbon;Vétiver de Haïti;Néroli;Fève de tonka","Vétiver;Cuir;Ambre",,,,,,,,,,4.02
Nishane,Wulóng Chá,https://www.fragrantica.fr/parfum/Nishane/Wulong-Cha-30567.html,unisexe,Eau de Parfum,2015,"citrus;fresh spicy;aromatic;sweet;fruity;musky;powdery;woody","Bergamote;Orange;Mandarine;Litsea Cubeba","Thé Oolong;Noix de muscade","Figue;Musc",,,,,,,,,,4.25
Nishane,Ani,https://www.fragrantica.fr/parfum/Nishane/Ani-54785.html,unisexe,Eau de Parfum,2019,"vanilla;warm spicy;woody;fresh spicy;citrus;powdery;amber;aromatic","Gingembre;Bergamote;Poivre rose;Notes vertes","Cardamome;Cassis;Rose de Turquie","Vanille;Benjoin;Bois de santal;Cèdre;Patchouli;Ambre gris;Musc",,,,,,,,,,4.26
Nishane,EGE / ΑΙΓΑΙΟ,https://www.fragrantica.fr/parfum/Nishane/EGE-AIGAIO-64092.html,unisexe,Eau de Parfum,2020,"green;fresh spicy;aromatic;citrus;ozonic;soft spicy;aquatic;anis","Feuille de violette;Yuzu;Anis","Basilic;Menthe;Cardamome","Réglisse;Résine oliban",,,,,,,,,,3.86
Nishane,Florane,https://www.fragrantica.fr/parfum/Nishane/Florane-54789.html,unisexe,Extrait de Parfum,2019,"aromatic;woody;powdery;violet;fresh;white floral;green;vanilla","Bourgeon de cassis;Pamplemousse","Violette;Muguet;Jasmin;Ambre","Cyprès du Japon;Vanille;Musc",,,,,,,,,,3.58
Nishane,Muskane,https://www.fragrantica.fr/parfum/Nishane/Muskane-54788.html,unisexe,Eau de Parfum,2019,"musky;powdery;rose;violet;amber;floral;sweet;fruity",,,,,,,,,,,,,3.96
Nishane,Hacivat Oud,https://www.fragrantica.fr/parfum/Nishane/Hacivat-Oud-80999.html,unisexe,Eau de Parfum,2023,"oud;fresh spicy;woody;sweet;fruity;citrus;patchouli;warm spicy","Ananas;Agrumes;Poivre noir;Poivre rose","Encens;Résine oliban;Jasmin","Oud;Patchouli;Vétiver de Haïti;Vanille",,,,,,,,,,4.03
Nishane,Mana,https://www.fragrantica.fr/parfum/Nishane/Mana-72701.html,unisexe,Eau de Parfum,2022,"woody;leather;warm spicy;musky;amber;oud;fresh spicy;smoky","Safran;Gingembre;Cardamome;Poivre noir","Oud;Daim;Castoréum;Rose de Turquie","Gaïac;Ciste;Résine oliban;Musc;Benjoin;Patchouli;Mousse;Bois de santal",,,,,,,,,,4.21
Nishane,Nefs,https://www.fragrantica.fr/parfum/Nishane/Nefs-54786.html,unisexe,Eau de Parfum,2019,"warm spicy;woody;floral;honey;rose;oud;whiskey;sweet","Miel;Safran;Figue;Violette;Sauge","Rose;Noix de muscade;Osmanthus;Jasmin;Géranium","Oud;Whisky;Vanille;Ambre;Cuir;Cannelle;Baume gurjum;Cèdre",,,,,,,,,,4.34
Nishane,Shem,https://www.fragrantica.fr/parfum/Nishane/Shem-66277.html,unisexe,Eau de Parfum,2021,"aromatic;rose;woody;leather;earthy;floral;fresh spicy;animalic","Rose de Turquie;Géranium;Cardamome","Huile essentielle de cypriol;Ambre;Osmanthus","Cuir;Élémi;Vétiver",,,,,,,,,,4.07
Nishane,Fan Your Flames,https://www.fragrantica.fr/parfum/Nishane/Fan-Your-Flames-37603.html,unisexe,Eau de Parfum,2016,"sweet;coconut;woody;tobacco;rum;vanilla;mossy;lactonic","Noix de Coco;Rhum","Tabac;Fève de tonka","Cèdre de Chine;Mousse de chêne",,,,,,,,,,4.02
Nishane,Hundred Silent Ways,https://www.fragrantica.fr/parfum/Nishane/Hundred-Silent-Ways-37602.html,unisexe,Extrait de Parfum,2016,"white floral;vanilla;powdery;woody;tuberose;fruity;sweet;animalic","Tubéreuse;Pêche;Mandarine","Gardénia;Jasmin;Racine d'iris","Vanille;Bois de santal;Vétiver",,,,,,,,,,4.17
Nishane,Thorns Become Roses,https://www.fragrantica.fr/parfum/Nishane/Thorns-Become-Roses-134972.html,unisexe,Eau de Parfum,2026,"warm spicy;woody;rose;patchouli;fruity;powdery;yellow floral;ozonic","Safran;Litchi;Framboise;Cardamome","Rose de Turquie;Mimosa;Feuille de violette","Patchouli;Bois de santal;Amberwood",,,,,,,,,,4.00
Nishane,Oudous Cerasus,https://www.fragrantica.fr/parfum/Nishane/Oudous-Cerasus-113630.html,unisexe,Eau de Parfum,2025,"citrus;oud;fresh;sweet;honey;woody;cherry;ozonic","Calone;Pomelo;Cerise au marasquin;Mandarine d'Italie","Rayon de miel;Mahonial;Ciste d'Espagne","Bois d'Akigala;Oud;Patchouli",,,,,,,,,,3.44
Nishane,Hacivat,https://www.fragrantica.fr/parfum/Nishane/Hacivat-44174.html,unisexe,Eau de Parfum,2017,"woody;citrus;mossy;earthy;fruity;sweet;fresh spicy;tropical",,,,,,,,,,,,,4.31
Nishane,Karagoz,https://www.fragrantica.fr/parfum/Nishane/Karagoz-44176.html,unisexe,Eau de Parfum,2017,"fruity;sweet;green;woody;earthy;aromatic;white floral;oud",,,,,,,,,,,,,3.85
Nishane,Zenne,https://www.fragrantica.fr/parfum/Nishane/Zenne-44175.html,unisexe,Extrait de Parfum,2017,"fruity;vanilla;green;aromatic;powdery;woody;rose;citrus","Cassis;Rhubarbe;Pamplemousse","Rose de Turquie;Gardénia;Bois de santal","Vanille;Ambre gris;Musc",,,,,,,,,,4.00
Nishane,Afrika Olifant,https://www.fragrantica.fr/parfum/Nishane/Afrika-Olifant-30589.html,unisexe,Eau de Parfum,2015,"amber;musky;animalic;leather;smoky;woody;oud;powdery","Myrrhe;Ambre gris;Résine oliban;Ciste","Civette;Castoréum;Cuir;Oud","Civette synthétique;Musc",,,,,,,,,,3.88
Nishane,Musiqa Oud,https://www.fragrantica.fr/parfum/Nishane/Musiqa-Oud-30588.html,unisexe,Eau de Parfum,2015,"woody;oud;earthy;warm spicy;amber;powdery;aromatic;metallic","Huile essentielle de cypriol;Amyris;Pamplemousse","Oud;Safran;Ambre","Gaïac;Bois de santal;Mousse de chêne",,,,,,,,,,3.95
Nishane,Pachuli Kozha,https://www.fragrantica.fr/parfum/Nishane/Pachuli-Kozha-30587.html,unisexe,Eau de Parfum,2015,"patchouli;warm spicy;honey;herbal;smoky;woody;fresh spicy;amber","Camomille;Armoise;Ylang-ylang;Jacinthe","Patchouli;Poivre noir","Miel;Encens;Cuir",,,,,,,,,,4.13
Nishane,Suede et Safran,https://www.fragrantica.fr/parfum/Nishane/Suede-et-Safran-30586.html,unisexe,Eau de Parfum,2015,"musky;leather;warm spicy;powdery;metallic;tobacco;fresh spicy;floral",,,,,,,,,,,,,4.22
Nishane,Deziro,https://www.fragrantica.fr/parfum/Nishane/Deziro-93684.html,unisexe,Eau de Parfum,2024,"aromatic;green;citrus;woody;marine;fresh spicy;earthy;powdery","Mandarine;Notes marines;Ambrox Super","Menthe;Huile essentielle de cypriol;Badiane de Chine;Géranium;Graines de carotte","Vétiver de Haïti;Ambrettolide;Bois de santal",,,,,,,,,,4.01
Nishane,Kredo,https://www.fragrantica.fr/parfum/Nishane/Kredo-74670.html,unisexe,Eau de Parfum,2022,"oud;warm spicy;woody;soft spicy;powdery;musky;leather;aromatic","Cardamome;Poivre rose",Osmanthus,"Oud;Daim;Bois de santal",,,,,,,,,,4.18
Nishane,Papilefiko,https://www.fragrantica.fr/parfum/Nishane/Papilefiko-74667.html,unisexe,Eau de Parfum,2022,"aromatic;fresh spicy;woody;warm spicy;herbal;lavender;fresh;conifer","Cardamome;Coriandre;Agrumes","Lavande;Armoise;Jasmin","Sapin baumier;Styrax;Mousse",,,,,,,,,,4.17
Nishane,Tempfluo,https://www.fragrantica.fr/parfum/Nishane/Tempfluo-74668.html,unisexe,Eau de Parfum,2022,"citrus;white floral;sweet;woody;warm spicy;vanilla;metallic;musky","Safran;Bergamote;Mandarine","Fleur d'oranger;Praliné;Jasmin Sambac","Bois de cachemire;Vanille;Cèdre",,,,,,,,,,3.81
Nishane,Tero,https://www.fragrantica.fr/parfum/Nishane/Tero-74669.html,unisexe,Eau de Parfum,2022,"fresh spicy;caramel;woody;warm spicy;salty;patchouli;amber;sweet","Caramel;Poivre du Sichuan;Poivre noir;Sel","Patchouli;Cannelle","Ambre;Chêne;Vétiver",,,,,,,,,,4.06
Nishane,Ani X,https://www.fragrantica.fr/parfum/Nishane/Ani-X-80464.html,unisexe,Eau de Parfum,2023,"citrus;woody;aromatic;vanilla;fresh;fresh spicy;fruity;powdery","Citron;Gingembre;Bergamote;Melon;Cardamome;Notes aquatiques;Poivre rose","Pomme verte;Cassis;Lavande;Patchouli;Sauge;Rose","Vanille;Bois de santal;Bois de cachemire;Cèdre;Musc blanc;Ambre gris",,,,,,,,,,4.27
Nishane,Fan Your Flames X,https://www.fragrantica.fr/parfum/Nishane/Fan-Your-Flames-X-80466.html,unisexe,Eau de Parfum,2023,"woody;sweet;coconut;aromatic;tobacco;vanilla;rum;earthy","Noix de Coco;Rhum;Lentisque","Tabac;Fève de tonka;Carotte;Thym","Mousse de chêne;Patchouli;Cèdre",,,,,,,,,,4.02
Nishane,Hacivat X,https://www.fragrantica.fr/parfum/Nishane/Hacivat-X-80462.html,unisexe,Eau de Parfum,2023,"woody;citrus;white floral;sweet;aromatic;earthy;fruity;patchouli","Ananas;Bergamote;Poivre rose","Citron vert;Fleur d'oranger de Tunisie;Jasmin","Vétiver de Haïti;Patchouli;Cèdre",,,,,,,,,,4.00
Nishane,Hundred Silent Ways X,https://www.fragrantica.fr/parfum/Nishane/Hundred-Silent-Ways-X-80463.html,unisexe,Eau de Parfum,2023,"white floral;vanilla;leather;animalic;powdery;tuberose;fruity;sweet",,,,,,,,,,,,,4.06
Nishane,Tuberóza X,https://www.fragrantica.fr/parfum/Nishane/Tuberoza-X-90964.html,unisexe,Extrait de Parfum,2024,"powdery;tuberose;musky;white floral;violet;woody;yellow floral;animalic",,,,,,,,,,,,,4.19
Nishane,Wulong Cha X,https://www.fragrantica.fr/parfum/Nishane/Wulong-Cha-X-80465.html,unisexe,Eau de Parfum,2023,"citrus;green;fresh spicy;floral;aromatic;sweet;fresh;musky","Bergamote;Yuzu;Mandarine;Litsea Cubeba","Thé vert;Magnolia;Thym","Musc;Figue",,,,,,,,,,4.34
Xerjoff,Aubres,https://www.fragrantica.fr/parfum/Xerjoff/Aubres-45885.html,unisexe,Eau de Parfum,2017,"aromatic;fresh spicy;amber;citrus;balsamic;herbal;woody;green","Citron d'Italie;Bergamote","Élémi;Encens;Myrte;Basilic;Lavande;Férule gommeuse","Ciste;Cèdre Atlas;Patchouli",,,,,,,,,,4.24
Xerjoff,Begum,https://www.fragrantica.fr/parfum/Xerjoff/Begum-31930.html,unisexe,Extrait de Parfum,2015,"woody;rose;powdery;floral;sweet;vanilla;warm spicy;amber","Fruits rouges;Bergamote;Citron;Freesia","Rose de Damas;Rose de Bulgarie;Iris;Ylang-ylang;Lilas;Jasmin Sambac;Muguet","Bois de santal;Vanille;Palissandre;Patchouli;Ambre;Musc;Vétiver",,,,,,,,,,4.18
Xerjoff,Verde Accento,https://www.fragrantica.fr/parfum/Xerjoff/Verde-Accento-105329.html,unisexe,Extrait de Parfum,2015,"citrus;woody;powdery;white floral;patchouli;musky;warm spicy;iris","Mandarine d'Italie;Bergamote","Jasmin;Poivre rose;Iris","Patchouli;Bois de santal;Musc;Ambre;Vanille bourbon",,très longue tenue,puissant,,,,,,,3.96
Xerjoff,Via Manzoni 20,https://www.fragrantica.fr/parfum/Xerjoff/Via-Manzoni-20-114717.html,unisexe,Eau de Parfum,2025,"woody;cherry;warm spicy;sweet;powdery;nutty;almond;fruity","Brandy;Cerise;Coriandre","Romarin;Davana;Genévrier","Bois de santal;Myrrhe;Vétiver",,longue tenue,puissant,,,,,,,4.19
Xerjoff,Wabar,https://www.fragrantica.fr/parfum/Xerjoff/Wabar-42270.html,femme,Eau de Parfum,2013,"floral;white floral;citrus;vanilla;powdery;soft spicy;anis;aromatic;f_gender","Badiane de Chine;Bergamote","Magnolia;Muguet;Jasmin","Vanille;Musc;Vétiver",,longue tenue,puissant,,,,,,,3.99
Xerjoff,Amphorae 16,https://www.fragrantica.fr/parfum/Xerjoff/Amphorae-16-76174.html,unisexe,Eau de Parfum,2022,"woody;musky;earthy;oud;animalic;powdery;vanilla;white floral",Vanille de Madagascar,"Huile essentielle de cypriol;Jasmin Sambac","Musc;Bois d'agar du Laos;Vétiver de Haïti;Bois d'agar du Cambodge",,très longue tenue,énorme,,,,,,,2.92
Xerjoff,Amphorae 17,https://www.fragrantica.fr/parfum/Xerjoff/Amphorae-17-76175.html,unisexe,Eau de Parfum,2022,"amber;warm spicy;woody;powdery;balsamic;musky;vanilla;sweet","Feuille de violette;Ambre;Davana","Myrrhe;Encens;Benjoin","Santal d'Australie;Musc;Vanille de Madagascar;Fève de tonka",,modéré (e),modéré (e),,,,,,,2.85
Xerjoff,Amphorae 27,https://www.fragrantica.fr/parfum/Xerjoff/Amphorae-27-76176.html,unisexe,Eau de Parfum,2022,"musky;fresh spicy;animalic;warm spicy;amber;powdery;citrus;sweet","Clou de girofle;Orange du Brésil;Poivre noir;Cumin;Bergamote de Calabre;Cardamome","Noix de muscade;Ylang-ylang;Rose de Bulgarie","Musc;Ambre gris;Civette;Patchouli de Singapour;Vanille de Madagascar",,modéré (e),puissant,,,,,,,3.30
Xerjoff,Amphorae 39,https://www.fragrantica.fr/parfum/Xerjoff/Amphorae-39-76177.html,unisexe,Eau de Parfum,2022,"warm spicy;fresh spicy;citrus;aromatic;sweet;floral;powdery;yellow floral","Cardamome;Bergamote de Calabre;Orange du Brésil;Clou de girofle;Poivre noir;Cumin","Noix de muscade;Ylang-ylang","Musc;Vanille de Madagascar",,médiocre,modéré (e),,,,,,,2.25
Xerjoff,Amphorae 48,https://www.fragrantica.fr/parfum/Xerjoff/Amphorae-48-76178.html,unisexe,Eau de Parfum,2022,"rose;fresh spicy;aromatic;citrus;warm spicy;woody;vanilla;patchouli","Limone Costa d'Amalfi;Pamplemousse;Bergamote de Calabre","Géranium;Rose de Bulgarie;Osmanthus","Patchouli de Singapour;Cèdre;Vanille de Madagascar;Benjoin de Siam",,modéré (e),modéré (e),,,,,,,3.22
Xerjoff,Amphorae 56,https://www.fragrantica.fr/parfum/Xerjoff/Amphorae-56-76179.html,unisexe,Eau de Parfum,2022,"smoky;woody;leather;earthy;amber;citrus;balsamic;musky","Bouleau;Orange du Brésil","Encens;Patchouli de Singapour;Vanille de Madagascar","Huile essentielle de cypriol;Musc",,très longue tenue,énorme,,,,,,,2.46
Xerjoff,Pikovaya Dama,https://www.fragrantica.fr/parfum/Xerjoff/Pikovaya-Dama-31624.html,unisexe,Eau de Parfum,2014,"powdery;citrus;woody;aldehydic;fresh;iris;fresh spicy;musky","Aldéhydes;Néroli;Bergamote;Citron;Rose","Iris;Encens;Cèdre;Noix de muscade;Coriandre","Musc;Vanille;Bois de santal;Patchouli",,très longue tenue,énorme,,,,,,,4.09
Xerjoff,Golden Dallah,https://www.fragrantica.fr/parfum/Xerjoff/Golden-Dallah-51728.html,unisexe,Eau de Parfum,2018,"warm spicy;amber;woody;coffee;cacao;nutty;smoky;animalic",Epices exotiques,"Encens;Café;Bois d'agar du Cambodge;Ambre;Rose","Cacao;Noisette;Fève de tonka",,longue tenue,puissant,,,,,,,4.12
Xerjoff,Golden Green,https://www.fragrantica.fr/parfum/Xerjoff/Golden-Green-60118.html,unisexe,Eau de Parfum,2020,"woody;aromatic;warm spicy;amber;fresh spicy;earthy;coffee;musky","Cardamome;Baies de genévrier;Noix de muscade;Poivre rose","Cèdre;Vétiver;Encens;Cuir;Ciste","Café;Huile essentielle de cypriol;Musc;Ambre gris",,longue tenue,puissant,,,,,,,4.12
Xerjoff,Golden Moka,https://www.fragrantica.fr/parfum/Xerjoff/Golden-Moka-51727.html,unisexe,Eau de Parfum,2018,"citrus;amber;warm spicy;woody;coffee;green;animalic;fresh","Orange sanguine;Agrumes;Citron;Mandarine","Café;Bois d'agar du Cambodge;Ambre;Encens;Rose","Notes vertes;Encens;Ciste",,longue tenue,puissant,,,,,,,4.11
Xerjoff,Harrods Emerald Star,https://www.fragrantica.fr/parfum/Xerjoff/Harrods-Emerald-Star-28244.html,unisexe,Extrait de Parfum,2014,"sweet;herbal;musky;amber;fruity;aromatic;powdery;fresh spicy",Dattes,Armoise,"Musc;Ambre",,très longue tenue,énorme,,,,,,,4.16
Xerjoff,Hermetic,https://www.fragrantica.fr/parfum/Xerjoff/Hermetic-116496.html,unisexe,Eau de Parfum,2016,"fresh spicy;sweet;citrus;amber;fruity;warm spicy;woody;smoky","Poivre noir;Citron","Pêche;Ylang-ylang;Rose de Bulgarie","Fève de tonka;Encens;Gaïac;Caramel",,modéré (e),modéré (e),,,,,,,3.81
Xerjoff,Sixth Floor,https://www.fragrantica.fr/parfum/Xerjoff/Sixth-Floor-90317.html,unisexe,Eau de Parfum,2020,"citrus;woody;white floral;sweet;tobacco;patchouli;warm spicy;amber","Eucalyptus;Orange sanguine;Mandarine;Gingembre;Bergamote","Fleur d'oranger;Narcisse;Tubéreuse;Jasmin Sambac","Patchouli;Tabac;Ambre;Chocolat",,longue tenue,puissant,,,,,,,4.45
Xerjoff,40 Knots,https://www.fragrantica.fr/parfum/Xerjoff/40-Knots-16445.html,unisexe,Eau de Parfum,2012,"woody;marine;salty;green;aromatic;aquatic;powdery",,,,"Notes boisées;Cèdre;Sel;Eau de mer;Notes vertes",très longue tenue,énorme,,,,,,,4.26
Xerjoff,40 Noeuds,https://www.fragrantica.fr/parfum/Xerjoff/40-Noeuds-79475.html,unisexe,Eau de Parfum,2022,"woody;marine;rose;salty;green;aromatic;floral;aquatic",,,,"Rose;Notes vertes;Eau de mer;Sel;Notes boisées;Cèdre",longue tenue,puissant,,,,,,,4.19
Xerjoff,Ascot Moon,https://www.fragrantica.fr/parfum/Xerjoff/Ascot-Moon-16446.html,unisexe,Eau de Parfum,2012,"green;aromatic;mossy;earthy;herbal;fresh;warm spicy;fresh spicy",,,,,,,,,,,,,3.65
Xerjoff,Birdie,https://www.fragrantica.fr/parfum/Xerjoff/Birdie-16447.html,unisexe,Eau de Parfum,2012,"earthy;green;woody;patchouli;aromatic;fresh;warm spicy;fresh spicy",,,,"Patchouli d'Inde;Teinture de terre;Herbe;Vétiver;Lavande;Sable;Notes marines;Pomme;Poivre",,,,,,,,,3.78
Noème,Abysse,https://www.fragrantica.fr/parfum/Noeme/Abysse-55322.html,unisexe,Extrait de Parfum,2019,"woody;musky;floral;powdery;fresh spicy;amber;fruity;sweet","Iso E Super;Noix de muscade;Davana","Cyclamen;Aubépine;Cèdre","Musc;Bois de santal de Madagascar;Patchouli",,,,,,,,,,3.71
Noème,Altaï,https://www.fragrantica.fr/parfum/Noeme/Altai-88643.html,unisexe,Eau de Parfum,2023,"fruity;warm spicy;cinnamon;sweet;vanilla;woody;coffee;fresh","Cannelle Ceylan;Fruits rouges;Cardamome","Figue;Café;Clou de girofle","Vanille;Bois de cachemire;Patchouli;Ambroxan",,modéré (e),puissant,,,,,,,3.92
Noème,Aman,https://www.fragrantica.fr/parfum/Noeme/Aman-79265.html,unisexe,Extrait de Parfum,2022,"woody;aromatic;white floral;soft spicy;fresh spicy;powdery;warm spicy;balsamic","Poivre rose;Coriandre;Rhubarbe","Gardénia;Feuille de cassissier;Encens","Bois de santal;Huile de cade;Absolu de vanille",,,,,,,,,,3.73
Noème,Atitlan,https://www.fragrantica.fr/parfum/Noeme/Atitlan-55318.html,unisexe,Eau de Parfum,2019,"woody;yellow floral;powdery;musky;sweet;amber;patchouli;floral",Ylang-ylang de Madagascar,"Mimosa;Patchouli;Ambre","Notes boisées;Musc;Vanille bourbon",,,,,,,,,,3.94
Noème,Bleu de Bleu,https://www.fragrantica.fr/parfum/Noeme/Bleu-de-Bleu-131938.html,unisexe,Eau de Parfum,2026,"fruity;woody;amber;sweet;tropical;aromatic;musky;powdery","Goyave;Bergamote;Caramel;Gingembre;Citron;Amande","Framboise;Vétiver;Rose;Pamplemousse;Romarin;Menthe poivrée;Lavande","Encens;Musc;Cèdre;Ambre;Bois de santal",,,,,,,,,,3.79
Noème,Divin Part,https://www.fragrantica.fr/parfum/Noeme/Divin-Part-55320.html,unisexe,Eau de Parfum,2019,"iris;powdery;musky;violet;earthy;woody;yellow floral;floral",Ylang-ylang de Madagascar,Iris d'Italie,Galaxolide,,,,,,,,,,3.99
Noème,Kalahari,https://www.fragrantica.fr/parfum/Noeme/Kalahari-55319.html,unisexe,Eau de Parfum,2019,"musky;warm spicy;amber;woody;powdery;aromatic;smoky;floral","Cardamome;Safran;Bergamote","Ambrette;Cèdre;Ciste","Bois de cachemire;Encens;Musc",,,,,,,,,,4.09
Noème,Kalahari Extrême,https://www.fragrantica.fr/parfum/Noeme/Kalahari-Extreme-102127.html,unisexe,Eau de Parfum,2024,"amber;warm spicy;woody;soft spicy;balsamic;fresh spicy;sweet;aromatic","Anis;Poire;Orange","Poivre rose;Cèdre;Cardamome;Myrrhe;Noix de muscade","Encens;Ciste",,,,,,,,,,4.08
Noème,Khalil,https://www.fragrantica.fr/parfum/Noeme/Khalil-79267.html,unisexe,Extrait de Parfum,2022,"woody;caramel;musky;amber;sweet;aromatic;powdery;warm spicy","Caramel;Bois blancs;Cardamome","Vétiver;Cèdre;Fève de tonka;Patchouli","Ambroxan;Musc;Racine d'iris",,,,,,,,,,4.16
Noème,Naïca,https://www.fragrantica.fr/parfum/Noeme/Naica-55321.html,unisexe,Eau de Parfum,2019,"fresh spicy;aromatic;warm spicy;woody;lavender;herbal;citrus;mossy","Clou de girofle de Madagascar;Pamplemousse;Poivre rose","Lavande;Géranium bourbon;Cèdre","Mousse de chêne;Patchouli;Benjoin",,modéré (e),modéré (e),,,,,,,3.49
Noème,Rouge de Rouge,https://www.fragrantica.fr/parfum/Noeme/Rouge-de-Rouge-106617.html,unisexe,Eau de Parfum,2025,"fruity;vanilla;amber;rose;sweet;warm spicy;aromatic;fresh spicy","Pêche;Prune;Cassis;Bergamote","Rose de Bulgarie;Géranium;Cèdre;Vétiver","Benjoin;Fève de tonka;Vanille",,,,,,,,,,3.67
Noème,Soma,https://www.fragrantica.fr/parfum/Noeme/Soma-79266.html,unisexe,Eau de Parfum,2022,"vanilla;sweet;rum;amber;warm spicy;powdery;caramel;cacao","Fève de tonka;Héliotrope","Vanille;Caramel;Cacao","Rhum;Daim;Ciste",,,,,,,,,,4.12
Noème,Vanille de Sambava,https://www.fragrantica.fr/parfum/Noeme/Vanille-de-Sambava-97671.html,unisexe,Eau de Parfum,2024,"vanilla;citrus;sweet;fresh spicy;warm spicy;chocolate;coconut;powdery","Bergamote;Orange;Noix de Coco;Pomme","Noix de muscade;Chocolat;Cannelle","Vanille;Fève de tonka;Rhum",,,,,,,,,,4.09
Rosendo Mateu Olfactive Expressions,Fresh Oud,https://www.fragrantica.fr/parfum/Rosendo-Mateu-Olfactive-Expressions/Fresh-Oud-61687.html,unisexe,Eau de Parfum,2020,"woody;warm spicy;oud;powdery;leather;citrus;musky;amber","Safran;Pamplemousse;Bergamote;Cardamome;Cannelle Ceylan","Oud;Rose de Bulgarie;Iris;Jasmin","Cuir;Bois de santal;Musc blanc;Ambre;Bois de cachemire;Vanille;Patchouli;Cèdre",,,,,,,,,,3.53
Rosendo Mateu Olfactive Expressions,Incense Wood,https://www.fragrantica.fr/parfum/Rosendo-Mateu-Olfactive-Expressions/Incense-Wood-61685.html,unisexe,Eau de Parfum,2020,"warm spicy;amber;woody;vanilla;balsamic;cinnamon;smoky;powdery","Cannelle Ceylan;Cardamome;Clou de girofle de Madagascar;Agrumes;Bergamote","Encens;Bois de santal;Palissandre;Feuille de patchouli","Vanille;Fève de tonka;Ambre;Ciste;Musc;Musc blanc",,,,,,,,,,4.10
Rosendo Mateu Olfactive Expressions,Sweet Rose,https://www.fragrantica.fr/parfum/Rosendo-Mateu-Olfactive-Expressions/Sweet-Rose-61684.html,unisexe,Eau de Parfum,2020,"fruity;woody;sweet;rose;powdery;aromatic;tropical;fresh","Fruit de la passion;Fraise;Framboise;Fruits rouges;Feuilles vertes;Bergamote de Calabre","Rose;Rose de Bulgarie;Rose de Turquie;Géranium","Cèdre;Bois de santal;Musc blanc;Musc;Vétiver;Vanille",,,,,,,,,,4.20
Rosendo Mateu Olfactive Expressions,"Rosendo Mateu Nº 1 Bergamot, Tea Leaf, Sandalwood",https://www.fragrantica.fr/parfum/Rosendo-Mateu-Olfactive-Expressions/Rosendo-Mateu-No-1-Bergamot-Tea-Leaf-Sandalwood-46111.html,unisexe,Eau de Parfum,2017,"citrus;aromatic;green;fresh spicy;white floral;woody;powdery;musky","Bergamote de Calabre;Citron vert;Lavande;Mandarine verte;Sauge;Romarin;Thym","Feuille de thé;Néroli;Fleur d'oranger amère;Jasmin;Poivron vert;Muguet;Cardamome","Musc blanc;Bois de santal;Iris",,modéré (e),modéré (e),,,,,,,4.15
Rosendo Mateu Olfactive Expressions,"Rosendo Mateu Nº 10 Musk, Musk, Musk",https://www.fragrantica.fr/parfum/Rosendo-Mateu-Olfactive-Expressions/Rosendo-Mateu-No-10-Musk-Musk-Musk-131273.html,unisexe,Extrait de Parfum,2026,"musky;amber;aldehydic;fresh;powdery;floral;woody;soapy","Aldéhydes;Notes fleuries;Hedione","Amberwood;Exaltolide®;Habanolide®;Ambrettolide","Musc;Vanilline;Ambroxan",,longue tenue,modéré (e),,,,,,,4.02
Rosendo Mateu Olfactive Expressions,"Rosendo Mateu Nº 2 Citrus, Wood, Suede Leather",https://www.fragrantica.fr/parfum/Rosendo-Mateu-Olfactive-Expressions/Rosendo-Mateu-No-2-Citrus-Wood-Suede-Leather-46112.html,unisexe,Eau de Parfum,2017,"citrus;woody;fresh spicy;aromatic;floral;powdery;warm spicy;rose","Bergamote de Calabre;Citron","Géranium;Fleurs;Rose","Daim;Bois de santal;Patchouli",,,,,,,,,,3.85
Rosendo Mateu Olfactive Expressions,"Rosendo Mateu Nº 3 Neroli, Iris, White Musk",https://www.fragrantica.fr/parfum/Rosendo-Mateu-Olfactive-Expressions/Rosendo-Mateu-No-3-Neroli-Iris-White-Musk-46113.html,unisexe,Eau de Parfum,2017,"powdery;woody;musky;iris;citrus;white floral;aromatic;earthy","Néroli de Tunisie;Bergamote de Sicile","Iris;Jasmin;Rose de Damas","Musc blanc;Bois de santal;Vétiver;Vanille;Bois de cachemire;Fève de tonka;Ambre",,,,,,,,,,3.98
Rosendo Mateu Olfactive Expressions,"Rosendo Mateu Nº 4 Saffron, Oud, Vanilla",https://www.fragrantica.fr/parfum/Rosendo-Mateu-Olfactive-Expressions/Rosendo-Mateu-No-4-Saffron-Oud-Vanilla-46114.html,unisexe,Eau de Parfum,2017,"woody;warm spicy;oud;amber;vanilla;powdery;fresh spicy;earthy","Bergamote de Calabre;Fleur d'oranger","Safran;Noix de muscade;Cannelle;Iris;Jasmin","Oud;Gaïac;Vanille;Ciste;Benjoin;Bois de santal;Vétiver;Fève de tonka;Patchouli;Musc",,,,,,,,,,3.96
Rosendo Mateu Olfactive Expressions,Rosendo Mateu Nº 5 Elixir,https://www.fragrantica.fr/parfum/Rosendo-Mateu-Olfactive-Expressions/Rosendo-Mateu-No-5-Elixir-99801.html,unisexe,Eau de Parfum,2024,"vanilla;amber;sweet;warm spicy;powdery;fruity;musky;metallic","Safran;Notes épicées;Muguet","Vanille;Ambre;Fève de tonka;Fraise","Vanille;Ambre;Musc",,,,,,,,,,4.35
Rosendo Mateu Olfactive Expressions,"Rosendo Mateu Nº 5 Floral, Amber, Sensual Musk",https://www.fragrantica.fr/parfum/Rosendo-Mateu-Olfactive-Expressions/Rosendo-Mateu-No-5-Floral-Amber-Sensual-Musk-46115.html,unisexe,Eau de Parfum,2017,"amber;vanilla;floral;powdery;warm spicy;musky;animalic;sweet","Epices;Notes de fleurs exotiques","Œillet;Muguet","Ambre;Vanille;Musc",,,,,,,,,,4.15
Rosendo Mateu Olfactive Expressions,"Rosendo Mateu Nº 6 Jasmin, Sandalwood, Oriental Musk",https://www.fragrantica.fr/parfum/Rosendo-Mateu-Olfactive-Expressions/Rosendo-Mateu-No-6-Jasmin-Sandalwood-Oriental-Musk-52928.html,unisexe,Eau de Parfum,2018,"powdery;musky;vanilla;woody;white floral;floral;sweet;fruity","Jasmin Sambac;Notes fleuries;Fruits exotiques;Noix de Coco;Accord vert","Bois de santal;Notes épicées","Musc blanc;Vanille;Ambre",,,,,,,,,,4.15
Rosendo Mateu Olfactive Expressions,"Rosendo Mateu Nº 7 Patchouli, Oud, Vanilla",https://www.fragrantica.fr/parfum/Rosendo-Mateu-Olfactive-Expressions/Rosendo-Mateu-No-7-Patchouli-Oud-Vanilla-70200.html,unisexe,Eau de Parfum,2021,"oud;warm spicy;vanilla;patchouli;woody;animalic;floral;sweet","Pétales de rose;Notes fleuries;Jasmin","Patchouli;Epices;Notes sucrées","Vanille;Oud de Thaïlande;Bois d'agar du Laos;Benjoin de Siam",,longue tenue,puissant,,,,,,,4.16
Rosendo Mateu Olfactive Expressions,"Rosendo Mateu Nº 8 Fruity, Amber, Exotic Musk",https://www.fragrantica.fr/parfum/Rosendo-Mateu-Olfactive-Expressions/Rosendo-Mateu-No-8-Fruity-Amber-Exotic-Musk-91181.html,unisexe,Eau de Parfum,2024,"fruity;sweet;fresh;woody;tropical;warm spicy;green;cinnamon","Ananas;Pomme;Poire;Agrumes","Cannelle;Rose de Bulgarie;Patchouli;Iris;Ambre","Vanille;Cèdre;Gaïac;Vétiver",,longue tenue,puissant,,,,,,,3.89
Rosendo Mateu Olfactive Expressions,"Rosendo Mateu Nº 9 Wood, Osmanthus, Vanilla",https://www.fragrantica.fr/parfum/Rosendo-Mateu-Olfactive-Expressions/Rosendo-Mateu-No-9-Wood-Osmanthus-Vanilla-106293.html,unisexe,Eau de Parfum,2025,"iris;powdery;tobacco;floral;warm spicy;leather;sweet;fruity",,,,,,,,,,,,,3.98
Rosendo Mateu Olfactive Expressions,1968,https://www.fragrantica.fr/parfum/Rosendo-Mateu-Olfactive-Expressions/1968-80351.html,unisexe,Eau de Parfum,2023,"green;floral;musky;tuberose;rose;aquatic;white floral;woody","Accord vert;Goutte de rosée;Notes fleuries","Notes aromatiques;Tubéreuse;Epices;Rose","Musc;Notes boisées;Vanille",,,,,,,,,,3.92
Rosendo Mateu Olfactive Expressions,1970,https://www.fragrantica.fr/parfum/Rosendo-Mateu-Olfactive-Expressions/1970-80352.html,unisexe,Eau de Parfum,2023,"vanilla;warm spicy;sweet;amber;chocolate;citrus;powdery;earthy","Agrumes;Fruits","Chocolat;Epices;Notes terreuses;Notes boisées","Vanille;Fève de tonka;Ambre;Musc",,,,,,,,,,4.15
Rosendo Mateu Olfactive Expressions,1988,https://www.fragrantica.fr/parfum/Rosendo-Mateu-Olfactive-Expressions/1988-80356.html,unisexe,Eau de Parfum,2023,"marine;aquatic;ozonic;salty;aromatic;musky;woody;citrus","Goutte de rosée;Agrumes","Eau de mer;Notes d'ozone;Sel de mer;Notes boisées","Musc blanc;Notes boisées;Epices",,,,,,,,,,3.75
Rosendo Mateu Olfactive Expressions,2010,https://www.fragrantica.fr/parfum/Rosendo-Mateu-Olfactive-Expressions/2010-80357.html,unisexe,Eau de Parfum,2023,"warm spicy;woody;musky;metallic;amber;leather;powdery;floral","Notes aromatiques;Notes boisées;Cèdre;Notes fleuries","Safran;Notes balsamiques;Résines;Epices","Musc;Notes boisées sombres;Notes sucrées",,modéré (e),modéré (e),,,,,,,3.69
Rosendo Mateu Olfactive Expressions,"NO 1 Bergamot, Tea Leaves, Sandal Wood",https://www.fragrantica.fr/parfum/Rosendo-Mateu-Olfactive-Expressions/NO-1-Bergamot-Tea-Leaves-Sandal-Wood-34434.html,unisexe,Eau de Parfum,2015,"citrus;aromatic;fresh spicy;green;white floral;woody;herbal;fresh","Bergamote de Calabre;Mandarine verte;Pelure de citron vert;Romarin;Thym;Sauge;Lavande","Thé vert;Bergamote;Néroli;Jasmin;Fleur d'oranger amère;Cardamome;Muguet;Poivron vert;Fumée;Notes boisées","Bois de santal;Musc blanc;Iris",,,,,,,,,,4.00
Rosendo Mateu Olfactive Expressions,"NO 2 Lavender, Spicy, Chocolate",https://www.fragrantica.fr/parfum/Rosendo-Mateu-Olfactive-Expressions/NO-2-Lavender-Spicy-Chocolate-34435.html,unisexe,Eau de Parfum,2015,"woody;aromatic;fresh spicy;green;sweet;rose;warm spicy;tobacco","Pin;Genévrier;Anis;Foin","Fleur d'oranger amère;Géranium;Rose;Notes vertes","Chocolat;Tabac;Musc;Bois de santal;Notes boisées;Patchouli;Oud;Ambre;Cèdre;Mousse",,longue tenue,puissant,,,,,,,3.80
Rosendo Mateu Olfactive Expressions,"NO 3 Neroli, Iris, White Musk",https://www.fragrantica.fr/parfum/Rosendo-Mateu-Olfactive-Expressions/NO-3-Neroli-Iris-White-Musk-34436.html,unisexe,Eau de Parfum,2015,"powdery;musky;woody;amber;vanilla;iris;citrus;white floral","Iris d'Italie;Néroli de Tunisie;Bergamote de Calabre","Iris;Jasmin;Rose de Damas","Musc blanc;Bois de cachemire;Fève de tonka;Bois de santal;Ambre;Vanille;Vétiver",,,,,,,,,,3.98
Rosendo Mateu Olfactive Expressions,"NO 4 Saffron, Oud, Vanilla",https://www.fragrantica.fr/parfum/Rosendo-Mateu-Olfactive-Expressions/NO-4-Saffron-Oud-Vanilla-34437.html,unisexe,Eau de Parfum,2015,"woody;warm spicy;amber;vanilla;aromatic;powdery;earthy;fresh spicy","Fleur d'oranger amère;Bergamote de Calabre","Safran;Jasmin;Noix de muscade;Cannelle;Iris","Vétiver;Oud;Bois de santal;Gaïac;Vanille;Benjoin;Fève de tonka;Patchouli;Ambre;Ciste",,,,,,,,,,3.70
Tom Ford,Black Orchid Parfum,https://www.fragrantica.fr/parfum/Tom-Ford/Black-Orchid-Parfum-62199.html,unisexe,Eau de Parfum,2020,"earthy;woody;sweet;patchouli;yellow floral;fruity;rum;warm spicy","Truffe;Prune","Rhum;Ylang-ylang;Orchidée noire",Patchouli,,,,,,,,,,4.08
Tom Ford,Black Orchid Perfume Lalique Edition,https://www.fragrantica.fr/parfum/Tom-Ford/Black-Orchid-Perfume-Lalique-Edition-42789.html,femme,Eau de Parfum,2016,"woody;warm spicy;amber;earthy;sweet;floral;powdery;citrus;f_gender",,,,,,,,,,,,,4.27
Tom Ford,Black Orchid Reserve,https://www.fragrantica.fr/parfum/Tom-Ford/Black-Orchid-Reserve-107401.html,unisexe,Eau de Parfum,2025,"sweet;warm spicy;earthy;patchouli;woody;yellow floral;chocolate;vanilla","Truffe;Bergamote","Ylang-ylang;Orchidée noire","Chocolat noir;Patchouli;Fève de tonka;Vanille",,longue tenue,puissant,,,,,,,3.97
Tom Ford,Black Orchid Voile de Fleur,https://www.fragrantica.fr/parfum/Tom-Ford/Black-Orchid-Voile-de-Fleur-1819.html,femme,Eau de Parfum,2007,"fruity;white floral;sweet;lactonic;woody;warm spicy;floral;yellow floral;f_gender","Ylang-ylang;Cassis","Gardénia;Prune;Orchidée;Lys;Poivre;Chèvrefeuille","Lait;Notes fruitées;Résines;Vanille;Patchouli;Bois de santal;Cannelle",,longue tenue,modéré (e),,,,,,,4.14
Tom Ford,Orchid Soleil,https://www.fragrantica.fr/parfum/Tom-Ford/Orchid-Soleil-38650.html,femme,Eau de Parfum,2016,"white floral;vanilla;sweet;tuberose;lactonic;soft spicy;woody;animalic;f_gender","Cyprès;Poivre rose;Bigarade","Tubéreuse;Lys rouge","Crème fouettée;Châtaigne;Vanille;Orchidée;Patchouli",,longue tenue,puissant,,,,,,,3.66
Tom Ford,Velvet Orchid,https://www.fragrantica.fr/parfum/Tom-Ford/Velvet-Orchid-22963.html,femme,Eau de Parfum,2014,"floral;sweet;powdery;amber;woody;vanilla;balsamic;honey;f_gender","Rhum;Miel;Mandarine;Bergamote","Orchidée noire;Orchidée;Jasmin;Héliotrope;Jacinthe;Huile essentielle de rose;Narcisse;Magnolia;Fleur d'oranger","Vanille;Myrrhe;Daim;Bois de santal;Baumier du Pérou;Ciste",,,,,,,,,,4.03
Tom Ford,Velvet Orchid Lumière,https://www.fragrantica.fr/parfum/Tom-Ford/Velvet-Orchid-Lumiere-40986.html,femme,Eau de Parfum,2016,"sweet;floral;honey;woody;powdery;rum;warm spicy;vanilla;f_gender","Rhum;Miel;Mandarine;Bergamote","Orchidée noire;Rose;Jasmin","Myrrhe;Vanille;Bois de santal",,,,,,,,,,3.96
Tom Ford,Eau de Grey Vetiver,https://www.fragrantica.fr/parfum/Tom-Ford/Eau-de-Grey-Vetiver-126842.html,unisexe,Eau de Parfum,2026,"aromatic;earthy;woody;citrus;fresh;aldehydic;iris;soft spicy","Aldéhydes;Citron;Fenouil","Iris;Fleur d'oranger;Armoise;Sauge sclarée","Vétiver;Mousse de chêne;Musc;Amberwood",,,,,,,,,,3.96
Tom Ford,Grey Vetiver,https://www.fragrantica.fr/parfum/Tom-Ford/Grey-Vetiver-6697.html,homme,Eau de Parfum,2009,"woody;aromatic;earthy;citrus;fresh spicy;mossy;white floral;green;f_gender","Pamplemousse;Fleur d'oranger;Sauge","Noix de muscade;Racine d'iris;Piment","Vétiver;Notes boisées;Mousse de chêne;Ambre",,,,,,,,,,4.26
Tom Ford,Grey Vetiver Eau de Toilette,https://www.fragrantica.fr/parfum/Tom-Ford/Grey-Vetiver-Eau-de-Toilette-28459.html,homme,Eau de Parfum,2014,"citrus;aromatic;earthy;fresh spicy;woody;green;herbal;powdery;f_gender","Citron glacé;Pamplemousse;Bergamote;Basilic","Racine d'iris;Fleur d'oranger;Sauge;Armoise","Vétiver;Mousse de chêne;Musc;Ambre",,,,,,,,,,4.18
Tom Ford,Grey Vetiver Parfum,https://www.fragrantica.fr/parfum/Tom-Ford/Grey-Vetiver-Parfum-79965.html,homme,Eau de Parfum,2023,"aromatic;woody;earthy;white floral;warm spicy;citrus;metallic;green;f_gender",Fleur d'oranger,Safran,Vétiver de Haïti,,,,,,,,,,3.98
Tom Ford,Café Rose,https://www.fragrantica.fr/parfum/Tom-Ford/Cafe-Rose-15913.html,unisexe,Eau de Parfum,2012,"warm spicy;rose;woody;amber;patchouli;coffee;balsamic;smoky","Rose de Mai;Safran;Poivre noir","Rose de Turquie;Rose de Bulgarie;Café","Patchouli;Encens;Bois de santal;Ambre",,,,,,,,,,4.04
Tom Ford,Jonquille de Nuit,https://www.fragrantica.fr/parfum/Tom-Ford/Jonquille-de-Nuit-15914.html,unisexe,Eau de Parfum,2012,"yellow floral;green;powdery;floral;amber;ozonic;aquatic;aromatic","Mimosa;Feuille de violette;Cyclamen;Fleur d'oranger amère;Angélique",Narcisse,"Racine d'iris;Ambre",,,,,,,,,,3.98
Tom Ford,Lys Fume,https://www.fragrantica.fr/parfum/Tom-Ford/Lys-Fume-15915.html,unisexe,Eau de Parfum,2012,"white floral;woody;yellow floral;soft spicy;sweet;fresh spicy;warm spicy;amber","Noix de muscade;Curcuma;Poivre rose;Mandarine d'Italie","Lys blanc;Ylang-ylang;Rhum;Armoise","Vanille de Madagascar;Chêne;Ciste;Styrax",,,,,,,,,,4.07
Tom Ford,Ombre de Hyacinth,https://www.fragrantica.fr/parfum/Tom-Ford/Ombre-de-Hyacinth-15916.html,unisexe,Eau de Parfum,2012,"green;floral;ozonic;fresh spicy;aquatic;amber;aromatic;musky","Feuille de violette;Férule gommeuse;Pétales de magnolia;Résine oliban","Jacinthe;Poivre rose;Jasmin","Férule gommeuse;Musc;Benjoin",,longue tenue,modéré (e),,,,,,,4.11
Tom Ford,Noir,https://www.fragrantica.fr/parfum/Tom-Ford/Noir-15727.html,homme,Eau de Parfum,2012,"amber;powdery;fresh spicy;woody;violet;patchouli;warm spicy;earthy;f_gender","Violette;Poivre rose;Carvi;Bergamote;Verveine","Iris de Toscane;Rose de Bulgarie;Poivre noir;Noix de muscade;Géranium;Sauge sclarée","Feuille de patchouli d'Indonésie;Ambre;Vanille;Cuir;Civette;Opoponax;Benjoin;Vétiver;Styrax",,,,,,,,,,4.06
Tom Ford,Noir Anthracite,https://www.fragrantica.fr/parfum/Tom-Ford/Noir-Anthracite-45691.html,homme,Eau de Parfum,2017,"woody;fresh spicy;warm spicy;citrus;leather;herbal;smoky;green;f_gender","Poivre du Sichuan;Gingembre;Bergamote","Epices;Férule gommeuse;Jasmin","Ébène;Cèdre;Bouleau;Cuir;Bois de santal;Patchouli;Amberwood",,longue tenue,modéré (e),,,,,,,3.98
Tom Ford,Noir Eau de Toilette,https://www.fragrantica.fr/parfum/Tom-Ford/Noir-Eau-de-Toilette-21553.html,homme,Eau de Parfum,2013,"warm spicy;musky;citrus;green;amber;woody;aromatic;fresh;f_gender","Agrumes;Menthe;Citron d'Italie","Notes orientales;Epices;Notes herbacées","Musc;Notes boisées",,,,,,,,,,4.04
Tom Ford,Noir Extreme,https://www.fragrantica.fr/parfum/Tom-Ford/Noir-Extreme-29675.html,homme,Eau de Parfum,2015,"warm spicy;sweet;vanilla;woody;powdery;amber;fresh spicy;aromatic;f_gender",,,,,,,,,,,,,4.42
Tom Ford,Noir Extreme Parfum,https://www.fragrantica.fr/parfum/Tom-Ford/Noir-Extreme-Parfum-75489.html,homme,Eau de Parfum,2022,"leather;vanilla;sweet;warm spicy;woody;amber;aromatic;powdery;f_gender","Cardamome;Gingembre;Mandarine;Néroli;Agrumes","Kulfi;Rose de Bulgarie;Fleur d'oranger;Jasmin","Vanille;Cuir;Daim;Fève de tonka;Ambre;Gaïac;Cèdre",,,,,,,,,,4.42
Tom Ford,Noir Pour Femme,https://www.fragrantica.fr/parfum/Tom-Ford/Noir-Pour-Femme-30957.html,femme,Eau de Parfum,2015,"sweet;vanilla;amber;woody;powdery;citrus;balsamic;lactonic;f_gender","Gingembre;Bigarade;Mandarine;Bergamote","Kulfi;Rose;Fleur d'oranger;Jasmin","Vanille;Ambre;Bois de santal;Lentisque",,,,,,,,,,4.29
Tom Ford,Eau d'Ombré Leather,https://www.fragrantica.fr/parfum/Tom-Ford/Eau-d-Ombre-Leather-95389.html,homme,Eau de Parfum,2024,"vanilla;leather;warm spicy;animalic;aromatic;powdery;smoky;soft spicy;f_gender","Cardamome;Gingembre;Coriandre","Vanille;Cuir",Ambrofix™,,,,,,,,,,4.30
Tom Ford,Ombré Leather (2018),https://www.fragrantica.fr/parfum/Tom-Ford/Ombre-Leather-2018-50239.html,unisexe,Eau de Parfum,2018,"leather;animalic;warm spicy;white floral;amber;smoky;earthy;mossy",Cardamome,"Cuir;Jasmin Sambac","Ambre;Mousse;Patchouli",,,,,,,,,,4.32
Tom Ford,Ombré Leather Parfum,https://www.fragrantica.fr/parfum/Tom-Ford/Ombre-Leather-Parfum-68716.html,unisexe,Eau de Parfum,2021,"leather;woody;ozonic;animalic;aquatic;white floral;tobacco;iris","Feuille de violette;Cèdre","Jasmin Sambac;Racine d'iris","Cuir;Notes boisées;Tabac",,,,,,,,,,4.31
Tom Ford,Ombré Leather Reserve,https://www.fragrantica.fr/parfum/Tom-Ford/Ombre-Leather-Reserve-136688.html,homme,Eau de Parfum,2026,"aromatic;fresh spicy;woody;green;amber;floral;warm spicy;earthy;f_gender","Poivre noir;Cyprès;Genévrier","Pepperwood™;Vétiver;Notes fleuries;Accord vert","Cuir noir;Benjoin",,,,,,,,,,4.57
Tom Ford,Amber Absolute,https://www.fragrantica.fr/parfum/Tom-Ford/Amber-Absolute-1821.html,unisexe,Eau de Parfum,2007,"amber;woody;smoky;balsamic;vanilla;warm spicy;powdery;fresh spicy",,,,"Ambre;Encens;Résine oliban;Vanille;Ciste;Notes boisées",,,,,,,,,4.37
Tom Ford,Amber Intrigue,https://www.fragrantica.fr/parfum/Tom-Ford/Amber-Intrigue-97380.html,unisexe,Eau de Parfum,2024,"amber;woody;warm spicy;sweet;cinnamon;powdery;fruity;aromatic","Dattes;Cannelle;Résine oliban","Bois de santal;Vétiver","Ambre;Ciste",,,,,,,,,,3.93
Tom Ford,Arabian Wood,https://www.fragrantica.fr/parfum/Tom-Ford/Arabian-Wood-6363.html,unisexe,Eau de Parfum,2009,"woody;white floral;floral;mossy;rose;earthy;aromatic;green",,,,"Notes boisées;Mousse de chêne;Rose de Bulgarie;Rose de Mai;Férule gommeuse;Lavande;Miel;Patchouli;Jasmin;Cèdre;Gardénia;Bergamote;Freesia;Ylang-ylang;Fève de tonka;Fleur d'oranger;Bois de santal;Ambre;Racine d'iris",,,,,,,,,4.10
Tom Ford,Azure Lime,https://www.fragrantica.fr/parfum/Tom-Ford/Azure-Lime-8706.html,unisexe,Eau de Parfum,2010,"citrus;woody;fresh;musky;powdery;fresh spicy;aromatic;camphor",,,,"Agrumes;Notes boisées;Musc;Agathosma;Bois de santal",,,,,,,,,3.91
Tom Ford,Beau de Jour,https://www.fragrantica.fr/parfum/Tom-Ford/Beau-de-Jour-52790.html,homme,Eau de Parfum,2019,"aromatic;fresh spicy;lavender;woody;green;earthy;patchouli;mossy;f_gender","Lavande;Extrait de lavande","Mousse de chêne;Romarin;Menthe;Géranium;Basilic","Patchouli;Ambre",,,,,,,,,,4.24
Tom Ford,Bitter Peach,https://www.fragrantica.fr/parfum/Tom-Ford/Bitter-Peach-62707.html,unisexe,Extrait de Parfum,2020,"woody;warm spicy;fruity;vanilla;amber;sweet;powdery;citrus","Pêche;Orange sanguine;Cardamome;Héliotrope","Rhum;Cognac;Davana;Jasmin","Vanille;Feuille de patchouli d'Indonésie;Fève de tonka;Bois de santal;Benjoin;Bois de cachemire;Ciste;Styrax;Vétiver",,,,,,,,,,3.68
Tom Ford,Black Lacquer,https://www.fragrantica.fr/parfum/Tom-Ford/Black-Lacquer-95808.html,unisexe,Eau de Parfum,2024,"woody;aromatic;fresh spicy;warm spicy;vinyl;amber;balsamic;rum","Encre;Vinyl;Poivre noir;Rhum","Bois d'ébène;Élémi;Abricot;Pivoine",Résine oliban,,,,,,,,,,3.95
Tom Ford,Black Violet,https://www.fragrantica.fr/parfum/Tom-Ford/Black-Violet-1823.html,unisexe,Eau de Parfum,2007,"woody;citrus;violet;mossy;powdery;fruity;earthy;fresh","Notes fruitées;Agrumes;Bergamote",Violette,"Mousse de chêne;Notes boisées",,,,,,,,,,4.13
Tom Ford,Bois Marocain,https://www.fragrantica.fr/parfum/Tom-Ford/Bois-Marocain-7942.html,unisexe,Eau de Parfum,2009,"woody;aromatic;fresh spicy;amber;smoky;warm spicy;balsamic;earthy",,,,"Encens;Cèdre de Virginie;Cyprès;Thuja;Vétiver;Poivre;Poivre rose;Patchouli;Bergamote",,,,,,,,,3.99
Tom Ford,Bois Marocain (2022),https://www.fragrantica.fr/parfum/Tom-Ford/Bois-Marocain-2022-79014.html,unisexe,Eau de Parfum,2022,"woody;fresh spicy;aromatic;warm spicy;soft spicy;powdery;patchouli;earthy","Poivre rose;Poivre noir;Genévrier;Bergamote","Notes boisées;Cèdre","Bois de santal;Patchouli;Vétiver",,,,,,,,,,3.76
Tom Ford,Bois Rouge,https://www.fragrantica.fr/parfum/Tom-Ford/Bois-Rouge-1847.html,unisexe,Eau de Parfum,2007,"woody;leather;aromatic;earthy;white floral;patchouli;animalic;amber",,,,,,,,,,,,,4.07
Tom Ford,Champaca Absolute,https://www.fragrantica.fr/parfum/Tom-Ford/Champaca-Absolute-6147.html,unisexe,Eau de Parfum,2009,"floral;sweet;woody;powdery;nutty;warm spicy;vanilla;amber","Cognac;Genêt des teinturiers;Bergamote","Champaca;Orchidée;Jasmin;Violette","Marron glacé;Vanille;Bois de santal;Ambre",,,,,,,,,,4.01
Tom Ford,Eau de Soleil Blanc,https://www.fragrantica.fr/parfum/Tom-Ford/Eau-de-Soleil-Blanc-48152.html,unisexe,Eau de Parfum,2018,"citrus;white floral;sweet;coconut;vanilla;tuberose;green;aromatic","Bigarade;Néroli;Bergamote;Cédrat;Pistache;Petit-grain;Cardamome;Poivre rose;Carvi","Tubéreuse;Fleur d'oranger de Tunisie;Ylang-ylang;Jasmin;Férule gommeuse","Noix de Coco;Vanille;Fève de tonka;Ambre;Benjoin",,,,,,,,,,4.10
Tom Ford,Ébène Fumé,https://www.fragrantica.fr/parfum/Tom-Ford/Ebene-Fume-69008.html,unisexe,Eau de Parfum,2021,"woody;amber;smoky;balsamic;warm spicy;fresh spicy;aromatic;leather","Encens;Palo santo;Poivre noir;Feuille de violette","Cuir;Ciste;Huile de cade;Papyrus;Rose","Résines;Ébène;Gaïac",,,,,,,,,,4.10
Tom Ford,Fabulous,https://www.fragrantica.fr/parfum/Tom-Ford/Fabulous-46513.html,unisexe,Eau de Parfum,2017,"aromatic;leather;vanilla;almond;woody;amber;lavender;sweet","Lavande;Sauge sclarée","Cuir;Amande amère;Vanille;Racine d'iris","Cuir;Fève de tonka;Bois de cachemire;Bois blancs;Ambre",,,,,,,,,,3.83
Tom Ford,Fabulous Parfum,https://www.fragrantica.fr/parfum/Tom-Ford/Fabulous-Parfum-100810.html,unisexe,Eau de Parfum,2025,"amber;leather;animalic;aromatic;vanilla;woody;sweet;fresh spicy",,,,,,,,,,,,,4.08
Tom Ford,Figue Érotique,https://www.fragrantica.fr/parfum/Tom-Ford/Figue-Erotique-119402.html,unisexe,Eau de Parfum,2025,"sweet;woody;green;fruity;yellow floral;fresh;citrus;soft spicy",,,,,,,,,,,,,3.63
Tom Ford,Fougère d’Argent,https://www.fragrantica.fr/parfum/Tom-Ford/Fougere-d-Argent-50458.html,unisexe,Eau de Parfum,2018,"woody;lavender;aromatic;oud;fresh spicy;warm spicy;vanilla;sweet","Lavande;Gingembre;Mandarine","Bois d'Akigala;Ciste",Coumarine,,,,,,,,,,4.27
Tom Ford,Fougère Platine,https://www.fragrantica.fr/parfum/Tom-Ford/Fougere-Platine-50469.html,unisexe,Eau de Parfum,2018,"aromatic;woody;fresh spicy;herbal;lavender;tobacco;sweet;amber","Sauge sclarée;Lavande;Bergamote;Basilic","Armoise;Miel;Résine oliban;Ciste d'Espagne","Tabac;Notes boisées;Cèdre",,,,,,,,,,3.99
Tom Ford,Italian Cypress,https://www.fragrantica.fr/parfum/Tom-Ford/Italian-Cypress-4329.html,unisexe,Eau de Parfum,2008,"woody;aromatic;fresh spicy;green;citrus;fresh;herbal",,,,"Cyprès d'Italie;Notes boisées;Basilic;Agrumes;Menthe",,,,,,,,,4.25
Tom Ford,Japon Noir,https://www.fragrantica.fr/parfum/Tom-Ford/Japon-Noir-1851.html,unisexe,Eau de Parfum,2007,"woody;leather;amber;patchouli;earthy;animalic;aromatic;citrus",,,,"Cuir;Ambre;Patchouli;Vétiver;Bergamote;Jasmin",longue tenue,puissant,,,,,,,4.30
Tom Ford,Jasmin Rouge,https://www.fragrantica.fr/parfum/Tom-Ford/Jasmin-Rouge-12765.html,femme,Eau de Parfum,2011,"white floral;yellow floral;citrus;fresh spicy;woody;floral;warm spicy;sweet;f_gender","Gingembre;Cannelle;Bergamote;Cardamome;Poivre;Mandarine","Jasmin;Ylang-ylang;Néroli;Genêt;Sauge sclarée","Ambre;Vanille;Notes boisées;Cuir;Ciste de France",,,,,,,,,,4.13
Tom Ford,Lavender Extreme,https://www.fragrantica.fr/parfum/Tom-Ford/Lavender-Extreme-54381.html,unisexe,Extrait de Parfum,2019,"aromatic;lavender;vanilla;warm spicy;sweet;fresh spicy;cinnamon;amber","Violette;Citron","Lavande;Cannelle;Géranium;Rose","Fève de tonka;Coumarine",,longue tenue,modéré (e),,,,,,,4.12
Tom Ford,Lavender Palm,https://www.fragrantica.fr/parfum/Tom-Ford/Lavender-Palm-13101.html,unisexe,Eau de Parfum,2011,"aromatic;lavender;citrus;fresh spicy;floral;woody;earthy;mossy","Lavande;Sauge sclarée;Limone Costa d'Amalfi;Bergamote","Laurier rose;Aldéhydes;Feuille de palmier;Fleur de tilleul;Poivre rose","Mousse de chêne;Vétiver;Résine oliban;Cèdre;Benjoin;Fève de tonka",,,,,,,,,,3.83
Tom Ford,London,https://www.fragrantica.fr/parfum/Tom-Ford/London-18883.html,unisexe,Eau de Parfum,2013,"warm spicy;fresh spicy;amber;smoky;woody;aromatic;leather;oud","Cumin;Safran;Cardamome;Poivre noir;Café;Coriandre","Encens;Ciste;Jasmin;Géranium","Oud;Bouleau;Cèdre;Musc;Amyris",,,,,,,,,,3.96
Tom Ford,Moss Breches,https://www.fragrantica.fr/parfum/Tom-Ford/Moss-Breches-1827.html,unisexe,Eau de Parfum,2007,"aromatic;woody;herbal;beeswax;soft spicy;fresh spicy;patchouli;honey",,,,"Cire d'abeille;Sauge;Romarin;Estragon;Patchouli;Cèdre;Benjoin",,,,,,,,,4.22
Tom Ford,Myrrhe Mystère,https://www.fragrantica.fr/parfum/Tom-Ford/Myrrhe-Mystere-83981.html,unisexe,Eau de Parfum,2023,"amber;warm spicy;powdery;vanilla;balsamic;woody;sweet;aromatic",,,,"Myrrhe;Vanille;Bois de santal;Musc;Cuir;Absinthe;Jasmin",,,,,,,,,3.89
Tom Ford,Noir de Noir,https://www.fragrantica.fr/parfum/Tom-Ford/Noir-de-Noir-1822.html,unisexe,Eau de Parfum,2007,"earthy;rose;patchouli;warm spicy;vanilla;woody;oud;floral",Safran,"Rose noire;Truffe;Notes fleuries","Patchouli;Vanille;Oud;Mousse de chêne",,,,,,,,,,4.32
Tom Ford,Ombre Leather 16,https://www.fragrantica.fr/parfum/Tom-Ford/Ombre-Leather-16-40809.html,unisexe,Eau de Parfum,2016,"leather;animalic;ozonic;warm spicy;earthy;mossy;aquatic;patchouli",,,,"Cuir;Feuille de violette;Mousse de chêne;Patchouli;Jasmin Sambac;Cardamome",,,,,,,,,4.21
Tom Ford,Oud Fleur,https://www.fragrantica.fr/parfum/Tom-Ford/Oud-Fleur-21401.html,unisexe,Eau de Parfum,2013,"rose;oud;woody;amber;balsamic;patchouli;warm spicy;floral",,,,"Rose;Oud;Résines;Patchouli;Bois de santal",longue tenue,modéré (e),,,,,,,4.11
Tom Ford,Oud Minérale,https://www.fragrantica.fr/parfum/Tom-Ford/Oud-Minerale-45192.html,unisexe,Eau de Parfum,2017,"marine;salty;amber;aromatic;aquatic;oud;animalic;balsamic",,,,"Notes marines;Sel de mer;Algue;Ambre gris;Oud;Styrax;Sapin baumier;Poivre rose;Pepperwood",,,,,,,,,4.06
Tom Ford,Oud Voyager,https://www.fragrantica.fr/parfum/Tom-Ford/Oud-Voyager-111206.html,unisexe,Eau de Parfum,2025,"warm spicy;aromatic;floral;oud;fresh spicy;fresh;woody;rose","Géranium;Poivre rose;Agrumes","Pivoine rouge;Cardamome;Safran","Oud;Huile essentielle de cypriol;Patchouli;Vétiver;Musc",,,,,,,,,,4.01
Tom Ford,Oud Wood,https://www.fragrantica.fr/parfum/Tom-Ford/Oud-Wood-1826.html,unisexe,Eau de Parfum,2007,"woody;oud;warm spicy;aromatic;vanilla;balsamic;fresh spicy;amber",,,,"Oud;Palissandre du Brésil;Cardamome;Bois de santal;Poivre du Sichuan;Vanille;Vétiver;Fève de tonka;Ambre",,,,,,,,,4.29
Tom Ford,Oud Wood Intense,https://www.fragrantica.fr/parfum/Tom-Ford/Oud-Wood-Intense-46767.html,unisexe,Eau de Parfum,2017,"woody;fresh spicy;aromatic;leather;oud;musky;smoky;amber",,,,"Castoréum;Oud;Cyprès;Genévrier;Angélique;Gingembre",,,,,,,,,4.16
Tom Ford,Oud Wood Parfum,https://www.fragrantica.fr/parfum/Tom-Ford/Oud-Wood-Parfum-89988.html,unisexe,Eau de Parfum,2024,"woody;warm spicy;aromatic;vanilla;oud;patchouli;powdery;amber","Cardamome;Poivre rose;Romarin","Bois de santal;Oud;Patchouli;Vétiver","Vanille;Fève de tonka;Ambre",,,,,,,,,,4.13
Tom Ford,Patchouli Absolu,https://www.fragrantica.fr/parfum/Tom-Ford/Patchouli-Absolu-28009.html,unisexe,Eau de Parfum,2014,"woody;patchouli;earthy;warm spicy;leather;fresh spicy;mossy;balsamic",,,,"Patchouli;Cuir;Mousse;Huile essentielle de cypriol;Gaïac;Feuille de laurier;Romarin;Bois de cachemire;Ambre;Musc;Fève de tonka",,,,,,,,,4.11
Tom Ford,Purple Patchouli,https://www.fragrantica.fr/parfum/Tom-Ford/Purple-Patchouli-1848.html,unisexe,Eau de Parfum,2007,"amber;woody;balsamic;patchouli;earthy;white floral;warm spicy;aromatic",,,,"Patchouli;Baumier du Pérou;Jasmin;Ambre;Vétiver",,,,,,,,,4.14
Tom Ford,Rose Exposed,https://www.fragrantica.fr/parfum/Tom-Ford/Rose-Exposed-98669.html,unisexe,Eau de Parfum,2025,"rose;fresh spicy;leather;musky;woody;amber;powdery;warm spicy","Poivre blanc;Poivre rose","Eau de rose;Huile essentielle de rose;Fleur d'oranger","Cuir;Résine oliban;Bois de santal;Musc;Bois de cachemire",,,,,,,,,,3.32
Tom Ford,Rose Prick,https://www.fragrantica.fr/parfum/Tom-Ford/Rose-Prick-58781.html,unisexe,Extrait de Parfum,2020,"rose;warm spicy;patchouli;fresh spicy;earthy;woody;citrus;floral","Poivre du Sichuan;Curcuma","Rose de Mai;Rose de Bulgarie;Rose de Turquie","Patchouli;Fève de tonka",,,,,,,,,,3.67
Tom Ford,Santal Blush,https://www.fragrantica.fr/parfum/Tom-Ford/Santal-Blush-12766.html,femme,Eau de Parfum,2011,"woody;warm spicy;powdery;fresh spicy;musky;amber;cinnamon;oud;f_gender",,,,,,,,,,,,,4.10
Tom Ford,Soleil Blanc,https://www.fragrantica.fr/parfum/Tom-Ford/Soleil-Blanc-34893.html,unisexe,Eau de Parfum,2016,"white floral;coconut;sweet;tuberose;amber;yellow floral;vanilla;woody","Pistache;Bergamote;Cardamome;Poivre rose","Tubéreuse;Ylang-ylang;Jasmin","Noix de Coco;Ambre;Fève de tonka;Benjoin",,,,,,,,,,4.06
Tom Ford,Soleil Blanc Parfum,https://www.fragrantica.fr/parfum/Tom-Ford/Soleil-Blanc-Parfum-131274.html,unisexe,Extrait de Parfum,2026,"vanilla;yellow floral;sweet;warm spicy;woody;amber;powdery;fruity",,,,,,,,,,,,,4.12
Tom Ford,Soleil Brûlant,https://www.fragrantica.fr/parfum/Tom-Ford/Soleil-Brulant-66125.html,unisexe,Extrait de Parfum,2021,"amber;citrus;woody;honey;sweet;white floral;animalic;fresh spicy","Poivre rose;Mandarine;Bergamote","Miel;Fleur d'oranger","Résine;Ambre;Résine oliban;Notes boisées;Cuir;Vétiver",,,,,,,,,,3.73
Tom Ford,Soleil de Feu,https://www.fragrantica.fr/parfum/Tom-Ford/Soleil-de-Feu-80083.html,femme,Extrait de Parfum,2023,"amber;woody;warm spicy;powdery;tuberose;white floral;balsamic;animalic;f_gender",,,,"Bois de santal;Ambre;Benjoin;Tubéreuse",,,,,,,,,4.02
Tom Ford,Soleil Neige,https://www.fragrantica.fr/parfum/Tom-Ford/Soleil-Neige-56737.html,unisexe,Extrait de Parfum,2019,"white floral;amber;citrus;vanilla;powdery;fresh spicy;musky;warm spicy",,,,,,,,,,,,,4.13
Tom Ford,Soleil Neige Parfum,https://www.fragrantica.fr/parfum/Tom-Ford/Soleil-Neige-Parfum-96596.html,unisexe,Eau de Parfum,2024,"citrus;white floral;powdery;woody;vanilla;amber;rose;floral","Graines de carotte;Bergamote;Mandarine","Jasmin;Fleur d'oranger;Rose de Turquie","Vanille;Notes boisées;Ambre",,,,,,,,,,4.16
Tom Ford,Tobacco Chocolat,https://www.fragrantica.fr/parfum/Tom-Ford/Tobacco-Chocolat-137224.html,unisexe,Extrait de Parfum,2026,"cacao;sweet;warm spicy;tobacco;chocolate;balsamic;amber;woody","Bois d'Akigala;Orange","Cacao;Chocolat noir","Tabac;Baumier du Pérou;Patchouli;Ambrofix™",,,,,,,,,,3.71
Tom Ford,Tobacco Oud,https://www.fragrantica.fr/parfum/Tom-Ford/Tobacco-Oud-21402.html,unisexe,Eau de Parfum,2013,"warm spicy;woody;tobacco;whiskey;oud;amber;sweet;balsamic",Whisky,"Notes épicées;Cannelle;Coriandre","Tabac;Oud;Encens;Bois de santal;Patchouli;Benjoin;Vanille;Cèdre",,,,,,,,,,4.21
Tom Ford,Tobacco Oud Intense,https://www.fragrantica.fr/parfum/Tom-Ford/Tobacco-Oud-Intense-46482.html,unisexe,Eau de Parfum,2017,"amber;woody;tobacco;sweet;oud;leather;smoky;musky",,,,"Tabac;Ambre;Oud;Castoréum;Fève de tonka;Ciste;Patchouli;Bois de santal;Coriandre;Cèdre",,,,,,,,,4.46
Tom Ford,Tobacco Vanille,https://www.fragrantica.fr/parfum/Tom-Ford/Tobacco-Vanille-1825.html,unisexe,Eau de Parfum,2007,"vanilla;sweet;tobacco;warm spicy;fruity;woody;cacao;powdery","Feuille de tabac;Notes épicées","Vanille;Cacao;Fève de tonka;Fleur de tabac","Fruits secs;Notes boisées",,,,,,,,,,4.17
Tom Ford,Tubéreuse Nue,https://www.fragrantica.fr/parfum/Tom-Ford/Tubereuse-Nue-64698.html,unisexe,Eau de Parfum,2021,"white floral;tuberose;amber;musky;leather;animalic;powdery;warm spicy","Lys;Jasmin;Poivre du Sichuan","Tubéreuse;Styrax;Benjoin;Cacao","Daim;Musc;Fève de tonka;Oud",,,,,,,,,,3.74
Tom Ford,Tuscan Leather,https://www.fragrantica.fr/parfum/Tom-Ford/Tuscan-Leather-1849.html,unisexe,Eau de Parfum,2007,"leather;fruity;animalic;sweet;amber;warm spicy;smoky;woody","Framboise;Safran;Thym","Résine oliban;Jasmin","Cuir;Daim;Notes boisées;Ambre",,,,,,,,,,4.25
Tom Ford,Tuscan Leather Intense,https://www.fragrantica.fr/parfum/Tom-Ford/Tuscan-Leather-Intense-55340.html,unisexe,Eau de Parfum,2019,"leather;animalic;fruity;amber;aromatic;musky;woody;sweet","Framboise;Davana;Safran;Thym","Notes boisées;Résine oliban;Jasmin","Cuir;Daim;Notes boisées;Notes animales;Ambre",,,,,,,,,,4.15
Tom Ford,Vanilla,https://www.fragrantica.fr/parfum/Tom-Ford/Vanilla-88588.html,unisexe,Extrait de Parfum,2023,"vanilla;powdery;woody;balsamic;sweet;warm spicy;animalic;soft spicy",,,,"Vanille d'Inde;Absolu de vanille;Bois de santal;Notes animales;Racine d'iris;Jasmin",,,,,,,,,3.05
Tom Ford,Vanille Fatale,https://www.fragrantica.fr/parfum/Tom-Ford/Vanille-Fatale-48029.html,unisexe,Eau de Parfum,2017,"vanilla;warm spicy;sweet;amber;woody;powdery;tobacco;balsamic","Rhum;Myrrhe;Résine oliban;Safran;Coriandre;Orange;Citron vert","Orge;Café;Prune;Frangipanier;Narcisse;Armoise;Rose","Vanille de Madagascar;Daim;Tabac;Acajou;Patchouli;Mousse de chêne;Violette",,,,,,,,,,4.08
Tom Ford,Vanille Fatale (2024),https://www.fragrantica.fr/parfum/Tom-Ford/Vanille-Fatale-2024-88659.html,unisexe,Eau de Parfum,2024,"vanilla;tobacco;coffee;warm spicy;leather;sweet;woody;powdery","Safran;Coriandre","Café;Frangipanier;Orge;Narcisse","Vanille de Madagascar;Tabac;Daim;Acajou",,,,,,,,,,4.10
Tom Ford,Velvet Gardenia,https://www.fragrantica.fr/parfum/Tom-Ford/Velvet-Gardenia-1824.html,unisexe,Eau de Parfum,2007,"white floral;amber;honey;animalic;sweet;tuberose;fruity;beeswax","Gardénia;Orange","Cire d'abeille;Tubéreuse;Prune;Miel;Jasmin;Muguet;Rose","Encens;Ciste de France",,,,,,,,,,4.10
Tom Ford,Venetian Bergamot,https://www.fragrantica.fr/parfum/Tom-Ford/Venetian-Bergamot-31696.html,unisexe,Eau de Parfum,2015,"woody;fresh spicy;citrus;white floral;yellow floral;floral;powdery;sweet","Bergamote;Gingembre;Poivre noir;Poivre rose","Gardénia;Ylang-ylang;Magnolia;Cèdre;Pepperwood™","Bois de santal;Bois de cachemire;Fève de tonka;Ambre",,,,,,,,,,4.14
Tom Ford,Cherry Smoke,https://www.fragrantica.fr/parfum/Tom-Ford/Cherry-Smoke-78578.html,unisexe,Extrait de Parfum,2022,"cherry;smoky;woody;leather;sweet;fruity;nutty;almond","Griotte;Safran","Cuir;Osmanthus de Chine;Olive;Abricot","Fumée;Notes boisées;Huile essentielle de cypriol",,,,,,,,,,4.11
Tom Ford,Electric Cherry,https://www.fragrantica.fr/parfum/Tom-Ford/Electric-Cherry-78583.html,unisexe,Extrait de Parfum,2023,"musky;cherry;sweet;soft spicy;amber;white floral;powdery;nutty","Cerise;Gingembre",Jasmin Sambac,"Poivre rose;Musc;Ambrettolide",,,,,,,,,,3.70
Tom Ford,Lost Cherry,https://www.fragrantica.fr/parfum/Tom-Ford/Lost-Cherry-51411.html,unisexe,Extrait de Parfum,2018,"cherry;sweet;almond;nutty;fruity;vanilla;warm spicy;amber","Amande amère;Cerise noire;Liqueur de Cerise","Griotte;Prune;Rose de Turquie;Jasmin Sambac","Vanille;Fève de tonka;Cannelle;Baumier du Pérou;Bois de santal;Benjoin;Clou de girofle;Cèdre;Patchouli;Vétiver",,,,,,,,,,4.06
Tom Ford,Fleur de Chine,https://www.fragrantica.fr/parfum/Tom-Ford/Fleur-de-Chine-18491.html,unisexe,Eau de Parfum,2013,"floral;amber;woody;fruity;citrus;rose;green;fresh spicy",,,,,,,,,,,,,4.05
Tom Ford,Plum Japonais,https://www.fragrantica.fr/parfum/Tom-Ford/Plum-Japonais-18490.html,femme,Eau de Parfum,2013,"warm spicy;fruity;amber;sweet;oud;cinnamon;fresh spicy;woody;f_gender","Cannelle;Safran","Prune du Japon;Fleur de prunier;Immortelle;Liqueur;Cyprès;Camélia","Oud;Ambre;Benjoin;Sapin;Vanille",,,,,,,,,,4.34
Tom Ford,Rive d’Ambre,https://www.fragrantica.fr/parfum/Tom-Ford/Rive-d-Ambre-18492.html,unisexe,Eau de Parfum,2013,"citrus;amber;aromatic;fresh;fresh spicy;warm spicy;woody;green",,,,"Agrumes;Bigarade;Ambre;Bergamote;Cognac;Citron;Menthe;Estragon;Baume de Tolu;Cardamome",,,,,,,,,4.19
Tom Ford,Shanghai Lily,https://www.fragrantica.fr/parfum/Tom-Ford/Shanghai-Lily-17220.html,femme,Eau de Parfum,2013,"warm spicy;amber;floral;woody;smoky;fresh spicy;white floral;balsamic;f_gender",,,,"Clou de girofle;Notes fleuries;Notes épicées;Encens;Poivre noir;Poivre rose;Vanille;Tubéreuse;Benjoin;Résine oliban;Jasmin;Bois de cachemire;Ciste;Gaïac;Rose;Bigarade;Castoréum;Vétiver",,,,,,,,,4.22
Tom Ford,Vert Boheme,https://www.fragrantica.fr/parfum/Tom-Ford/Vert-Boheme-40091.html,unisexe,Eau de Parfum,2016,"green;ozonic;white floral;floral;citrus;aquatic;aromatic;fruity",,,,"Férule gommeuse;Chèvrefeuille;Feuille de violette;Magnolia;Notes boisées;Mandarine de Sicile",,,,,,,,,3.86
Tom Ford,Vert d'Encens,https://www.fragrantica.fr/parfum/Tom-Ford/Vert-d-Encens-40087.html,unisexe,Eau de Parfum,2016,"woody;amber;aromatic;balsamic;conifer;fresh;smoky;fresh spicy",,,,"Résine de bois;Pin;Sapin baumier;Encens;Héliotrope;Notes boisées;Buis",,,,,,,,,4.24
Tom Ford,Vert de Fleur,https://www.fragrantica.fr/parfum/Tom-Ford/Vert-de-Fleur-40090.html,unisexe,Eau de Parfum,2016,"green;aromatic;floral;woody;earthy;balsamic;bitter;herbal",,,,"Férule gommeuse;Notes fleuries;Vétiver",,,,,,,,,4.03
Tom Ford,Vert des Bois,https://www.fragrantica.fr/parfum/Tom-Ford/Vert-des-Bois-40089.html,unisexe,Eau de Parfum,2016,"woody;balsamic;patchouli;aromatic;anis;warm spicy;sweet;white floral","Bourgeon de peuplier;Olivier;Anis;Prune","Lentisque;Jasmin","Patchouli;Notes boisées;Fève de tonka",,,,,,,,,,4.13
Tom Ford,Costa Azzurra,https://www.fragrantica.fr/parfum/Tom-Ford/Costa-Azzurra-25482.html,unisexe,Eau de Parfum,2014,"aromatic;woody;marine;fresh spicy;citrus;herbal;amber;aquatic","Bois flotté;Algue;Oud;Graines de céleri;Ambrette;Cardamome","Citron;Lavande;Genévrier;Mandarine jaune;Armoise;Myrte","Vétiver;Chêne;Résine oliban;Lentisque;Encens;Vanille",,,,,,,,,,3.96
Tom Ford,Costa Azzurra Acqua,https://www.fragrantica.fr/parfum/Tom-Ford/Costa-Azzurra-Acqua-52789.html,unisexe,Eau de Parfum,2019,"aromatic;woody;fresh spicy;citrus;amber;balsamic;conifer;green","Citron;Baies de genévrier;Myrte","Cyprès;Aiguilles de pin","Lentisque;Ambre;Ciste",,,,,,,,,,4.06
Tom Ford,Fleur de Portofino,https://www.fragrantica.fr/parfum/Tom-Ford/Fleur-de-Portofino-30677.html,unisexe,Eau de Parfum,2015,"white floral;citrus;floral;sweet;honey;fruity;aromatic;musky","Bergamote;Tangerine;Philadelphus;Citron de Sicile;Feuille d'oranger;Feuille de violette","Robinier faux-acacia;Jasmin;Magnolia;Fleur d'oranger;Osmanthus;Rose du Maroc","Miel d'acacia;Ambrette;Civette;Vanille;Baume de Tolu;Ciste",,,,,,,,,,4.02
Tom Ford,Fleur de Portofino Acqua,https://www.fragrantica.fr/parfum/Tom-Ford/Fleur-de-Portofino-Acqua-55658.html,unisexe,Eau de Parfum,2019,"citrus;floral;white floral;sweet;honey;ozonic;aquatic;green","Feuille de violette;Mandarine;Tangerine;Bergamote;Bigarade;Citron","Acacia;Fleur d'oranger;Magnolia;Jasmin;Rose du Maroc",Miel,,,,,,,,,,3.93
Tom Ford,Mandarino di Amalfi,https://www.fragrantica.fr/parfum/Tom-Ford/Mandarino-di-Amalfi-25481.html,unisexe,Eau de Parfum,2014,"citrus;aromatic;fresh spicy;white floral;green;musky;soft spicy;animalic","Citron;Pamplemousse;Menthe;Basilic;Estragon;Cassis","Fleur d'oranger;Jasmin;Sauge sclarée;Shiso;Coriandre;Poivre noir","Musc;Vétiver;Ambre;Ciste;Civette",,,,,,,,,,4.15
Tom Ford,Mandarino di Amalfi Acqua,https://www.fragrantica.fr/parfum/Tom-Ford/Mandarino-di-Amalfi-Acqua-44084.html,unisexe,Eau de Parfum,2017,"citrus;aromatic;fresh spicy;green;white floral;herbal;soft spicy;musky","Mandarine;Pamplemousse;Menthe;Bergamote;Estragon;Cassis","Fleur d'oranger;Huile de feuille de citronnier;Basilic;Sauge sclarée;Fleurs sauvages;Thym;Jasmin;Shiso;Poivre noir;Coriandre","Musc;Vétiver;Civette;Ciste;Ambre",,,,,,,,,,4.16
Tom Ford,Neroli Portofino,https://www.fragrantica.fr/parfum/Tom-Ford/Neroli-Portofino-12192.html,unisexe,Eau de Parfum,2011,"citrus;white floral;aromatic;fresh spicy;floral;fresh;sweet;soapy","Bergamote;Mandarine;Citron;Bigarade;Lavande;Romarin;Myrte","Fleur d'oranger d'Afrique;Néroli;Jasmin;Pittosporum","Ambre;Ambrette;Angélique",,,,,,,,,,3.96
Tom Ford,Neroli Portofino Acqua,https://www.fragrantica.fr/parfum/Tom-Ford/Neroli-Portofino-Acqua-32614.html,unisexe,Eau de Parfum,2016,"citrus;white floral;aromatic;fresh spicy;green;fresh;woody;floral","Bergamote;Citron;Petit-grain","Néroli;Fleur d'oranger","Amberwood;Musc blanc",,,,,,,,,,3.95
Tom Ford,Neroli Portofino Forte,https://www.fragrantica.fr/parfum/Tom-Ford/Neroli-Portofino-Forte-35575.html,unisexe,Eau de Parfum,2016,"citrus;white floral;fresh spicy;aromatic;green;woody;musky;fresh",,,,"Néroli;Fleur d'oranger;Bergamote;Orange sanguine;Notes boisées;Musc;Lavande;Basilic;Cuir;Férule gommeuse",,,,,,,,,4.24
Tom Ford,Neroli Portofino Parfum,https://www.fragrantica.fr/parfum/Tom-Ford/Neroli-Portofino-Parfum-92469.html,unisexe,Eau de Parfum,2024,"citrus;white floral;musky;aromatic;amber;fresh spicy;fresh;floral","Néroli;Bergamote;Citron;Orange sanguine","Néroli de Tunisie;Jasmin Sambac;Pittosporum;Sauge sclarée","Sylkolide;Musc;Ambre",,,,,,,,,,3.88
Tom Ford,Sole di Positano,https://www.fragrantica.fr/parfum/Tom-Ford/Sole-di-Positano-44106.html,unisexe,Eau de Parfum,2017,"citrus;white floral;aromatic;green;fresh spicy;fresh;woody;sweet","Bigarade;Mandarine;Bergamote de Calabre;Citron;Petit-grain","Néroli;Fleur d'oranger;Jasmin;Shiso;Ylang-ylang;Muguet",Mousse,,,,,,,,,,4.06
Tom Ford,Sole Di Positano Acqua,https://www.fragrantica.fr/parfum/Tom-Ford/Sole-Di-Positano-Acqua-55341.html,unisexe,Eau de Parfum,2019,"white floral;citrus;woody;green;sweet;mossy;aromatic;musky","Mandarine;Feuille de citronnier;Petit-grain","Fleur d'oranger;Jasmin;Muguet;Ylang-ylang;Shiso","Mousse;Musc;Bois de santal",,,,,,,,,,4.19
Tom Ford,Taormina Orange,https://www.fragrantica.fr/parfum/Tom-Ford/Taormina-Orange-125742.html,unisexe,Eau de Parfum,2026,"citrus;white floral;sweet;woody;warm spicy;earthy;musky;mossy","Orange sanguine;Mandarine verte;Citron vert;Cardamome","Bigarade;Fleur d'oranger;Notes fleuries","Musc;Patchouli;Mousse de chêne",,,,,,,,,,4.04
Tom Ford,Jasmine Musk,https://www.fragrantica.fr/parfum/Tom-Ford/Jasmine-Musk-6383.html,femme,Eau de Parfum,2009,"woody;white floral;powdery;musky;yellow floral;sweet;earthy;iris;f_gender",,,,"Jasmin;Musc;Ylang-ylang;Racine d'iris;Patchouli;Vanille;Bois de santal;Vétiver;Ambre;Ciste de France",,,,,,,,,3.82
Tom Ford,Urban Musk,https://www.fragrantica.fr/parfum/Tom-Ford/Urban-Musk-6384.html,femme,Eau de Parfum,2009,"musky;amber;sweet;honey;fresh spicy;floral;powdery;white floral;f_gender",,,,"Musc;Miel blanc;Jasmin;Ambrette;Benjoin;Prune;Encens;Carvi;Poivre",,,,,,,,,3.94
Tom Ford,White Suede,https://www.fragrantica.fr/parfum/Tom-Ford/White-Suede-6386.html,femme,Eau de Parfum,2009,"musky;powdery;leather;white floral;warm spicy;amber;woody;fresh;f_gender","Thym;Thé","Muguet;Safran;Rose","Daim;Musc;Bois de santal;Résine oliban;Ambre",,,,,,,,,,4.13
Tom Ford,Rose D'Amalfi,https://www.fragrantica.fr/parfum/Tom-Ford/Rose-D-Amalfi-71538.html,unisexe,Extrait de Parfum,2022,"almond;rose;floral;citrus;powdery;vanilla;nutty;fruity","Poivre rose;Bergamote;Mandarine d'Inde",Rose,"Amande;Héliotrope",,,,,,,,,,3.96
Tom Ford,Rose de Chine,https://www.fragrantica.fr/parfum/Tom-Ford/Rose-de-Chine-71539.html,unisexe,Eau de Parfum,2022,"rose;amber;floral;fresh;balsamic;warm spicy;sweet;musky",Pivoine de Chine,Rose,"Myrrhe;Ciste",,,,,,,,,,3.83
Tom Ford,Rose de Russie,https://www.fragrantica.fr/parfum/Tom-Ford/Rose-de-Russie-71540.html,unisexe,Eau de Parfum,2022,"leather;rose;fresh spicy;woody;animalic;smoky;warm spicy;floral",Poivre blanc,Rose,"Cuir;Notes boisées",,,,,,,,,,3.69
Tom Ford,Reserve Collection: Amber Absolute,https://www.fragrantica.fr/parfum/Tom-Ford/Reserve-Collection-Amber-Absolute-53603.html,unisexe,Extrait de Parfum,2019,"amber;woody;balsamic;smoky;vanilla;warm spicy;powdery;fresh spicy",,,,"Ambre;Encens;Ciste;Gousse de vanille;Résine oliban;Notes boisées",,,,,,,,,4.40
Tom Ford,Reserve Collection: Arabian Wood,https://www.fragrantica.fr/parfum/Tom-Ford/Reserve-Collection-Arabian-Wood-53604.html,unisexe,Eau de Parfum,2019,"woody;white floral;earthy;mossy;floral;rose;aromatic;lavender",,,,"Mousse;Rose de Bulgarie;Rose de Mai;Gardénia;Lavande;Racine d'iris;Notes boisées;Miel;Férule gommeuse;Néroli;Bergamote;Jasmin;Bois de santal;Cèdre;Ylang-ylang;Patchouli;Freesia;Fève de tonka;Ambre",,,,,,,,,4.10
Tom Ford,Reserve Collection: Black Violet,https://www.fragrantica.fr/parfum/Tom-Ford/Reserve-Collection-Black-Violet-53606.html,unisexe,Eau de Parfum,2019,"woody;violet;citrus;mossy;powdery;fruity;earthy;fresh","Fruits;Agrumes;Bergamote",Violette,"Mousse de chêne;Notes boisées",,,,,,,,,,4.39
Tom Ford,Reserve Collection: Bois Marocain,https://www.fragrantica.fr/parfum/Tom-Ford/Reserve-Collection-Bois-Marocain-53605.html,unisexe,Eau de Parfum,2019,"woody;aromatic;fresh spicy;amber;warm spicy;smoky;earthy;balsamic",,,,"Cyprès;Thuja;Cèdre;Encens;Vétiver;Poivre;Bergamote;Patchouli;Poivre rose",,,,,,,,,4.09
Tom Ford,Reserve Collection: Italian Cypress,https://www.fragrantica.fr/parfum/Tom-Ford/Reserve-Collection-Italian-Cypress-53607.html,unisexe,Eau de Parfum,2019,"woody;aromatic;fresh spicy;green;citrus;fresh;herbal",,,,"Cyprès;Notes boisées;Agrumes;Basilic;Menthe",,,,,,,,,4.44
Tom Ford,Reserve Collection: Jonquille de Nuit,https://www.fragrantica.fr/parfum/Tom-Ford/Reserve-Collection-Jonquille-de-Nuit-53608.html,unisexe,Eau de Parfum,2019,"yellow floral;powdery;green;amber;floral;iris;ozonic;musky","Mimosa;Feuille de violette;Cyclamen;Angélique;Fleur d'oranger amère",Narcisse,"Racine d'iris;Ambre",,,,,,,,,,4.31
Tom Ford,Reserve Collection: Rive d'Ambre,https://www.fragrantica.fr/parfum/Tom-Ford/Reserve-Collection-Rive-d-Ambre-53609.html,unisexe,Eau de Parfum,2019,"citrus;amber;aromatic;warm spicy;woody;powdery;fresh spicy;sweet",,,,"Cognac;Baume de Tolu;Estragon;Agrumes;Ambre;Menthe;Bigarade;Bergamote;Cardamome;Citron",,,,,,,,,4.02
Tom Ford,Reserve Collection: Velvet Gardenia,https://www.fragrantica.fr/parfum/Tom-Ford/Reserve-Collection-Velvet-Gardenia-53610.html,unisexe,Extrait de Parfum,2019,"white floral;honey;amber;sweet;animalic;fruity;beeswax;citrus","Gardénia;Orange","Cire d'abeille;Prune;Miel;Tubéreuse;Jasmin;Rose;Muguet","Encens;Ciste",,,,,,,,,,4.48
Tom Ford,Eau de Jasmin Rouge,https://www.fragrantica.fr/parfum/Tom-Ford/Eau-de-Jasmin-Rouge-66369.html,femme,Eau de Parfum,2021,"white floral;citrus;aquatic;fresh;warm spicy;aromatic;fresh spicy;floral;f_gender","Bergamote;Agrumes","Jasmin;Notes aquatiques",Cardamome,,,,,,,,,,4.00
Tom Ford,Eau de Vert Boheme,https://www.fragrantica.fr/parfum/Tom-Ford/Eau-de-Vert-Boheme-66370.html,femme,Eau de Parfum,2021,"citrus;white floral;marine;aquatic;floral;ozonic;aromatic;woody;f_gender","Feuille de violette;Bergamote;Mandarine de Sicile","Chèvrefeuille;Notes marines;Magnolia",Notes boisées,,,,,,,,,,3.84
Tom Ford,Beau De Jour Eau de Parfum,https://www.fragrantica.fr/parfum/Tom-Ford/Beau-De-Jour-Eau-de-Parfum-59064.html,homme,Eau de Parfum,2020,"aromatic;fresh spicy;lavender;woody;earthy;patchouli;green;mossy;f_gender","Extrait de lavande;Lavande","Mousse de chêne;Romarin;Menthe;Basilic;Géranium","Patchouli;Ambre",,,,,,,,,,4.30
Tom Ford,Bois Pacifique,https://www.fragrantica.fr/parfum/Tom-Ford/Bois-Pacifique-100411.html,homme,Eau de Parfum,2024,"woody;warm spicy;amber;powdery;aromatic;oud;fresh spicy;earthy;f_gender","Cardamome;Bois d'Akigala;Curcuma","Encens;Chêne;Cèdre;Santal blanc;Iris","Ambre;Vanille",,,,,,,,,,4.12
Tom Ford,Café Rose (2023),https://www.fragrantica.fr/parfum/Tom-Ford/Cafe-Rose-2023-83771.html,femme,Eau de Parfum,2023,"rose;warm spicy;woody;patchouli;aromatic;amber;floral;balsamic;f_gender","Rose de Turquie;Café","Rose de Bulgarie;Patchouli;Cardamome;Coriandre;Ylang-ylang","Encens;Bois de santal",,,,,,,,,,3.69
Tom Ford,Costa Azzurra,https://www.fragrantica.fr/parfum/Tom-Ford/Costa-Azzurra-64617.html,unisexe,Eau de Parfum,2021,"aromatic;woody;citrus;fresh spicy;marine;amber;herbal;warm spicy","Bois flotté;Algue;Oud;Ambrette;Cardamome;Graines de céleri","Citron;Cyprès;Mandarine jaune;Lavande;Myrte;Armoise","Encens;Vétiver;Chêne;Résine oliban;Lentisque;Vanille",,,,,,,,,,3.98
Tom Ford,Costa Azzurra Parfum,https://www.fragrantica.fr/parfum/Tom-Ford/Costa-Azzurra-Parfum-71511.html,unisexe,Eau de Parfum,2022,"woody;aromatic;amber;citrus;fresh spicy;musky;fresh;earthy",Citron d'Italie,"Cyprès;Chêne","Ambre;Ciste",,,,,,,,,,4.32
Tom Ford,Eau de Soleil Blanc 2025,https://www.fragrantica.fr/parfum/Tom-Ford/Eau-de-Soleil-Blanc-2025-103777.html,unisexe,Eau de Parfum,2025,"citrus;white floral;sweet;vanilla;coconut;amber;green;tuberose","Néroli;Cédrat;Bergamote;Bigarade;Petit-grain;Pistache;Cardamome;Poivre rose;Carvi","Tubéreuse;Fleur d'oranger de Tunisie;Ylang-ylang;Jasmin;Férule gommeuse","Noix de Coco;Vanille;Benjoin;Ambre;Fève de tonka",,,,,,,,,,4.17
Tom Ford,Metallique,https://www.fragrantica.fr/parfum/Tom-Ford/Metallique-55766.html,femme,Eau de Parfum,2019,"vanilla;aldehydic;powdery;floral;fresh;balsamic;woody;musky;f_gender","Aldéhydes;Poivre rose;Bergamote","Héliotrope;Aubépine;Muguet","Vanille;Ambrette;Baumier du Pérou;Bois de santal",,,,,,,,,,3.77
Tom Ford,Oud Minérale (2023),https://www.fragrantica.fr/parfum/Tom-Ford/Oud-Minerale-2023-88818.html,unisexe,Eau de Parfum,2023,"marine;aromatic;salty;aquatic;oud;amber;fresh spicy;woody",,,,"Notes marines;Sel;Oud;Herbier marin;Sapin baumier;Musc;Ambre;Poivre rose;Styrax",,,,,,,,,3.83
Tom Ford,Sahara Noir,https://www.fragrantica.fr/parfum/Tom-Ford/Sahara-Noir-17333.html,femme,Eau de Parfum,2013,"amber;woody;balsamic;warm spicy;smoky;beeswax;oud;aromatic;f_gender","Ciste;Cyprès;Bigarade;Calamus","Encens;Cire d'abeille;Cannelle;Papyrus;Rose du Maroc;Jasmin d'Egypte","Baume d'Egypte (dattier du désert);Ambre;Ciste;Benjoin;Oud;Cèdre;Vanille",,,,,,,,,,4.09
Tom Ford,Soleil Neige (2025),https://www.fragrantica.fr/parfum/Tom-Ford/Soleil-Neige-2025-120292.html,unisexe,Eau de Parfum,2025,"white floral;citrus;musky;amber;powdery;fresh spicy;sweet;soft spicy","Bergamote;Carotte","Fleur d'oranger;Jasmin","Musc;Benjoin;Ciste",,,,,,,,,,4.13
Tom Ford,Tom Ford for Men,https://www.fragrantica.fr/parfum/Tom-Ford/Tom-Ford-for-Men-1172.html,homme,Eau de Parfum,2007,"citrus;fresh spicy;woody;aromatic;fresh;tobacco;earthy;amber;f_gender","Huile de feuille de citronnier;Gingembre;Mandarine;Bergamote;Basilic;Feuille de violette","Feuille de tabac;Poivre;Fleur d'oranger de Tunisie;Fleur de pamplemousse","Ambre;Cèdre;Vétiver;Mousse de chêne;Patchouli de Virginie;Cuir;Huile essentielle de cypriol",,,,,,,,,,4.06
Tom Ford,Tom Ford for Men Extreme,https://www.fragrantica.fr/parfum/Tom-Ford/Tom-Ford-for-Men-Extreme-1820.html,homme,Eau de Parfum,2007,"woody;earthy;patchouli;fruity;citrus;warm spicy;sweet;animalic;f_gender",,,,"Truffe;Patchouli;Figue;Cèdre;Citron",,,,,,,,,4.35
Tom Ford,Violet Blonde,https://www.fragrantica.fr/parfum/Tom-Ford/Violet-Blonde-12767.html,femme,Eau de Parfum,2011,"iris;powdery;musky;woody;ozonic;earthy;aquatic;leather;f_gender","Feuille de violette;Poivre rose;Mandarine","Iris;Racine d'iris;Jasmin","Daim;Benjoin;Musc;Vétiver;Cèdre de Virginie",,,,,,,,,,4.04
Tom Ford,White Patchouli,https://www.fragrantica.fr/parfum/Tom-Ford/White-Patchouli-3797.html,femme,Eau de Parfum,2008,"woody;patchouli;white floral;floral;warm spicy;aromatic;rose;balsamic;f_gender","Fleurs blanches;Coriandre;Pivoine;Bergamote","Ambrette;Rose;Jasmin","Patchouli;Notes boisées;Encens",,,,,,,,,,3.81
Tom Ford,Musk Pure,https://www.fragrantica.fr/parfum/Tom-Ford/Musk-Pure-6385.html,femme,Eau de Parfum,2009,"musky;powdery;amber;white floral;yellow floral;sweet;beeswax;iris;f_gender",,,,"Musc;Cire d'abeille;Ylang-ylang;Racine d'iris;Benjoin;Fève de tonka;Muguet;Bergamote;Jasmin;Poivre",,,,,,,,,3.94
Tom Ford,Black Orchid,https://www.fragrantica.fr/parfum/Tom-Ford/Black-Orchid-1018.html,femme,Eau de Parfum,2006,"warm spicy;earthy;woody;sweet;amber;patchouli;floral;chocolate;f_gender","Truffe;Gardénia;Cassis;Ylang-ylang;Jasmin;Bergamote;Mandarine;Limone Costa d'Amalfi","Orchidée;Epices;Gardénia;Notes fruitées;Ylang-ylang;Jasmin;Lotus","Chocolat du Mexique;Patchouli;Vanille;Encens;Ambre;Bois de santal;Vétiver;Musc blanc",,,,,,,,,,3.89
Tom Ford,Black Orchid Eau de Toilette,https://www.fragrantica.fr/parfum/Tom-Ford/Black-Orchid-Eau-de-Toilette-31969.html,femme,Eau de Parfum,2015,"woody;earthy;floral;sweet;fruity;warm spicy;patchouli;balsamic;f_gender","Truffe;Ylang-ylang;Cassis;Bergamote","Orchidée noire;Tubéreuse;Notes fruitées","Patchouli;Encens;Bois de santal;Vanille;Vétiver;Lotus",,longue tenue,puissant,,,,,,,4.09
Tom Ford,Black Orchid Eau de Toilette (2023),https://www.fragrantica.fr/parfum/Tom-Ford/Black-Orchid-Eau-de-Toilette-2023-81006.html,femme,Eau de Parfum,2023,"warm spicy;patchouli;fruity;sweet;woody;floral;tuberose;fresh spicy;f_gender",,,,,,,,,,,,,4.07
Tom Ford,Black Orchid Hair Mist,https://www.fragrantica.fr/parfum/Tom-Ford/Black-Orchid-Hair-Mist-47761.html,femme,Extrait de Parfum,2017,"warm spicy;sweet;earthy;woody;fruity;amber;chocolate;powdery;f_gender","Truffe;Cassis;Gardénia;Ylang-ylang;Mandarine;Jasmin;Bergamote;Citron","Fruits;Orchidée noire;Epices;Gardénia;Ylang-ylang;Jasmin;Lotus","Chocolat noir;Patchouli;Vanille;Encens;Ambre;Vétiver;Musc;Bois de santal",,,,,,,,,,3.76
Tom Ford,Black Orchid Oud,https://www.fragrantica.fr/parfum/Tom-Ford/Black-Orchid-Oud-42432.html,femme,Eau de Parfum,2012,"warm spicy;earthy;woody;oud;sweet;powdery;patchouli;balsamic;f_gender",,,,"Oud;Truffe;Vanille;Patchouli;Chocolat noir;Orchidée;Encens;Jasmin;Bois de santal;Musc;Ylang-ylang;Agrumes",longue tenue,puissant,,,,,,,3.62
Tiziana Terenzi,Afrodite,https://www.fragrantica.fr/parfum/Tiziana-Terenzi/Afrodite-49645.html,unisexe,Extrait de Parfum,2018,"floral;fresh;white floral;sweet;fruity;soft spicy;musky;powdery","Lilas;Groseille blanche;Pêche blanche;Poivre rose;Gousse de vanille","Muguet;Néroli;Géranium;Tubéreuse;Iris","Musc blanc;Ambre gris;Patchouli;Ébène;Bois de santal",,,,,,,,,,3.75
Tiziana Terenzi,Bigia,https://www.fragrantica.fr/parfum/Tiziana-Terenzi/Bigia-40441.html,unisexe,Eau de Parfum,2016,"oud;rose;musky;floral;fruity;warm spicy;powdery;sweet","Safran;Fruits rouges;Fruit de la passion","Rose;Musc;Magnolia;Orchidée blanche","Oud;Musc;Oud blanc;Ambre;Sable",,longue tenue,modéré (e),,,,,,,3.74
Tiziana Terenzi,Burdel,https://www.fragrantica.fr/parfum/Tiziana-Terenzi/Burdel-66816.html,unisexe,Eau de Parfum,2020,"woody;fresh spicy;citrus;oud;amber;powdery;warm spicy;aromatic","Bergamote de Calabre;Cardamome du Guatémala;Ciste;Cumin","Huile essentielle de cypriol;Baume gurjum;Gaïac;Muguet","Oud indien;Bois de santal;Vanille;Musc;Ambre gris",,,,,,,,,,4.10
Tiziana Terenzi,Cabiria,https://www.fragrantica.fr/parfum/Tiziana-Terenzi/Cabiria-66817.html,unisexe,Extrait de Parfum,2020,"green;fruity;fresh;aromatic;aquatic;amber;musky;rose","Pomme verte;Menthe;Melon;Poire;Bourgeon de cassis;Herbe","Ambre gris;Rose de Bulgarie;Jasmin Sambac;Héliotrope","Musc;Vanille;Cèdre;Bouleau",,très longue tenue,puissant,,,,,,,3.96
Tiziana Terenzi,Casanova,https://www.fragrantica.fr/parfum/Tiziana-Terenzi/Casanova-25120.html,unisexe,Extrait de Parfum,2014,"amber;powdery;woody;musky;sweet;animalic;aromatic;green","Notes poudrées;Feuille de figuier;Orchidée;Bergamote;Jasmin","Ambre gris;Myrrhe;Cuir;Cardamome;Gaïac;Poivre rose;Vanille","Musc blanc;Ambroxan;Cèdre;Ambre;Vétiver;Fève de tonka;Mousse de chêne",,,,,,,,,,3.92
Tiziana Terenzi,Chimaera,https://www.fragrantica.fr/parfum/Tiziana-Terenzi/Chimaera-25119.html,unisexe,Eau de Parfum,2014,"warm spicy;amber;sweet;aromatic;balsamic;leather;tobacco;fresh spicy","Cuir;Baume de Tolu;Safran;Poivre noir;Teinture de terre;Feuille de laurier;Citron;Thym","Miel;Poivre rouge;Œillet;Iris;Sauge;Pivoine;Magnolia","Caramel;Oud;Tabac;Cuir;Benjoin;Pin;Balsamier du Canada;Patchouli;Ciste;Bois de cachemire",,,,,,,,,,4.10
Tiziana Terenzi,Cielo Blu,https://www.fragrantica.fr/parfum/Tiziana-Terenzi/Cielo-Blu-98126.html,unisexe,Eau de Parfum,2024,"citrus;aromatic;fresh spicy;ozonic;floral;musky;woody;lavender","Citron;Pamplemousse;Romarin;Laurier;Cardamome","Notes d'ozone;Lavande;Acacia;Rose de Bulgarie","Musc blanc;Chêne;Ambrette",,,,,,,,,,3.39
Tiziana Terenzi,Dionisio,https://www.fragrantica.fr/parfum/Tiziana-Terenzi/Dionisio-49662.html,unisexe,Extrait de Parfum,2018,"vanilla;amber;musky;oud;animalic;powdery;white floral;balsamic",,,,"Vanille de Tahiti;Vanille de Madagascar;Ambre gris;Musc;Oud;Jasmin;Muguet",longue tenue,puissant,,,,,,,4.08
Tiziana Terenzi,Gumin,https://www.fragrantica.fr/parfum/Tiziana-Terenzi/Gumin-40440.html,unisexe,Extrait de Parfum,2016,"citrus;sweet;fruity;powdery;woody;musky;ozonic;fresh spicy","Mandarine;Orange;Ananas;Bergamote","Notes d'ozone;Ambre;Violette;Jasmin;Rose","Musc;Bois de santal;Bouleau;Oud",,longue tenue,puissant,,,,,,,3.88
Tiziana Terenzi,Hao,https://www.fragrantica.fr/parfum/Tiziana-Terenzi/Hao-98127.html,unisexe,Eau de Parfum,2024,"woody;amber;powdery;sweet;warm spicy;iris;caramel;balsamic","Racine d'iris;Lotus;Orange de Sicile","Caramel;Santal d'Australie;Vanille de Madagascar;Ambre gris","Myrrhe;Oud blanc;Bois d'agar du Cambodge;Encens;Musc;Cèdre",,,,,,,,,,3.76
Tiziana Terenzi,Il Piacere 2022,https://www.fragrantica.fr/parfum/Tiziana-Terenzi/Il-Piacere-2022-77389.html,unisexe,Eau de Parfum,2022,"floral;white floral;rose;citrus;fresh spicy;herbal;aromatic;fresh","Longose blanc;Rose de Bulgarie;Armoise;Bergamote de Calabre;Pêche;Safran","Jasmin Sambac;Fleur d'oranger;Pivoine de Chine;Violette;Muguet;Gaïac","Ambre gris;Vanille bourbon;Santal d'Australie;Ylang-ylang;Musc",,,,,,,,,,3.96
Tiziana Terenzi,Kristina,https://www.fragrantica.fr/parfum/Tiziana-Terenzi/Kristina-69780.html,unisexe,Eau de Parfum,2021,"citrus;green;powdery;woody;fruity;musky;aromatic;fresh spicy","Bergamote de Calabre;Pamplemousse;Iris;Mandarine verte","Cassis;Iris;Iris de Toscane;Thé vert","Musc;Férule gommeuse;Patchouli;Santal d'Australie",,longue tenue,modéré (e),,,,,,,3.60
Tiziana Terenzi,Vittoriale 2022,https://www.fragrantica.fr/parfum/Tiziana-Terenzi/Vittoriale-2022-77390.html,unisexe,Eau de Parfum,2022,"animalic;woody;leather;amber;warm spicy;tobacco;patchouli;ozonic","Cuir;Tabac;Cardamome","Ciste;Patchouli de Singapour;Feuille de violette;Jasmin Sambac;Musc","Bois d'agar du Cambodge;Ambre gris;Oud indien;Mousse de chêne",,,,,,,,,,4.00
Tiziana Terenzi,Adhil Assoluto,https://www.fragrantica.fr/parfum/Tiziana-Terenzi/Adhil-Assoluto-38158.html,unisexe,Extrait de Parfum,2016,"vanilla;powdery;woody;soft spicy;green;aromatic;white floral;anis","Anis;Bourgeon de cassis;Notes vertes","Jasmin;Notes d'ozone","Vanille;Héliotrope;Santal d'Australie;Ambre;Amyris;Mousse de chêne",,longue tenue,énorme,,,,,,,3.98
Tiziana Terenzi,Alioth,https://www.fragrantica.fr/parfum/Tiziana-Terenzi/Alioth-52710.html,unisexe,Eau de Parfum,2018,"warm spicy;woody;animalic;rose;earthy;fresh spicy;oud;aromatic","Safran;Poivron vert;Cardamome;Poivre noir","Rose de Bulgarie;Huile essentielle de cypriol;Patchouli;Ylang-ylang","Bois d'agar du Cambodge;Oud indien;Ambre gris;Musc;Vanille de Madagascar",,,,,,,,,,4.17
Tiziana Terenzi,Dubhe Assoluto,https://www.fragrantica.fr/parfum/Tiziana-Terenzi/Dubhe-Assoluto-41151.html,unisexe,Eau de Parfum,2016,"woody;oud;warm spicy;rose;aromatic;earthy;fresh spicy;powdery","Rose;Safran;Souchet comestible;Géranium","Oud blanc;Baume gurjum;Gaïac;Bourgeon de cassis;Cèdre;Racine d'iris;Vanille","Oud;Patchouli;Ambre;Musc;Bois de santal",,,,,,,,,,4.40
Tiziana Terenzi,Leonis I,https://www.fragrantica.fr/parfum/Tiziana-Terenzi/Leonis-I-92020.html,unisexe,Eau de Parfum,2024,"woody;amber;warm spicy;fresh spicy;animalic;balsamic;aromatic;green","Davana;Safran;Poivre noir;Orange du Brésil","Huile essentielle de cypriol;Bois d'agar du Cambodge;Noix de muscade;Cèdre du Texas;Encens;Jasmin d'Inde;Myrrhe","Ambre gris;Benjoin;Santal d'Australie;Vanille bourbon",,,,,,,,,,4.00
Tiziana Terenzi,Lyncis,https://www.fragrantica.fr/parfum/Tiziana-Terenzi/Lyncis-55010.html,unisexe,Extrait de Parfum,2019,"woody;citrus;earthy;iris;powdery;mossy;patchouli;aromatic","Fleur d'iris;Iris blanc;Bergamote;Mandarine;Poivre rose","Jasmin;Rose;Fleur d'oranger;Ambre","Mousse de chêne;Patchouli;Cèdre;Vétiver;Bois de santal;Fève de tonka;Musc",,,,,,,,,,4.28
Tiziana Terenzi,Mizar Harrod's Exclusive,https://www.fragrantica.fr/parfum/Tiziana-Terenzi/Mizar-Harrod-s-Exclusive-55011.html,unisexe,Eau de Parfum,2019,"woody;aromatic;fresh spicy;earthy;powdery;amber;musky;patchouli","Genévrier;Ambre","Huile essentielle de cypriol;Cèdre;Baume gurjum;Oud","Musc;Vétiver;Bois de santal;Patchouli",,,,,,,,,,3.86
Tiziana Terenzi,Orionis,https://www.fragrantica.fr/parfum/Tiziana-Terenzi/Orionis-55009.html,unisexe,Eau de Parfum,2019,"amber;warm spicy;balsamic;powdery;animalic;smoky;vanilla;patchouli","Encens;Safran","Ambre gris;Ambre;Patchouli","Benjoin;Baume de Tolu;Musc;Vanille",,,,,,,,,,4.09
Tiziana Terenzi,Tyl Assoluto,https://www.fragrantica.fr/parfum/Tiziana-Terenzi/Tyl-Assoluto-36704.html,unisexe,Extrait de Parfum,2016,"citrus;vanilla;musky;woody;powdery;ozonic;amber;white floral","Notes d'ozone;Citron;Bergamote;Lavande","Ambre;Jasmin;Rose","Vanille;Musc;Blackwood",,,,,,,,,,4.26
Tiziana Terenzi,Velorum,https://www.fragrantica.fr/parfum/Tiziana-Terenzi/Velorum-44382.html,unisexe,Extrait de Parfum,2017,"sweet;fruity;warm spicy;vanilla;tropical;fresh;powdery;almond","Mandarine;Rose;Gingembre;Safran;Cardamome;Poivre noir","Fruit de la passion;Amande;Thé;Noix de muscade;Clou de girofle;Cannelle;Lotus","Chocolat blanc;Vanille;Musc;Ambre;Bois de santal;Fève de tonka;Gaïac",,très longue tenue,modéré (e),,,,,,,4.12
Tiziana Terenzi,Zubenel,https://www.fragrantica.fr/parfum/Tiziana-Terenzi/Zubenel-92021.html,unisexe,Eau de Parfum,2024,"amber;woody;warm spicy;chocolate;sweet;musky;balsamic;powdery","Ambrette;Encens;Ambre gris","Chocolat noir;Ambre gris;Vanille bourbon","Santal d'Australie;Bouleau;Caramel;Patchouli d'Inde",,,,,,,,,,4.42
Tiziana Terenzi,Lunanera,https://www.fragrantica.fr/parfum/Tiziana-Terenzi/Lunanera-46299.html,unisexe,Eau de Parfum,2017,"vanilla;sweet;powdery;amber;woody;earthy;iris;mossy","Feuille de figuier;Jasmin;Ylang-ylang;Rose de Bulgarie","Iris;Figue;Citron;Fève de tonka;Jasmin","Mousse de chêne;Vanille de Madagascar;Myrrhe;Héliotrope",,,,,,,,,,3.87
Tiziana Terenzi,Moro Di Venezia,https://www.fragrantica.fr/parfum/Tiziana-Terenzi/Moro-Di-Venezia-62949.html,unisexe,Extrait de Parfum,2018,"woody;powdery;citrus;violet;aromatic;fruity;white floral;fresh spicy","Pamplemousse;Ananas;Bergamote;Cassis","Violette;Jasmin;Muguet;Ambre","Musc;Cyprès du Japon;Chêne;Vanille",,,,,,,,,,4.04
Tiziana Terenzi,Ephesos,https://www.fragrantica.fr/parfum/Tiziana-Terenzi/Ephesos-87996.html,unisexe,Eau de Parfum,2023,"fruity;sweet;woody;tuberose;animalic;mossy;white floral;earthy","Tubéreuse;Fruit de la passion;Cassis;Bergamote de Calabre;Citron d'Italie","Feuille de ronce;Pêche;Ylang-ylang;Cannelle Ceylan;Framboise;Rose de Turquie","Mousse de chêne;Ambre gris;Tabac;Santal d'Australie;Vétiver de Haïti;Vanille bourbon;Musc",,très longue tenue,énorme,,,,,,,4.41
Tiziana Terenzi,Tughra,https://www.fragrantica.fr/parfum/Tiziana-Terenzi/Tughra-87995.html,unisexe,Eau de Parfum,2023,"woody;oud;amber;animalic;fresh spicy;warm spicy;musky;powdery","Noix de muscade;Myrrhe;Encens;Résine oliban;Oeillet d'Inde","Bois d'agar du Laos;Bois d'agar du Cambodge;Oud indien;Lavande;Safran","Musc;Gaïac;Ambre gris;Vétiver de Tahiti;Patchouli d'Inde",,,,,,,,,,4.43
Tiziana Terenzi,Akragas,https://www.fragrantica.fr/parfum/Tiziana-Terenzi/Akragas-74549.html,unisexe,Eau de Parfum,2022,"aromatic;fresh spicy;herbal;marine;woody;warm spicy;salty;patchouli","Myrte;Algue;Néroli;Pamplemousse","Sel;Thym rouge;Cèdre Atlas;Géranium","Patchouli de Singapour;Benjoin;Vanille de Madagascar;Musc",,,,,,,,,,4.08
Tiziana Terenzi,Al Contrario,https://www.fragrantica.fr/parfum/Tiziana-Terenzi/Al-Contrario-32171.html,unisexe,Eau de Parfum,2015,"vanilla;sweet;woody;warm spicy;cacao;nutty;amber;powdery","Cosse de cacao;Malt;Bois d'ébène","Vanille;Fève de tonka;Orchidée","Canne à sucre;Noisette;Bois de santal;Benjoin",,,,,,,,,,4.10
Tiziana Terenzi,Arethusa,https://www.fragrantica.fr/parfum/Tiziana-Terenzi/Arethusa-24685.html,unisexe,Eau de Parfum,2014,"fruity;woody;aromatic;sweet;marine;citrus;salty;fresh spicy","Figue;Prune;Sauge;Gingembre;Pamplemousse rose;Orange;Santal rouge","Grenade;Bruyère;Safran;Jasmin;Fleur d'oranger;Rose","Eau de mer;Sel;Vétiver;Sable;Laurier blanc;Cuir;Ciste;Patchouli;Genêt;Liquidambar",,longue tenue,puissant,,,,,,,3.77
Tiziana Terenzi,Borea,https://www.fragrantica.fr/parfum/Tiziana-Terenzi/Borea-55000.html,unisexe,Extrait de Parfum,2019,"white floral;sweet;fruity;floral;tuberose;vanilla;coconut;almond","Poire;Noix de Coco;Amande;Prune","Tubéreuse;Freesia;Jasmin;Rose","Vanille;Musc;Bois de santal;Mousse de chêne",,,,,,,,,,3.79
Tiziana Terenzi,Delox,https://www.fragrantica.fr/parfum/Tiziana-Terenzi/Delox-44357.html,unisexe,Extrait de Parfum,2017,"rose;honey;sweet;vanilla;powdery;floral;amber;coffee","Café;Iris;Jacinthe blanche","Rose de Turquie;Vanille;Opoponax","Miel;Musc blanc;Ambre;Cèdre",,,,,,,,,,4.05
Tiziana Terenzi,Ecstasy,https://www.fragrantica.fr/parfum/Tiziana-Terenzi/Ecstasy-16524.html,unisexe,Eau de Parfum,2012,"woody;amber;aromatic;balsamic;smoky;warm spicy;earthy;rose","Epicéa;Pin;Galets","Encens;Rose;Patchouli;Violette","Teinture de terre;Notes boisées;Ambre;Ciste;Bois de santal;Fève de tonka",,,,,,,,,,3.76
Tiziana Terenzi,Foconero,https://www.fragrantica.fr/parfum/Tiziana-Terenzi/Foconero-44358.html,unisexe,Eau de Parfum,2017,"citrus;aromatic;fresh spicy;woody;ozonic;salty;lavender;green","Citron vert;Genévrier;Lavande;Citron d'Italie;Bergamote;Thym","Sel;Notes d'ozone;Cardamome;Jacinthe;Ylang-ylang;Muguet","Mousse de chêne;Cèdre;Bois de santal;Patchouli",,,,,,,,,,3.92
Tiziana Terenzi,Gold Rose Oudh,https://www.fragrantica.fr/parfum/Tiziana-Terenzi/Gold-Rose-Oudh-16522.html,unisexe,Eau de Parfum,2012,"rose;woody;oud;fresh spicy;patchouli;warm spicy;floral;honey","Sapin;Sable;Bergamote","Rose;Patchouli;Poivre noir","Oud;Miel;Musc;Ambre;Bois de santal",,,,,,,,,,3.81
Tiziana Terenzi,Ilba,https://www.fragrantica.fr/parfum/Tiziana-Terenzi/Ilba-105882.html,unisexe,Extrait de Parfum,2025,"floral;fruity;woody;aromatic;sweet;fresh;cherry;leather","Fleur de cerisier du Japon;Fleur d'abricotier;Lavande;Genévrier;Jasmin Sambac","Fleur de pêcher;Musc;Cerise;Magnolia","Bouleau;Genévrier;Orme;Fraise;Ambre gris",,,,,,,,,,3.63
Tiziana Terenzi,Kirkè,https://www.fragrantica.fr/parfum/Tiziana-Terenzi/Kirke-32172.html,unisexe,Extrait de Parfum,2015,"fruity;sweet;musky;powdery;fresh;tropical;woody;vanilla","Fruit de la passion;Pêche;Poire;Framboise;Bourgeon de cassis;Sable",Muguet,"Musc;Bois de santal;Vanille;Patchouli;Héliotrope",,,,,,,,,,3.33
Tiziana Terenzi,Kirkè Overdose,https://www.fragrantica.fr/parfum/Tiziana-Terenzi/Kirke-Overdose-103499.html,unisexe,Extrait de Parfum,2025,"fruity;white floral;powdery;sweet;musky;vanilla;sand;animalic","Fruit de la passion;Pêche;Framboise;Rose de Bulgarie","Gardénia;Sable;Jasmin Sambac;Cassis;Muguet","Musc;Vanille bourbon;Ambre gris;Héliotrope;Santal d'Australie;Patchouli d'Inde",,,,,,,,,,3.78
Tiziana Terenzi,Laudano Nero,https://www.fragrantica.fr/parfum/Tiziana-Terenzi/Laudano-Nero-24684.html,unisexe,Eau de Parfum,2014,"woody;amber;smoky;aromatic;sweet;warm spicy;oud;fresh spicy","Cognac;Tabac;Ambre;Absinthe;Romarin;Myrte","Frêne;Miel d'acacia;Cèdre;Ardoise;Bois de santal;Romarin;Iris;Rose rouge","Encens;Oud;Ciste;Chêne;Camphre;Vanille;Laurier;Musc cachemire;Musc;Vétiver",,,,,,,,,,4.06
Tiziana Terenzi,Lillipur,https://www.fragrantica.fr/parfum/Tiziana-Terenzi/Lillipur-20565.html,unisexe,Eau de Parfum,2013,"amber;aromatic;fresh spicy;warm spicy;woody;anis;soft spicy;floral","Absinthe;Badiane de Chine;Résine oliban;Citron","Cannelle Ceylan;Poivre du Sichuan;Thym;Férule gommeuse;Œillet;Cyclamen","Ambre;Bois de cachemire;Benjoin;Fève de tonka;Cèdre Atlas;Tabac;Bouleau;Patchouli;Musc blanc",,,,,,,,,,3.82
Tiziana Terenzi,Maremma,https://www.fragrantica.fr/parfum/Tiziana-Terenzi/Maremma-20566.html,unisexe,Eau de Parfum,2013,"woody;sweet;amber;warm spicy;patchouli;cacao;fruity;powdery","Chêne;Cassis;Ylang-ylang;Jasmin;Bergamote","Miel;Oud;Kaki;Cumin;Iris;Angélique","Patchouli;Cacao;Ambre;Bois de santal;Ciste;Palissandre",,,,,,,,,,4.00
Tiziana Terenzi,Osola,https://www.fragrantica.fr/parfum/Tiziana-Terenzi/Osola-105883.html,unisexe,Eau de Parfum,2025,"citrus;white floral;woody;sweet;tuberose;coconut;animalic;yellow floral","Lait de coco;Noix de Coco;Mandarine;Citron;Petit-grain;Thé vert;Thé noir","Tubéreuse;Fleur d'oranger;Ylang-ylang;Cèdre;Amande","Chêne;Musc blanc;Ambre gris;Vanille de Madagascar",,,,,,,,,,3.83
Tiziana Terenzi,Rivea,https://www.fragrantica.fr/parfum/Tiziana-Terenzi/Rivea-87502.html,unisexe,Eau de Parfum,2023,"woody;aromatic;amber;warm spicy;patchouli;balsamic;earthy;marine","Safran;Rose de Bulgarie;Citron;Davana","Ambre gris;Patchouli de Singapour;Algue;Vétiver;Amyris;Huile essentielle de cypriol","Ambre gris;Cyprès;Santal d'Australie;Vanille bourbon",,,,,,,,,,3.61
Tiziana Terenzi,Siene,https://www.fragrantica.fr/parfum/Tiziana-Terenzi/Siene-55002.html,unisexe,Eau de Parfum,2019,"woody;amber;aromatic;leather;fresh spicy;smoky;warm spicy;balsamic","Cuir;Cyprès;Genévrier","Encens;Iris;Myrrhe;Patchouli","Miel;Ambre;Bois de santal;Musc",,,,,,,,,,4.11
Tiziana Terenzi,Torpe,https://www.fragrantica.fr/parfum/Tiziana-Terenzi/Torpe-87503.html,unisexe,Eau de Parfum,2023,"citrus;aromatic;rose;floral;marine;powdery;fresh;fresh spicy","Notes marines;Bergamote de Calabre;Citron;Mandarine de Sicile","Rose de Bulgarie;Pêche;Orange de Sicile;Pivoine;Lavande;Violette;Iris","Ambre gris;Musc;Ébène;Santal d'Australie;Mousse de chêne;Patchouli d'Inde",,,,,,,,,,3.73
Tiziana Terenzi,Tyrenum,https://www.fragrantica.fr/parfum/Tiziana-Terenzi/Tyrenum-74548.html,unisexe,Eau de Parfum,2022,"marine;salty;aromatic;citrus;amber;caramel;fresh spicy;warm spicy","Caramel;Bergamote de Calabre;Orange du Brésil;Thé vert;Osmanthus","Notes marines;Sel;Cardamome du Guatémala;Poivre noir;Poivre rose","Ambre gris;Pierre;Olivier;Musc;Patchouli d'Inde;Vanille de Madagascar",,,,,,,,,,3.71
Tiziana Terenzi,White Fire,https://www.fragrantica.fr/parfum/Tiziana-Terenzi/White-Fire-16523.html,unisexe,Eau de Parfum,2012,"white floral;musky;aquatic;powdery;green;fresh;aromatic;woody","Notes aquatiques;Feuilles vertes","Jasmin de Chine;Fougère;Ambre blanc","Musc;Bois de santal;Ambre",,,,,,,,,,3.86
Tiziana Terenzi,XIX March,https://www.fragrantica.fr/parfum/Tiziana-Terenzi/XIX-March-16525.html,unisexe,Eau de Parfum,2012,"green;aromatic;fresh spicy;woody;lavender;warm spicy;citrus;powdery","Feuilles vertes;Ortie;Menthe;Orange","Lavande;Clou de girofle;Jasmin;Cannelle","Romarin;Vétiver;Musc;Noix de muscade;Bois de santal;Cèdre",,,,,,,,,,3.88
Tiziana Terenzi,Borelli,https://www.fragrantica.fr/parfum/Tiziana-Terenzi/Borelli-81681.html,unisexe,Eau de Parfum,2023,"white floral;tuberose;floral;fresh;yellow floral;citrus;aldehydic;woody","Frangipanier;Aldéhydes;Bergamote de Calabre;Mandarine de Sicile","Tubéreuse;Muguet;Ylang-ylang;Violette d'Italie;Rose de Bulgarie","Musc;Vanille de Madagascar;Santal d'Australie;Ébène;Bouleau",,,,,,,,,,4.13
Tiziana Terenzi,Chiron,https://www.fragrantica.fr/parfum/Tiziana-Terenzi/Chiron-66357.html,unisexe,Eau de Parfum,2021,"vanilla;sweet;woody;powdery;amber;tobacco;aromatic;balsamic","Fève de tonka;Orchidée vanille;Musc","Tabac;Ambre gris","Vanille bourbon;Palo santo;Bois de santal;Oud blanc",,,,,,,,,,4.08
Tiziana Terenzi,Encke Selfridges Exclusive,https://www.fragrantica.fr/parfum/Tiziana-Terenzi/Encke-Selfridges-Exclusive-55008.html,unisexe,Eau de Parfum,2019,"warm spicy;woody;animalic;aromatic;musky;powdery;patchouli;leather","Clou de girofle;Cardamome;Safran","Cèdre;Patchouli;Cuir","Bois de santal;Notes animales;Musc;Ambre;Ciste",,,,,,,,,,4.20
Tiziana Terenzi,Hale Bopp,https://www.fragrantica.fr/parfum/Tiziana-Terenzi/Hale-Bopp-55004.html,unisexe,Eau de Parfum,2019,"amber;fresh spicy;warm spicy;vanilla;powdery;cinnamon;woody;aromatic","Noix de muscade;Cannelle;Citron","Vanille;Géranium;Patchouli;Sauge","Ambre;Ciste;Bois de santal;Musc",,,,,,,,,,4.16
Tiziana Terenzi,Halley,https://www.fragrantica.fr/parfum/Tiziana-Terenzi/Halley-55007.html,unisexe,Extrait de Parfum,2019,"fruity;sweet;powdery;musky;green;vanilla;tropical;fresh","Fruit de la passion;Bourgeon de cassis;Citron;Rose","Pêche;Framboise;Notes fleuries;Notes vertes;Cannelle","Musc;Vanille;Notes boisées;Ambre",,,,,,,,,,4.10
Tiziana Terenzi,Hyakutake,https://www.fragrantica.fr/parfum/Tiziana-Terenzi/Hyakutake-81682.html,unisexe,Eau de Parfum,2023,"woody;aromatic;citrus;warm spicy;powdery;earthy;camphor;iris","Eucalyptus;Bergamote de Calabre;Cardamome;Citron","Racine d'iris;Ambre gris;Encens;Pensée","Santal d'Australie;Vétiver de Haïti;Larix;Tabac;Musc",,,,,,,,,,3.67
Tiziana Terenzi,Oterma,https://www.fragrantica.fr/parfum/Tiziana-Terenzi/Oterma-78646.html,unisexe,Eau de Parfum,2021,"white floral;woody;tuberose;animalic;green;oud;fresh;earthy","Tubéreuse;Muguet;Magnolia;Iris de Toscane","Baume gurjum;Amyris;Huile essentielle de cypriol;Fleur de vanille","Bois d'agar du Laos;Vanille de Madagascar;Ambre gris;Musc;Bois d'agar du Cambodge;Oud indien",,,,,,,,,,3.33
Tiziana Terenzi,Tempel,https://www.fragrantica.fr/parfum/Tiziana-Terenzi/Tempel-55005.html,unisexe,Extrait de Parfum,2019,"oud;white floral;fresh;amber;green;fresh spicy;soapy;floral",Muguet,"Oud;Muguet","Muguet;Ambre",,,,,,,,,,3.49
Tiziana Terenzi,Tuttle,https://www.fragrantica.fr/parfum/Tiziana-Terenzi/Tuttle-66358.html,unisexe,Extrait de Parfum,2021,"woody;fruity;citrus;aromatic;floral;powdery;leather;patchouli","Pamplemousse;Cassis;Pêche","Magnolia;Ambre;Tubéreuse;Iris;Muguet;Jasmin","Cèdre;Patchouli;Bouleau;Vétiver;Bois de santal",,,,,,,,,,4.10
Tiziana Terenzi,Wirtaner,https://www.fragrantica.fr/parfum/Tiziana-Terenzi/Wirtaner-55006.html,unisexe,Extrait de Parfum,2019,"woody;floral;rose;fresh spicy;vanilla;powdery;sweet;caramel","Rose;Ylang-ylang;Bergamote","Oud;Pivoine;Poivre;Jasmin","Vanille;Caramel;Bois de santal;Ambre",,,,,,,,,,4.05
Tiziana Terenzi,Bella Oudh,https://www.fragrantica.fr/parfum/Tiziana-Terenzi/Bella-Oudh-63559.html,unisexe,Eau de Parfum,2019,"woody;earthy;warm spicy;aromatic;mossy;white floral;citrus;vanilla","Orange;Safran;Clou de girofle;Citron de Sicile;Cardamome;Bergamote de Calabre;Tangerine","Mousse de chêne;Fleur d'oranger;Huile essentielle de cypriol;Jasmin;Ambre;Rose de Bulgarie","Chêne;Gaïac;Acajou;Vétiver;Oud indien;Bois d'agar du Cambodge;Vanille;Cerisier;Fève de tonka;Musc;Patchouli",,,,,,,,,,3.85
Tiziana Terenzi,Sidus,https://www.fragrantica.fr/parfum/Tiziana-Terenzi/Sidus-74508.html,unisexe,Eau de Parfum,2022,"woody;earthy;warm spicy;mossy;patchouli;sweet;rose;oud","Framboise;Poivre noir;Safran;Noix de muscade;Cardamome","Bois de santal;Rose de Bulgarie;Rose;Cheveux d'ange;Cèdre;Cuir","Mousse de chêne;Patchouli d'Inde;Bois d'agar du Laos;Résine oliban;Ambre gris",,,,,,,,,,4.05
Tiziana Terenzi,Adhara,https://www.fragrantica.fr/parfum/Tiziana-Terenzi/Adhara-81607.html,unisexe,Eau de Parfum,2023,"woody;vanilla;sweet;tobacco;patchouli;animalic;warm spicy;citrus","Tabac;Bigarade de Sicile;Fève de tonka;Caramel","Orchidée;Tubéreuse;Magnolia;Lys","Vanille de Madagascar;Patchouli;Bois d'agar du Cambodge;Ambre gris",,,,,,,,,,3.78
Tiziana Terenzi,Kuma,https://www.fragrantica.fr/parfum/Tiziana-Terenzi/Kuma-46061.html,unisexe,Eau de Parfum,2017,"fruity;sweet;vanilla;citrus;fresh;woody;powdery;green","Fruit de la passion;Citron;Bergamote;Bourgeon de cassis","Framboise;Magnolia;Feuille de figuier;Muguet;Cannelle","Gousse de vanille;Fleur de vanille;Ambre;Bouleau;Bois de santal;Chêne;Musc",,,,,,,,,,4.28
Tiziana Terenzi,La Superba Rossa,https://www.fragrantica.fr/parfum/Tiziana-Terenzi/La-Superba-Rossa-52840.html,unisexe,Extrait de Parfum,2018,"amber;honey;rose;green;floral;sweet;animalic;powdery","Miel;Notes herbacées",Rose de Mai,Ambre,,,,,,,,,,4.38
Tiziana Terenzi,Oud Alshain,https://www.fragrantica.fr/parfum/Tiziana-Terenzi/Oud-Alshain-40864.html,unisexe,Eau de Parfum,2016,"floral;woody;rose;animalic;oud;musky;powdery;fresh spicy","Cuir;Osmanthus;Néroli","Rose;Racine d'iris;Cèdre;Géranium","Oud;Patchouli;Musc;Ambre;Notes animales",,,,,,,,,,4.26
Tiziana Terenzi,Oud Mira,https://www.fragrantica.fr/parfum/Tiziana-Terenzi/Oud-Mira-46062.html,unisexe,Eau de Parfum,2017,"woody;warm spicy;oud;fresh spicy;citrus;earthy;yellow floral;aromatic","Safran;Bergamote;Tangerine;Rose de Bulgarie","Ylang-ylang;Clou de girofle;Géranium;Noix de muscade","Oud;Bois d'agar du Laos;Patchouli;Huile essentielle de cypriol;Ambre;Vétiver;Bois de santal",,,,,,,,,,4.00
Tiziana Terenzi,Oud Nihal,https://www.fragrantica.fr/parfum/Tiziana-Terenzi/Oud-Nihal-40865.html,unisexe,Eau de Parfum,2016,"woody;rose;oud;fresh spicy;earthy;patchouli;warm spicy;aromatic","Rose;Géranium","Oud;Baume gurjum","Patchouli;Huile essentielle de cypriol;Oud blanc;Musc",,,,,,,,,,4.75
Tiziana Terenzi,Oud Tarazed,https://www.fragrantica.fr/parfum/Tiziana-Terenzi/Oud-Tarazed-40863.html,unisexe,Eau de Parfum,2016,"warm spicy;amber;oud;citrus;leather;caramel;woody;fresh spicy","Citron;Safran;Poivre noir;Ébène;Cardamome","Poivre;Rose;Camélia;Œillet;Pivoine","Oud;Caramel;Cuir;Benjoin;Encens;Ciste;Bois de cachemire",,,,,,,,,,4.44
Tiziana Terenzi,Oud Wasat,https://www.fragrantica.fr/parfum/Tiziana-Terenzi/Oud-Wasat-40866.html,unisexe,Eau de Parfum,2016,"woody;oud;powdery;amber;warm spicy;fresh spicy;earthy;aromatic","Bergamote;Rose;Géranium;Pamplemousse","Encens;Cardamome;Baies de genévrier;Cèdre;Poivre","Oud;Huile essentielle de cypriol;Héliotrope;Ambre;Bois de santal;Musc;Patchouli",,,,,,,,,,3.60
Tiziana Terenzi,Wezen,https://www.fragrantica.fr/parfum/Tiziana-Terenzi/Wezen-88305.html,unisexe,Eau de Parfum,2023,"white floral;aromatic;oud;rose;floral;citrus;lavender;soft spicy","Rose de Bulgarie;Sauge sclarée;Bergamote;Lavande;Safran","Jasmin Sambac;Oeillet d'Inde;Encens;Noix de muscade;Huile essentielle de cypriol","Oud indien;Bois d'agar du Cambodge;Patchouli;Ambre gris;Mousse de chêne;Ambre",,,,,,,,,,4.09
Tiziana Terenzi,Lucenera,https://www.fragrantica.fr/parfum/Tiziana-Terenzi/Lucenera-46065.html,unisexe,Eau de Parfum,2017,"amber;aromatic;fresh spicy;balsamic;warm spicy;musky;powdery;vanilla","Thym;Origan;Benjoin;Coriandre;Myrte","Myrrhe;Ambre gris;Vanille;Angélique","Ambre gris;Feuille de patchouli;Ciste;Musc;Bois de santal",,,,,,,,,,4.44
Tiziana Terenzi,Nottebuia,https://www.fragrantica.fr/parfum/Tiziana-Terenzi/Nottebuia-88074.html,unisexe,Eau de Parfum,2023,"aromatic;citrus;woody;marine;aquatic;fresh spicy;earthy;amber","Algue;Bergamote de Calabre;Pamplemousse;Poivre rose","Lavande;Oud;Vétiver de Tahiti;Patchouli","Ambre gris;Santal d'Australie;Mousse de chêne;Oud;Cuir",,,,,,,,,,3.22
Tiziana Terenzi,Alcor,https://www.fragrantica.fr/parfum/Tiziana-Terenzi/Alcor-78752.html,unisexe,Eau de Parfum,2021,"citrus;aromatic;iris;warm spicy;fresh spicy;powdery;earthy;woody","Bergamote de Calabre;Pamplemousse;Citron;Cardamome du Guatémala;Lavande","Racine d'iris;Rose de Bulgarie;Patchouli;Muguet;Huile essentielle de cypriol","Cuir;Vanille de Madagascar;Bois d'agar du Cambodge;Musc;Ambre gris",,,,,,,,,,4.67
Tiziana Terenzi,Andromeda,https://www.fragrantica.fr/parfum/Tiziana-Terenzi/Andromeda-30623.html,unisexe,Extrait de Parfum,2015,"woody;sweet;vanilla;white floral;amber;fruity;floral;powdery","Ylang-ylang;Jasmin d'eau;Bergamote;Herbe","Pêche;Fleur de poirier;Lys;Héliotrope blanc;Feuille de violette;Rose de Damas","Bois de cachemire;Ambre;Ébène;Fève de tonka;Vanille;Sucre;Noix de Coco",,,,,,,,,,3.65
Tiziana Terenzi,Bianco Puro,https://www.fragrantica.fr/parfum/Tiziana-Terenzi/Bianco-Puro-53039.html,unisexe,Eau de Parfum,2019,"warm spicy;woody;sweet;citrus;aromatic;vanilla;powdery;animalic","Mandarine verte;Bergamote;Citron","Safran;Clou de girofle;Lavande;Caramel;Mangue","Bois d'agar du Cambodge;Vanille;Myrrhe;Bois de santal;Patchouli;Musc;Vétiver",,,,,,,,,,3.77
Tiziana Terenzi,Caput Mundi,https://www.fragrantica.fr/parfum/Tiziana-Terenzi/Caput-Mundi-52709.html,unisexe,Extrait de Parfum,2018,"woody;oud;warm spicy;animalic;amber;powdery;iris;balsamic","Cabreuva;Rose de Bulgarie;Iris;Muguet","Safran;Oud indien;Patchouli;Bois de santal;Racine d'iris","Ambre gris;Oud;Bois d'agar du Cambodge;Bois de cachemire;Cèdre",,,,,,,,,,3.64
Tiziana Terenzi,Cassiopea,https://www.fragrantica.fr/parfum/Tiziana-Terenzi/Cassiopea-30624.html,unisexe,Eau de Parfum,2015,"fruity;aromatic;sweet;fresh;tropical;musky;powdery;vanilla","Fruit de la passion;Bourgeon de cassis;Citron;Fougère","Rose hybride de thé;Muguet;Œillet","Fève de tonka;Musc;Bois de santal",,,,,,,,,,3.95
Tiziana Terenzi,Draco,https://www.fragrantica.fr/parfum/Tiziana-Terenzi/Draco-30626.html,unisexe,Eau de Parfum,2015,"powdery;vanilla;fruity;sweet;citrus;musky;floral;woody","Bergamote;Citron;Orange;Notes vertes","Pêche;Magnolia;Jasmin;Cèdre;Patchouli","Musc;Poire;Vanille;Fève de tonka;Héliotrope",,,,,,,,,,3.66
Tiziana Terenzi,Eclix,https://www.fragrantica.fr/parfum/Tiziana-Terenzi/Eclix-44355.html,unisexe,Extrait de Parfum,2017,"powdery;iris;citrus;violet;woody;almond;white floral;earthy","Amande;Iris;Citron;Tangerine;Vanille de Tahiti","Violette;Citron;Lys blanc;Petit-grain","Racine d'iris;Musc;Bois de santal;Ambre;Cèdre",,,,,,,,,,3.77
Tiziana Terenzi,Gemini,https://www.fragrantica.fr/parfum/Tiziana-Terenzi/Gemini-94058.html,unisexe,Eau de Parfum,2024,"warm spicy;woody;amber;earthy;fresh spicy;aromatic;balsamic;lavender","Safran;Lavande;Sauge sclarée;Rose de Bulgarie","Encens;Noix de muscade;Huile essentielle de cypriol;Jasmin Sambac;Oeillet d'Inde","Patchouli;Ambre gris;Mousse de chêne;Vétiver de Haïti",,,,,,,,,,3.54
Tiziana Terenzi,Leo,https://www.fragrantica.fr/parfum/Tiziana-Terenzi/Leo-74196.html,unisexe,Eau de Parfum,2022,"citrus;amber;woody;floral;musky;powdery;sweet;aromatic","Orange du Brésil;Mandarine de Sicile;Kumquat;Bergamote de Calabre","Magnolia;Ambre gris;Feuille de violette;Rose de Bulgarie;Jasmin Sambac;Myrrhe","Musc;Fève de tonka;Santal d'Australie;Cèdre;Benjoin de Siam;Chêne",,,,,,,,,,3.92
Tiziana Terenzi,Libra,https://www.fragrantica.fr/parfum/Tiziana-Terenzi/Libra-74197.html,unisexe,Eau de Parfum,2022,"citrus;amber;powdery;musky;animalic;aromatic;woody;vanilla","Pamplemousse;Rose de Bulgarie;Bergamote de Calabre;Citron;Tubéreuse","Ambre gris;Racine d'iris d'Italie;Jasmin Sambac;Cèdre Atlas","Musc;Fleur de vanille;Benjoin;Vétiver de Haïti;Mousse de chêne;Patchouli de Singapour",,,,,,,,,,3.89
Tiziana Terenzi,Lince,https://www.fragrantica.fr/parfum/Tiziana-Terenzi/Lince-53495.html,unisexe,Extrait de Parfum,2018,"powdery;vanilla;soft spicy;aromatic;anis;floral;white floral;woody","Absinthe;Badiane de Chine;Thé vert;Bergamote;Orange;Pamplemousse","Iris;Jasmin;Fleur d'oranger;Figue;Rose de Bulgarie","Fleur de vanille;Gousse de vanille;Héliotrope;Ambre gris;Musc;Bois de santal",,,,,,,,,,3.91
Tiziana Terenzi,Murales,https://www.fragrantica.fr/parfum/Tiziana-Terenzi/Murales-78754.html,unisexe,Eau de Parfum,2019,"citrus;white floral;fruity;sweet;powdery;woody;musky;amber","Pêche;Tangerine;Prune;Orange;Jasmin;Tubéreuse","Lys;Ambre;Magnolia;Violette;Iris","Musc;Cyprès du Japon;Vanille;Cèdre",,,,,,,,,,4.50
Tiziana Terenzi,Nero Oudh,https://www.fragrantica.fr/parfum/Tiziana-Terenzi/Nero-Oudh-53038.html,unisexe,Eau de Parfum,2019,"woody;warm spicy;oud;earthy;patchouli;rose;fresh spicy;metallic","Safran;Huile essentielle de cypriol;Géranium rosat;Ylang-ylang;Magnolia","Rose de Bulgarie;Baume gurjum;Gaïac;Cèdre;Violette","Oud indien;Patchouli;Ambre gris;Musc;Vanille",,,,,,,,,,4.12
Tiziana Terenzi,Notte Romana,https://www.fragrantica.fr/parfum/Tiziana-Terenzi/Notte-Romana-135689.html,unisexe,Eau de Parfum,2026,"amber;warm spicy;woody;floral;sweet;balsamic;aromatic;fresh spicy","Safran;Cognac;Rose de Turquie;Café;Rhum","Laurier rose;Ambre gris;Osmanthus;Jasmin;Vanille de Madagascar","Styrax;Feuille de laurier;Coumarine;Cyprès;Musc;Gaïac;Fève de tonka;Pin",,,,,,,,,,3.75
Tiziana Terenzi,Omicron,https://www.fragrantica.fr/parfum/Tiziana-Terenzi/Omicron-106900.html,unisexe,Eau de Parfum,2025,"citrus;vanilla;rose;sweet;fruity;floral;fresh spicy;powdery","Rose de Bulgarie;Orange de Sicile;Limone Costa d'Amalfi;Bergamote;Pamplemousse","Pêche;Eau de coco;Jasmin;Noisette","Vanille bourbon;Bouleau;Frangipanier;Cèdre;Santal d'Australie;Ambre",,,,,,,,,,4.29
Tiziana Terenzi,Orion,https://www.fragrantica.fr/parfum/Tiziana-Terenzi/Orion-32170.html,unisexe,Eau de Parfum,2015,"fruity;woody;smoky;leather;sweet;amber;aromatic;fresh","Ananas;Pomme;Bergamote;Groseille à grappes","Bouleau;Thym;Patchouli;Jasmin","Cèdre;Encens;Oud;Musc;Ambre",,,,,,,,,,4.09
Tiziana Terenzi,Phivele,https://www.fragrantica.fr/parfum/Tiziana-Terenzi/Phivele-106901.html,unisexe,Eau de Parfum,2025,"citrus;floral;yellow floral;fruity;rose;woody;musky;sweet","Mandarine de Calabre;Gingembre;Citron;Cerise","Rose de Turquie;Ylang-ylang;Osmanthus;Cèdre;Pêche;Noix de muscade;Cerise;Carotte","Musc blanc;Ambre;Patchouli de Singapour;Mousse de chêne;Olive",,,,,,,,,,4.22
Tiziana Terenzi,Pisces,https://www.fragrantica.fr/parfum/Tiziana-Terenzi/Pisces-94059.html,unisexe,Eau de Parfum,2024,"leather;vanilla;animalic;amber;balsamic;sweet;warm spicy;powdery","Safran;Citron;Rose de Bulgarie;Davana","Cuir;Ambre gris;Coumarine;Lavande;Patchouli de Singapour;Huile essentielle de cypriol","Ambre gris;Vanille;Musc;Santal d'Australie;Thym",,,,,,,,,,3.33
Tiziana Terenzi,Porpora,https://www.fragrantica.fr/parfum/Tiziana-Terenzi/Porpora-44356.html,unisexe,Eau de Parfum,2017,"amber;warm spicy;rose;balsamic;sweet;patchouli;smoky;floral",,,,,,,,,,,,,3.92
Tiziana Terenzi,Rosso Pompei,https://www.fragrantica.fr/parfum/Tiziana-Terenzi/Rosso-Pompei-65075.html,femme,Eau de Parfum,,"woody;citrus;amber;fruity;aromatic;animalic;patchouli;balsamic;f_gender","Pamplemousse;Limone Costa d'Amalfi;Raisin","Ambre gris;Magnolia;Jasmin;Tubéreuse;Muguet","Notes boisées;Cèdre;Patchouli;Bois de santal",,,,,,,,,,3.86
Tiziana Terenzi,Smeralda,https://www.fragrantica.fr/parfum/Tiziana-Terenzi/Smeralda-103427.html,unisexe,Eau de Parfum,2025,"citrus;woody;fresh spicy;aromatic;green;amber;powdery;sweet","Pamplemousse rose;Menthe;Mandarine;Gingembre;Cognac;Myrte;Poivre noir","Tabac;Ambre gris;Cèdre de Virginie;Rose de Bulgarie;Santal d'Australie;Iris;Cannelle","Vanille de Madagascar;Musc;Cuir;Vétiver;Patchouli d'Inde;Encens;Ciste",,,,,,,,,,3.71
Tiziana Terenzi,Spirito Fiorentino,https://www.fragrantica.fr/parfum/Tiziana-Terenzi/Spirito-Fiorentino-52197.html,unisexe,Extrait de Parfum,2019,"leather;woody;animalic;warm spicy;amber;smoky;white floral;metallic","Safran;Orange;Jasmin;Lys","Ambre gris;Ylang-ylang;Magnolia;Muguet","Cuir;Bouleau;Bois précieux;Musc;Mousse de chêne;Bois de santal",,,,,,,,,,3.86
Tiziana Terenzi,Sunsation,https://www.fragrantica.fr/parfum/Tiziana-Terenzi/Sunsation-137180.html,unisexe,Eau de Parfum,2026,"citrus;aromatic;fresh spicy;woody;fresh;soft spicy;amber;sweet","Bergamote;Pamplemousse;Kumquat;Citron;Genévrier;Orange;Poivre rose;Cardamome","Coriandre;Thé;Magnolia;Gingembre;Jasmin;Muguet","Palissandre;Bois de santal;Ambre gris;Mousse de chêne;Patchouli",,,,,,,,,,3.20
Tiziana Terenzi,Sunsation Exclusive (2019),https://www.fragrantica.fr/parfum/Tiziana-Terenzi/Sunsation-Exclusive-2019-78753.html,unisexe,Eau de Parfum,2019,"aromatic;citrus;fresh spicy;warm spicy;fresh;floral;white floral;woody","Citron;Cardamome;Genévrier;Orange;Bergamote;Kumquat;Pamplemousse;Poivre rose","Coriandre;Gingembre;Jasmin;Magnolia;Feuille de thé;Muguet","Patchouli;Bois de santal;Ambre gris;Palissandre;Mousse de chêne",,,,,,,,,,3.82
Tiziana Terenzi,Ursa,https://www.fragrantica.fr/parfum/Tiziana-Terenzi/Ursa-30625.html,unisexe,Eau de Parfum,2015,"woody;patchouli;warm spicy;balsamic;fresh spicy;leather;amber;sweet",,,,,,,,,,,,,4.02
Tiziana Terenzi,Vele,https://www.fragrantica.fr/parfum/Tiziana-Terenzi/Vele-44361.html,unisexe,Eau de Parfum,2017,"tropical;green;fruity;sweet;vanilla;powdery;floral;fresh spicy","Feuilles vertes;Mangue;Fruit de la passion;Sapin;Groseille à grappes","Héliotrope;Ylang-ylang;Jacinthe;Prune mombin;Jasmin;Rose","Papaye;Vanille;Musc;Ambre;Paulownia;Quatre-épices",,,,,,,,,,3.74
Tiziana Terenzi,Verna,https://www.fragrantica.fr/parfum/Tiziana-Terenzi/Verna-103429.html,unisexe,Eau de Parfum,2025,"vanilla;sweet;amber;balsamic;woody;yellow floral;animalic;warm spicy","Safran;Poivre rose;Rose de Bulgarie","Ylang-ylang;Noix de Coco;Encens;Ambre gris;Tubéreuse;Pêche;Cèdre;Cuir;Jasmin d'Inde","Vanille de Madagascar;Ambre gris;Coumarine;Musc;Fenouil;Fougère",,,,,,,,,,4.13
Tiziana Terenzi,Cas Attar,https://www.fragrantica.fr/parfum/Tiziana-Terenzi/Cas-Attar-47084.html,unisexe,Eau de Parfum,2017,"rose;fresh spicy;amber;oud;green;animalic;aromatic;musky","Rose;Poivres noir et rose","Oud;Poivron vert;Bouleau","Ambre gris;Musc;Vanille",,,,,,,,,,4.14
Tiziana Terenzi,Kaff Attar,https://www.fragrantica.fr/parfum/Tiziana-Terenzi/Kaff-Attar-46063.html,unisexe,Eau de Parfum,2017,"leather;citrus;floral;animalic;fresh;smoky;soft spicy;fresh spicy",,,,,,,,,,,,,4.00
Tiziana Terenzi,Mirach Attar,https://www.fragrantica.fr/parfum/Tiziana-Terenzi/Mirach-Attar-66814.html,unisexe,Eau de Parfum,2018,"patchouli;musky;woody;earthy;warm spicy;fresh spicy;powdery;oud","Néroli;Rose de Damas;Noix de muscade;Safran","Patchouli;Musc;Rose;Rose de Damas;Oud blanc;Davana;Ambre gris;Sable","Oud;Vanille;Styrax;Benjoin;Bois de santal",,,,,,,,,,4.33
Tiziana Terenzi,Saiph Attar,https://www.fragrantica.fr/parfum/Tiziana-Terenzi/Saiph-Attar-38156.html,unisexe,Eau de Parfum,2016,"vanilla;woody;sweet;powdery;tropical;fruity;green;floral","Notes d'ozone;Rose;Bergamote;Citron","Fruit de la passion;Cèdre;Notes vertes;Notes fleuries;Racine d'iris","Vanille;Musc;Ambre;Patchouli;Vétiver",,,,,,,,,,4.04
Tiziana Terenzi,Sirrah Attar,https://www.fragrantica.fr/parfum/Tiziana-Terenzi/Sirrah-Attar-66815.html,unisexe,Eau de Parfum,2018,"fruity;warm spicy;floral;green;patchouli;aromatic;woody;sweet","Safran;Poivron vert;Coing;Fruit de la passion","Osmanthus;Cardamome;Notes d'ozone;Rose;Ambre","Patchouli;Bouleau;Bois de santal;Cuir;Musc blanc",,,,,,,,,,3.00
Tiziana Terenzi,Tabit Attar,https://www.fragrantica.fr/parfum/Tiziana-Terenzi/Tabit-Attar-38157.html,unisexe,Extrait de Parfum,2016,"sweet;powdery;musky;floral;fruity;amber;woody;green","Notes vertes;Bergamote","Pêche;Notes fleuries;Sable;Noix de Coco","Notes sucrées;Musc;Ambre;Notes boisées;Vanille",,,,,,,,,,4.10
Tiziana Terenzi,Arrakis,https://www.fragrantica.fr/parfum/Tiziana-Terenzi/Arrakis-54989.html,unisexe,Extrait de Parfum,2019,"warm spicy;tobacco;woody;sweet;amber;aromatic;fruity;floral",,,,,,,,,,,,,4.36
Tiziana Terenzi,Cas,https://www.fragrantica.fr/parfum/Tiziana-Terenzi/Cas-44360.html,unisexe,Extrait de Parfum,2017,"amber;fresh spicy;green;vanilla;oud;musky;animalic;leather","Rose;Poivres noir et rose","Poivron vert;Oud;Bouleau","Ambre gris;Vanille;Musc",,,,,,,,,,3.90
Tiziana Terenzi,Chi,https://www.fragrantica.fr/parfum/Tiziana-Terenzi/Chi-75664.html,unisexe,Extrait de Parfum,2022,"earthy;woody;vanilla;warm spicy;sweet;caramel;animalic;coffee","Caramel;Café;Lait;Amande","Bois d'agar du Cambodge;Notes terreuses;Vanille;Truffe;Patchouli","Fève de tonka;Caramel;Fleur de vanille;Oud indien;Huile essentielle de cypriol",,,,,,,,,,3.34
Tiziana Terenzi,Draconis,https://www.fragrantica.fr/parfum/Tiziana-Terenzi/Draconis-54990.html,unisexe,Extrait de Parfum,2019,"citrus;fresh spicy;aromatic;woody;earthy;warm spicy;patchouli;amber","Citron;Pamplemousse;Bergamote","Poivre;Géranium","Vétiver;Patchouli;Résine oliban;Ambre",,,,,,,,,,3.72
Tiziana Terenzi,Ixbeta,https://www.fragrantica.fr/parfum/Tiziana-Terenzi/Ixbeta-98112.html,unisexe,Extrait de Parfum,2024,"fruity;powdery;sweet;citrus;rose;woody;violet;fresh spicy","Orange de Sicile;Groseille à grappes;Cardamome;Bergamote de Calabre;Citron","Framboise;Violette d'Italie;Géranium d'Afrique;Poivre rose;Pêche;Rose de Bulgarie;Osmanthus;Jasmin d'Inde","Ambre gris;Talc;Musc;Mousse de chêne;Santal d'Australie;Bois d'agar du Cambodge",,,,,,,,,,3.87
Tiziana Terenzi,Kaff,https://www.fragrantica.fr/parfum/Tiziana-Terenzi/Kaff-44359.html,unisexe,Extrait de Parfum,2017,"woody;aromatic;iris;fresh spicy;powdery;earthy;leather;animalic",,,,,,,,,,,,,4.03
Tiziana Terenzi,Mirach,https://www.fragrantica.fr/parfum/Tiziana-Terenzi/Mirach-49692.html,unisexe,Extrait de Parfum,2018,"oud;amber;warm spicy;rose;vanilla;balsamic;fresh spicy;animalic","Rose;Rose de Damas;Safran;Noix de muscade;Néroli","Oud blanc;Rose de Damas;Ambre gris;Sable;Patchouli","Vanille;Oud;Benjoin;Bois de santal",,,,,,,,,,4.13
Tiziana Terenzi,Saiph,https://www.fragrantica.fr/parfum/Tiziana-Terenzi/Saiph-47059.html,unisexe,Extrait de Parfum,2017,"powdery;floral;vanilla;woody;citrus;green;sweet;musky","Notes d'ozone;Citron;Bergamote;Rose","Notes fleuries;Fruit de la passion;Notes vertes;Iris;Cèdre","Vanille;Musc;Ambre;Patchouli;Vétiver",,,,,,,,,,3.90
Tiziana Terenzi,Sirrah,https://www.fragrantica.fr/parfum/Tiziana-Terenzi/Sirrah-49693.html,unisexe,Extrait de Parfum,2018,"fruity;sweet;fresh;warm spicy;leather;floral;musky;tropical","Fruit de la passion;Coing;Safran;Poivron vert","Air montagneux;Osmanthus;Ambre;Rose;Cardamome","Musc blanc;Cuir;Bois de santal;Bouleau;Patchouli",,,,,,,,,,3.95
Tiziana Terenzi,Tabit,https://www.fragrantica.fr/parfum/Tiziana-Terenzi/Tabit-50473.html,unisexe,Extrait de Parfum,2016,"sweet;powdery;musky;fruity;woody;vanilla;floral;amber","Notes vertes;Bergamote","Pêche;Notes fleuries;Sable;Noix de Coco","Musc;Barbe à papa;Notes boisées;Vanille;Ambre",,,,,,,,,,3.97
Tiziana Terenzi,Talitha,https://www.fragrantica.fr/parfum/Tiziana-Terenzi/Talitha-75665.html,unisexe,Extrait de Parfum,2022,"woody;aromatic;citrus;fresh spicy;leather;animalic;earthy;amber","Limone Costa d'Amalfi;Feuille de citronnier;Pamplemousse rose;Bergamote de Calabre","Cuir;Noix de muscade;Ambre gris;Ylang-ylang;Cannelle Ceylan;Cardamome du Guatémala;Rose de Bulgarie","Vétiver de Haïti;Cèdre Atlas;Gaïac;Musc",,,,,,,,,,3.52
Tiziana Terenzi,Uxalpha,https://www.fragrantica.fr/parfum/Tiziana-Terenzi/Uxalpha-98113.html,unisexe,Extrait de Parfum,2024,"amber;vanilla;citrus;sweet;woody;caramel;balsamic;coconut","Orange de Sicile;Bergamote de Calabre;Pamplemousse rose","Noix de Coco;Cèdre;Ciste;Musc","Vanille de Madagascar;Ambre gris;Caramel;Patchouli d'Inde",,,,,,,,,,4.19
Tiziana Terenzi,Abbrivio,https://www.fragrantica.fr/parfum/Tiziana-Terenzi/Abbrivio-83097.html,unisexe,Eau de Parfum,2023,"sweet;woody;aromatic;amber;marine;fruity;citrus;mossy","Santolina;Orange du Brésil;Fraise;Cassis","Algue;Ambre gris;Cassonade;Fève de tonka;Coumarine","Mousse de chêne;Musc;Santal d'Australie;Cèdre Atlas;Chêne;Patchouli de Singapour",,,,,,,,,,3.76
Tiziana Terenzi,Atlantide,https://www.fragrantica.fr/parfum/Tiziana-Terenzi/Atlantide-61874.html,unisexe,Extrait de Parfum,2020,"tuberose;white floral;green;yellow floral;citrus;tropical;fruity;animalic",,,,"Tubéreuse;Fruit de la passion;Narcisse;Bergamote de Calabre;Rose",,,,,,,,,3.64
Tiziana Terenzi,Cubia,https://www.fragrantica.fr/parfum/Tiziana-Terenzi/Cubia-61875.html,unisexe,Extrait de Parfum,2020,"woody;fruity;citrus;fresh;sweet;soft spicy;powdery;fresh spicy",,,,,,,,,,,,,3.65
Tiziana Terenzi,Deriva,https://www.fragrantica.fr/parfum/Tiziana-Terenzi/Deriva-83098.html,unisexe,Eau de Parfum,2023,"aromatic;sweet;fresh spicy;warm spicy;woody;fruity;lavender;patchouli","Lavande;Ananas;Bergamote de Calabre;Cardamome","Patchouli de Singapour;Géranium;Poivre rose;Framboise;Gardénia","Palissandre;Feuille de tabac;Santal d'Australie;Fève de tonka;Vanille de Madagascar",,,,,,,,,,3.65
Tiziana Terenzi,Dorade (Harrods Exclusive),https://www.fragrantica.fr/parfum/Tiziana-Terenzi/Dorade-Harrods-Exclusive-95711.html,unisexe,Eau de Parfum,2024,"woody;aromatic;amber;camphor;yellow floral;white floral;warm spicy;soft spicy",,,,,,,,,,,,,3.90
Tiziana Terenzi,Orza,https://www.fragrantica.fr/parfum/Tiziana-Terenzi/Orza-61873.html,unisexe,Extrait de Parfum,2020,"fruity;sweet;vanilla;powdery;caramel;musky;woody;coconut","Baies sauvages;Noix de Coco;Pomme verte;Prune;Orchidée;Mandarine;Magnolia","Jasmin;Rose de Bulgarie;Muguet","Caramel;Musc;Vanille de Madagascar;Benjoin;Ambre;Bois de santal",,,,,,,,,,3.86
Tiziana Terenzi,Poggia,https://www.fragrantica.fr/parfum/Tiziana-Terenzi/Poggia-61872.html,unisexe,Extrait de Parfum,2020,"citrus;musky;sweet;aromatic;fresh spicy;yellow floral;woody;fruity","Bergamote;Citron;Pêche;Orange","Ylang-ylang;Romarin;Fruit de la passion;Rose de Turquie;Pomme verte","Musc;Ambre gris;Vanille",,,,,,,,,,3.23
Tiziana Terenzi,Telea,https://www.fragrantica.fr/parfum/Tiziana-Terenzi/Telea-61876.html,unisexe,Extrait de Parfum,2020,"woody;musky;sweet;floral;powdery;fruity;citrus;fresh","Poire;Agrumes;Rose de Bulgarie;Aubépine","Jasmin;Ylang-ylang;Héliotrope","Musc;Vétiver de Haïti;Acajou;Chêne;Bois d'agar du Cambodge",,,,,,,,,,3.83
Tiziana Terenzi,Iddu,https://www.fragrantica.fr/parfum/Tiziana-Terenzi/Iddu-96037.html,unisexe,Extrait de Parfum,2024,"woody;animalic;vanilla;amber;floral;mossy;tobacco;sweet","Vanille;Lotus;Magnolia","Bois d'agar du Cambodge;Ambre gris;Tabac","Vanille bourbon;Mousse;Bouleau",,,,,,,,,,3.72
Tiziana Terenzi,Idnà,https://www.fragrantica.fr/parfum/Tiziana-Terenzi/Idna-96038.html,unisexe,Eau de Parfum,2024,"aromatic;woody;herbal;amber;fresh spicy;balsamic;conifer;green",,,,,,,,,,,,,4.00
Tiziana Terenzi,O’ Vesù,https://www.fragrantica.fr/parfum/Tiziana-Terenzi/O-Vesu-96039.html,unisexe,Eau de Parfum,2024,"woody;leather;aromatic;smoky;green;mineral;earthy;mossy","Rhubarbe;Pamplemousse;Poivre rose","Lave;Jasmin d'Inde;Ambre gris;Cuir","Bouleau;Mousse;Santal d'Australie;Cèdre;Vétiver de Haïti",,,,,,,,,,4.21
Tiziana Terenzi,Struò,https://www.fragrantica.fr/parfum/Tiziana-Terenzi/Struo-96040.html,unisexe,Eau de Parfum,2024,"animalic;woody;amber;leather;beeswax;oud;honey;warm spicy","Bergamote de Calabre;Ciste;Safran;Mandarine de Sicile","Bois d'agar du Cambodge;Thé vert;Cardamome;Clou de girofle;Cèdre","Cire d'abeille;Bois d'agar du Laos;Ambre gris;Cuir;Bouleau;Tabac",,,,,,,,,,4.00
Stéphane Humbert Lucas 777,In The Wood For Love,https://www.fragrantica.fr/parfum/Stephane-Humbert-Lucas-777/In-The-Wood-For-Love-49396.html,unisexe,Eau de Parfum,2018,"woody;powdery;iris;smoky;amber;aldehydic;warm spicy;floral","Aldéhydes;Miel;Bergamote;Ciste","Bois de santal;Iris;Fumée;Vanille","Styrax;Patchouli;Musc naturel;Para-Cresyl Phenyl Acetate",,,,,,,,,,3.06
Stéphane Humbert Lucas 777,Isra & Miraj,https://www.fragrantica.fr/parfum/Stephane-Humbert-Lucas-777/Isra-Miraj-58894.html,unisexe,Extrait de Parfum,2019,"powdery;vanilla;fresh spicy;warm spicy;citrus;floral;amber;woody","Noix de muscade;Cannelle;Mandarine;Bergamote","Héliotrope;Osmanthus","Vanille;Ambre gris;Musc blanc;Bois de santal;Oud;Cuir;Patchouli",,,,,,,,,,4.06
Stéphane Humbert Lucas 777,Le 8,https://www.fragrantica.fr/parfum/Stephane-Humbert-Lucas-777/Le-8-110493.html,unisexe,Eau de Parfum,2025,"floral;citrus;woody;warm spicy;fresh spicy;fresh;vanilla;sweet","Hibiscus;Yuzu;Bergamote;Feuille de cannelier;Cyprès","Thé;Fleur de cerisier;Fraise;Pivoine;Bois de Hô","Bois de santal;Fève de tonka;Vanille;Safran;Ambre",,longue tenue,puissant,,,,,,,3.90
Stéphane Humbert Lucas 777,Lufu,https://www.fragrantica.fr/parfum/Stephane-Humbert-Lucas-777/Lufu-44259.html,unisexe,Eau de Parfum,2017,"amber;vanilla;balsamic;smoky;powdery;oud;sweet;yellow floral",,,,"Vanille;Ciste;Encens;Fève de tonka;Oud;Narcisse;Violette;Tubéreuse",,,,,,,,,4.14
Stéphane Humbert Lucas 777,Manteuse,https://www.fragrantica.fr/parfum/Stephane-Humbert-Lucas-777/Manteuse-51465.html,unisexe,Eau de Parfum,2018,"amber;sweet;powdery;honey;white floral;woody;leather;animalic","Fleurs blanches;Cuir;Dodecanal;Bergamote","Miel;Racine d'iris;Ciste;Bois de santal","Opoponax;Musc naturel;Vanille;Patchouli",,,,,,,,,,3.85
Stéphane Humbert Lucas 777,Panthea,https://www.fragrantica.fr/parfum/Stephane-Humbert-Lucas-777/Panthea-44261.html,unisexe,Extrait de Parfum,2017,"powdery;citrus;musky;violet;iris;white floral;woody;sweet","Tangerine;Bergamote","Iris;Jasmin;Violette","Musc blanc;Bois de santal;Fève de tonka;Feuille de tabac",,,,,,,,,,4.00
Stéphane Humbert Lucas 777,Panthea Iris,https://www.fragrantica.fr/parfum/Stephane-Humbert-Lucas-777/Panthea-Iris-54939.html,unisexe,Eau de Parfum,2019,"powdery;violet;iris;woody;musky;sweet;citrus;earthy","Iris;Tangerine;Bergamote","Iris;Violette;Jasmin","Musc blanc;Fève de tonka;Tabac;Bois de santal",,,,,,,,,,4.08
Stéphane Humbert Lucas 777,Sea My Love,https://www.fragrantica.fr/parfum/Stephane-Humbert-Lucas-777/Sea-My-Love-95809.html,unisexe,Eau de Parfum,2024,"marine;salty;amber;leather;aromatic;animalic;citrus;warm spicy","Sel;Mandarine","Notes marines;Cuir;Jasmin","Ambre;Benjoin;Musc;Patchouli",,,,,,,,,,3.77
Stéphane Humbert Lucas 777,Wish Come True,https://www.fragrantica.fr/parfum/Stephane-Humbert-Lucas-777/Wish-Come-True-44263.html,unisexe,Eau de Parfum,2017,"amber;citrus;yellow floral;sweet;white floral;vanilla;balsamic;woody","Ylang-ylang;Tangerine;Bergamote","Encens;Ciste;Tubéreuse;Jasmin","Vanille;Ambre gris;Musc;Santal de Mysore;Bois d'agar du Laos",,longue tenue,modéré (e),,,,,,,4.13
Stéphane Humbert Lucas 777,2022 Generation Femme,https://www.fragrantica.fr/parfum/Stephane-Humbert-Lucas-777/2022-Generation-Femme-18308.html,femme,Eau de Parfum,2013,"almond;green;powdery;vanilla;aromatic;sweet;fruity;nutty;f_gender",,,,,,,,,,,,,4.00
Stéphane Humbert Lucas 777,2022 Generation Homme,https://www.fragrantica.fr/parfum/Stephane-Humbert-Lucas-777/2022-Generation-Homme-18307.html,homme,Eau de Parfum,2013,"fruity;oud;green;citrus;fresh spicy;aromatic;floral;soft spicy;f_gender","Cassis;Yuzu;Menthe",Bois d'agar du Cambodge,"Oud;Notes épicées;Notes balsamiques",,,,,,,,,,4.03
Stéphane Humbert Lucas 777,Black Gemstone,https://www.fragrantica.fr/parfum/Stephane-Humbert-Lucas-777/Black-Gemstone-18312.html,unisexe,Eau de Parfum,2013,"amber;woody;balsamic;warm spicy;aromatic;sweet;fresh spicy;citrus","Cèdre;Citron","Résines;Myrrhe","Bois de teck;Résine oliban;Fève de tonka",,,,,,,,,,4.32
Stéphane Humbert Lucas 777,Khôl de Bahreïn,https://www.fragrantica.fr/parfum/Stephane-Humbert-Lucas-777/Khol-de-Bahrein-18311.html,unisexe,Eau de Parfum,2013,"amber;powdery;balsamic;woody;violet;iris;sweet;animalic",,,,,,,,,,,,,4.06
Stéphane Humbert Lucas 777,O Hira,https://www.fragrantica.fr/parfum/Stephane-Humbert-Lucas-777/O-Hira-25344.html,unisexe,Eau de Parfum,2014,"amber;animalic;balsamic;salty;marine",Ambre gris,Ambre gris,Ambre gris,,,,,,,,,,4.33
Stéphane Humbert Lucas 777,Oud 777,https://www.fragrantica.fr/parfum/Stephane-Humbert-Lucas-777/Oud-777-25345.html,unisexe,Eau de Parfum,2014,"oud;leather;vanilla;animalic;amber;sweet;smoky;fresh spicy",,,,,,,,,,,,,4.06
Stéphane Humbert Lucas 777,Oumma,https://www.fragrantica.fr/parfum/Stephane-Humbert-Lucas-777/Oumma-18310.html,unisexe,Eau de Parfum,2013,"amber;balsamic;oud;woody;rose;powdery;warm spicy;earthy","Rose du Maroc;Rose de Bulgarie;Rose de Grasse;Jasmin d'Egypte","Baume de Tolu;Baumier du Pérou","Oud;Huile essentielle de cypriol;Huile de cade",,longue tenue,modéré (e),,,,,,,4.01
Stéphane Humbert Lucas 777,Qom Chilom,https://www.fragrantica.fr/parfum/Stephane-Humbert-Lucas-777/Qom-Chilom-25347.html,unisexe,Eau de Parfum,2014,"woody;sweet;cherry;leather;powdery;fruity;oud;vanilla","Cerise;Framboise","Oud;Camphre;Bois de teck;Héliotrope;Iris;Cèdre","Cuir;Patchouli;Vanille;Musc",,,,,,,,,,3.90
Stéphane Humbert Lucas 777,Rose de Petra,https://www.fragrantica.fr/parfum/Stephane-Humbert-Lucas-777/Rose-de-Petra-18309.html,unisexe,Eau de Parfum,2013,"fresh spicy;rose;warm spicy;fruity;aromatic;woody;floral;tropical","Rose;Litchi;Grenade",Rose de Bulgarie,"Cardamome;Poivre;Cumin",,,,,,,,,,4.08
Stéphane Humbert Lucas 777,Soleil de Jeddah,https://www.fragrantica.fr/parfum/Stephane-Humbert-Lucas-777/Soleil-de-Jeddah-18306.html,unisexe,Eau de Parfum,2013,"floral;leather;herbal;animalic;fruity;amber;citrus;aromatic","Camomille;Osmanthus;Citron","Ambre gris;Iris;Notes terreuses","Cuir;Iris;Vanille",,,,,,,,,,4.16
Stéphane Humbert Lucas 777,Soleil de Jeddah - Afterglow,https://www.fragrantica.fr/parfum/Stephane-Humbert-Lucas-777/Soleil-de-Jeddah-Afterglow-81914.html,unisexe,Eau de Parfum,2022,"amber;balsamic;warm spicy;aromatic;herbal;smoky;floral;vanilla","Camomille;Encens;Bergamote","Beurre d'iris;Myrrhe;Ambre;Orchidée","Benjoin;Vétiver;Vanille;Styrax",,,,,,,,,,4.05
Stéphane Humbert Lucas 777,Soleil de Jeddah - Mango Kiss,https://www.fragrantica.fr/parfum/Stephane-Humbert-Lucas-777/Soleil-de-Jeddah-Mango-Kiss-81913.html,unisexe,Extrait de Parfum,2022,"sweet;tropical;fruity;herbal;amber;vanilla;coconut;woody","Mangue;Camomille;Fleur d'oranger","Noix de Coco;Ylang-ylang;Ambre;Figue","Vanille;Beurre d'iris;Benjoin de Siam;Bois de santal",,,,,,,,,,4.19
Stéphane Humbert Lucas 777,Taklamakan,https://www.fragrantica.fr/parfum/Stephane-Humbert-Lucas-777/Taklamakan-37670.html,unisexe,Eau de Parfum,2016,"woody;amber;powdery;vanilla;warm spicy;balsamic;musky;iris",,,,"Benjoin;Ciste;Vanille;Gaïac;Iris;Patchouli;Bois de santal;Cèdre de Chine;Musc;Rose;Bergamote",,,,,,,,,4.28
Stéphane Humbert Lucas 777,Une Nuit a Doha,https://www.fragrantica.fr/parfum/Stephane-Humbert-Lucas-777/Une-Nuit-a-Doha-25346.html,unisexe,Eau de Parfum,2014,"tobacco;sweet;herbal;vanilla;fresh;citrus;soft spicy;fresh spicy","Fenouil;Gingembre;Mandarine","Tabac;Immortelle","Vanille;Vétiver",,,,,,,,,,3.93
Stéphane Humbert Lucas 777,Crying of Evil,https://www.fragrantica.fr/parfum/Stephane-Humbert-Lucas-777/Crying-of-Evil-72383.html,unisexe,Eau de Parfum,2022,"amber;warm spicy;leather;woody;animalic;powdery;fruity;patchouli",,,,,,,,,,,,,4.11
Stéphane Humbert Lucas 777,God of Fire,https://www.fragrantica.fr/parfum/Stephane-Humbert-Lucas-777/God-of-Fire-72381.html,unisexe,Eau de Parfum,2022,"fruity;tropical;sweet;citrus;fresh;woody;fresh spicy;musky","Mangue;Citron;Gingembre;Fruits rouges","Coumarine;Jasmin;Cèdre","Musc;Oud;Ambre;Huile essentielle de cypriol",,,,,,,,,,4.28
Stéphane Humbert Lucas 777,Harrods H Mamba,https://www.fragrantica.fr/parfum/Stephane-Humbert-Lucas-777/Harrods-H-Mamba-48322.html,unisexe,Eau de Parfum,2017,"amber;iris;floral;leather;powdery;oud;fruity;animalic",Osmanthus,"Racine d'iris;Ambre","Cuir;Oud;Styrax",,longue tenue,énorme,,,,,,,4.20
Stéphane Humbert Lucas 777,Harrods Ruby Naga,https://www.fragrantica.fr/parfum/Stephane-Humbert-Lucas-777/Harrods-Ruby-Naga-74594.html,unisexe,Eau de Parfum,2022,"fruity;sweet;white floral;powdery;vanilla;iris;amber;citrus","Framboise;Pêche;Amande;Litchi;Mandarine verte","Racine d'iris;Fleur d'oranger;Jasmin Sambac;Rose de Bulgarie;Feuille de violette","Vanille;Ambre",,longue tenue,modéré (e),,,,,,,4.03
Stéphane Humbert Lucas 777,Lady White Snake,https://www.fragrantica.fr/parfum/Stephane-Humbert-Lucas-777/Lady-White-Snake-72388.html,unisexe,Eau de Parfum,2022,"white floral;tuberose;citrus;animalic;floral;musky;fruity;powdery","Fleur d'oranger;Chèvrefeuille;Mandarine","Tubéreuse;Magnolia;Jasmin","Cuir Blanc;Musc blanc;Ambre",,longue tenue,modéré (e),,,,,,,3.66
Stéphane Humbert Lucas 777,Mortal Skin,https://www.fragrantica.fr/parfum/Stephane-Humbert-Lucas-777/Mortal-Skin-31518.html,unisexe,Eau de Parfum,2015,"amber;woody;aromatic;balsamic;warm spicy;sweet;fruity;smoky","Encre;Mûre;Encens;Ciste","Myrrhe;Opoponax;Iris;Cardamome;Armoise","Styrax;Cèdre Atlas;Cèdre;Bois de santal;Ambre gris;Bouleau;Musc",,longue tenue,modéré (e),,,,,,,4.10
Stéphane Humbert Lucas 777,Pink Boa,https://www.fragrantica.fr/parfum/Stephane-Humbert-Lucas-777/Pink-Boa-75021.html,unisexe,Eau de Parfum,2022,"fruity;sweet;fresh spicy;aromatic;vodka;woody;musky;powdery","Cassis;Romarin;Mûre;Bergamote","Framboise;Vodka;Basilic;Muguet","Fraise;Musc;Bois de santal;Pêche;Ambre;Patchouli;Encens",,modéré (e),modéré (e),,,,,,,3.96
Stéphane Humbert Lucas 777,Sand Dance,https://www.fragrantica.fr/parfum/Stephane-Humbert-Lucas-777/Sand-Dance-72384.html,unisexe,Extrait de Parfum,2022,"woody;warm spicy;amber;cacao;vanilla;whiskey;powdery;balsamic","Whisky;Coriandre;Mandarine;Sésame;Anis","Cacao;Bois de santal;Bois de cachemire","Fève de tonka;Benjoin;Styrax;Extrait de cèdre blanc;Vanille;Patchouli;Bois de cachemire",,longue tenue,modéré (e),,,,,,,4.10
Stéphane Humbert Lucas 777,The Queen and the Viper,https://www.fragrantica.fr/parfum/Stephane-Humbert-Lucas-777/The-Queen-and-the-Viper-115147.html,unisexe,Eau de Parfum,2025,"amber;citrus;sweet;smoky;tobacco;fruity;green;fresh spicy","Encens;Agrumes;Bergamote;Menthe verte;Cassis;Davana;Styrax","Menthe;Osmanthus;Jasmin Sambac;Sauge sclarée;Vétiver","Dattes;Résine;Tabac;Bouleau;Safran;Ciste",,longue tenue,puissant,,,,,,,3.99
Stéphane Humbert Lucas 777,Venom Incarnat,https://www.fragrantica.fr/parfum/Stephane-Humbert-Lucas-777/Venom-Incarnat-72387.html,unisexe,Eau de Parfum,2022,"fruity;sweet;woody;leather;vanilla;caramel;warm spicy;earthy","Fraise des bois;Fraise;Caramel;Mûre","Framboise;Cèdre de Virginie;Cannelle","Cuir de Russie;Caramel;Vanille;Fève de tonka;Patchouli;Sapin baumier",,longue tenue,modéré (e),,,,,,,3.88
Sospiro Perfumes,Anniversary Edition,https://www.fragrantica.fr/parfum/Sospiro-Perfumes/Anniversary-Edition-100627.html,unisexe,Eau de Parfum,2024,"white floral;rose;citrus;fruity;amber;sweet;tuberose;animalic","Framboise;Bergamote;Fleur d'oranger","Rose de Mai;Tubéreuse;Jasmin","Ambre;Patchouli;Mousse de chêne",,très longue tenue,puissant,,,,,,,3.98
Sospiro Perfumes,Accento Viola,https://www.fragrantica.fr/parfum/Sospiro-Perfumes/Accento-Viola-75934.html,unisexe,Eau de Parfum,2022,"musky;powdery;floral;earthy;sweet;iris;woody;green","Jacinthe;Ananas","Iris;Jasmin;Poivre rose","Musc;Patchouli;Ambre;Vétiver;Vanille",,longue tenue,puissant,,,,,,,4.17
Sospiro Perfumes,Afgano Puro,https://www.fragrantica.fr/parfum/Sospiro-Perfumes/Afgano-Puro-75935.html,unisexe,Eau de Parfum,2022,"tobacco;woody;musky;patchouli;sweet;powdery;vanilla;green",Notes herbacées,"Patchouli;Cèdre","Tabac;Musc;Vanille",,,,,,,,,,3.81
Sospiro Perfumes,Basso,https://www.fragrantica.fr/parfum/Sospiro-Perfumes/Basso-75927.html,unisexe,Eau de Parfum,2022,"woody;aromatic;fresh spicy;citrus;earthy;warm spicy;green;mossy",Pamplemousse,"Œillet;Ciste;Fleur de mai","Vétiver;Cèdre;Poivre noir;Mousse de chêne;Poivre rose;Bois de santal;Gaïac;Noix de muscade;Férule gommeuse;Graines de céleri",,,,,,,,,,4.39
Sospiro Perfumes,Bel Canto,https://www.fragrantica.fr/parfum/Sospiro-Perfumes/Bel-Canto-75931.html,unisexe,Eau de Parfum,2022,"woody;powdery;musky;vanilla;warm spicy;earthy;violet;citrus","Agrumes;Jasmin","Notes poudrées;Violette;Notes vertes","Bois de santal;Notes boisées;Musc;Vanille;Patchouli;Ambre;Vétiver;Notes terreuses",,,,,,,,,,3.67
Sospiro Perfumes,Bosco,https://www.fragrantica.fr/parfum/Sospiro-Perfumes/Bosco-135460.html,unisexe,Eau de Parfum,2026,"woody;powdery;aromatic;citrus;musky;amber;fresh spicy;earthy","Bergamote;Mandarine","Jasmin;Genévrier;Iris","Bois de cachemire;Bois de santal;Vétiver;Ambre;Daim;Musc",,,,,,,,,,
Sospiro Perfumes,Cadenza,https://www.fragrantica.fr/parfum/Sospiro-Perfumes/Cadenza-75929.html,unisexe,Eau de Parfum,2022,"woody;white floral;green;musky;citrus;powdery;aromatic;fresh","Jasmin;Bergamote","Notes boisées;Muguet;Notes vertes","Musc;Vétiver;Patchouli;Bois de santal;Ambre",,,,,,,,,,4.04
Sospiro Perfumes,Contralto,https://www.fragrantica.fr/parfum/Sospiro-Perfumes/Contralto-75941.html,unisexe,Eau de Parfum,2022,"woody;white floral;aromatic;amber;balsamic;musky;fresh spicy;powdery","Fleur d'oranger;Poivre rose;Clou de girofle","Baies de genévrier;Gaïac;Châtaigne","Bois de cachemire;Vanille;Baumier du Pérou",,,,,,,,,,4.46
Sospiro Perfumes,Deep Ocean Amber,https://www.fragrantica.fr/parfum/Sospiro-Perfumes/Deep-Ocean-Amber-81492.html,unisexe,Eau de Parfum,2023,"amber;balsamic;musky;aromatic;animalic;floral;violet;woody",,,,,,,,,,,,,4.01
Sospiro Perfumes,Dolce Melodia,https://www.fragrantica.fr/parfum/Sospiro-Perfumes/Dolce-Melodia-81490.html,unisexe,Eau de Parfum,2023,"citrus;fruity;sweet;white floral;powdery;vanilla;musky;warm spicy","Mandarine;Orange;Safran","Poire;Cassis;Gardénia;Jasmin;Rose","Musc blanc;Vanille;Bois de santal",,,,,,,,,,4.32
Sospiro Perfumes,Il Padrino,https://www.fragrantica.fr/parfum/Sospiro-Perfumes/Il-Padrino-103313.html,unisexe,Eau de Parfum,2025,"fruity;amber;woody;warm spicy;vanilla;almond;rum;soft spicy","Cassis;Rhum;Amaretto;Bergamote","Ambre;Patchouli;Bois de santal","Vanille;Benjoin de Siam;Ciste",,,,,,,,,,4.37
Sospiro Perfumes,Liberto,https://www.fragrantica.fr/parfum/Sospiro-Perfumes/Liberto-75932.html,unisexe,Extrait de Parfum,2022,"white floral;green;fruity;amber;warm spicy;floral;powdery;citrus","Pêche;Jasmin;Bergamote;Lavande","Notes vertes;Epices;Muguet;Notes d'ozone;Œillet","Ambre;Patchouli;Vanille",,,,,,,,,,3.88
Sospiro Perfumes,Mezzo,https://www.fragrantica.fr/parfum/Sospiro-Perfumes/Mezzo-116848.html,unisexe,Eau de Parfum,2025,"aromatic;fresh spicy;citrus;woody;fruity;earthy;fresh;lavender","Lavande;Mandarine;Bergamote;Genévrier","Pomme;Vétiver;Gingembre;Magnolia","Mousse;Fève de tonka;Patchouli;Musc",,,,,,,,,,4.17
Sospiro Perfumes,Opera Grande,https://www.fragrantica.fr/parfum/Sospiro-Perfumes/Opera-Grande-75936.html,unisexe,Extrait de Parfum,2022,"sweet;yellow floral;fruity;vanilla;leather;fresh spicy;animalic;musky","Fruits;Rose de Turquie","Ylang-ylang;Cuir;Noix de muscade;Ambre gris","Vanille;Musc;Patchouli;Vétiver;Cèdre de Virginie",,longue tenue,puissant,,,,,,,4.19
Sospiro Perfumes,Pasticcio,https://www.fragrantica.fr/parfum/Sospiro-Perfumes/Pasticcio-75940.html,unisexe,Eau de Parfum,2022,"powdery;woody;iris;white floral;floral;earthy;green;yellow floral","Fleur d'oranger;Notes vertes;Mimosa;Bourgeon de cassis;Bergamote;Jacinthe;Capucine;Rose;Aubépine;Géranium","Racine d'iris;Jasmin;Ylang-ylang;Violette;Muguet;Citron vert;Lys;Rose","Bois de santal;Iris;Cèdre;Héliotrope;Musc;Ambre;Mousse de chêne",,longue tenue,puissant,,,,,,,4.09
Sospiro Perfumes,Prima Donna,https://www.fragrantica.fr/parfum/Sospiro-Perfumes/Prima-Donna-75939.html,unisexe,Extrait de Parfum,2022,"sweet;amber;leather;fruity;cherry;animalic;woody;lactonic","Cerise;Fruits;Rose;Jasmin","Cuir;Lait;Notes vertes;Muguet","Ambre;Chocolat;Cèdre;Résine;Musc",,,,,,,,,,4.00
Sospiro Perfumes,Sovrano,https://www.fragrantica.fr/parfum/Sospiro-Perfumes/Sovrano-135459.html,unisexe,Eau de Parfum,2026,"amber;woody;warm spicy;citrus;aromatic;fresh spicy;white floral;sweet","Poivre rose;Pamplemousse;Bergamote;Cardamome;Résine oliban;Orange;Gingembre","Muguet;Bois de santal;Safran;Jasmin","Fève de tonka;Patchouli;Ciste;Vétiver;Cèdre;Ambre;Myrrhe",,,,,,,,,,
Sospiro Perfumes,Tenore,https://www.fragrantica.fr/parfum/Sospiro-Perfumes/Tenore-75938.html,unisexe,Eau de Parfum,2022,"woody;warm spicy;amber;patchouli;leather;balsamic;animalic;earthy","Lavande;Citron","Notes épicées;Résine;Cuir;Clou de girofle;Muguet","Notes boisées;Patchouli;Ambre;Musc",,,,,,,,,,4.01
Sospiro Perfumes,Vibranna,https://www.fragrantica.fr/parfum/Sospiro-Perfumes/Vibranna-116847.html,unisexe,Extrait de Parfum,2025,"powdery;earthy;musky;iris;woody;fresh spicy;mossy;citrus","Racine d'iris;Bergamote","Mousse;Muguet;Noix de muscade","Musc;Patchouli;Ambre",,longue tenue,modéré (e),,,,,,,3.55
Sospiro Perfumes,Vibrato,https://www.fragrantica.fr/parfum/Sospiro-Perfumes/Vibrato-75930.html,unisexe,Extrait de Parfum,2022,"citrus;fresh spicy;powdery;green;musky;woody;aromatic;fresh","Pamplemousse;Bergamote;Jasmin;Magnolia","Gingembre;Notes herbacées;Notes poudrées","Musc;Cèdre;Ambre;Patchouli;Racine d'iris",,,,,,,,,,4.53
Sospiro Perfumes,Erba Leather,https://www.fragrantica.fr/parfum/Sospiro-Perfumes/Erba-Leather-75944.html,unisexe,Eau de Parfum,2022,"leather;tropical;woody;animalic;fruity;citrus;sweet;fresh","Fruit de la passion;Bergamote;Citron","Cuir;Jasmin;Bois de santal","Cuir;Ambre;Vétiver",,,,,,,,,,4.10
Sospiro Perfumes,Erba Oud,https://www.fragrantica.fr/parfum/Sospiro-Perfumes/Erba-Oud-75943.html,unisexe,Eau de Parfum,2022,"citrus;oud;fruity;sweet;leather;ozonic;fresh;aquatic","Orange;Bergamote;Citron","Melon;Pêche;Pomme;Safran","Oud;Cuir;Vanille;Musc blanc;Ambre",,,,,,,,,,2.85
Sospiro Perfumes,Erba Pura Magica,https://www.fragrantica.fr/parfum/Sospiro-Perfumes/Erba-Pura-Magica-75942.html,unisexe,Eau de Parfum,2022,"fruity;citrus;sweet;musky;powdery;amber;caramel;woody","Notes fruitées;Bergamote;Citron;Jasmin","Notes balsamiques;Racine d'iris","Musc;Ambre;Caramel;Cèdre",,,,,,,,,,4.27
Sospiro Perfumes,Aira,https://www.fragrantica.fr/parfum/Sospiro-Perfumes/Aira-101704.html,unisexe,Eau de Parfum,2025,"amber;woody;warm spicy;animalic;musky;balsamic;earthy;patchouli","Ambre;Encens;Notes orientales;Patchouli;Notes boisées","Ciste;Notes terreuses;Cumin","Notes animales;Oud;Bois sec;Ambre gris",,,,,,,,,,4.46
Sospiro Perfumes,Cavatina,https://www.fragrantica.fr/parfum/Sospiro-Perfumes/Cavatina-101708.html,unisexe,Eau de Parfum,2025,"fruity;floral;sweet;woody;musky;citrus;fresh spicy;green",,,,,,,,,,,,,4.33
Sospiro Perfumes,Diva,https://www.fragrantica.fr/parfum/Sospiro-Perfumes/Diva-101705.html,unisexe,Eau de Parfum,2025,"powdery;citrus;woody;floral;yellow floral;iris;white floral;sweet","Ylang-ylang;Bergamote;Pêche;Mandarine","Iris;Jasmin;Rose;Œillet;Patchouli","Musc blanc;Vanille;Bois de santal;Ciste",,,,,,,,,,4.09
Sospiro Perfumes,Farsa,https://www.fragrantica.fr/parfum/Sospiro-Perfumes/Farsa-101707.html,unisexe,Eau de Parfum,2025,"warm spicy;woody;amber;patchouli;oud;soft spicy;metallic;cacao","Safran;Poivre rose;Rhum;Cassis","Ambre;Cèdre;Cacao;Géranium","Patchouli;Oud;Ambre gris;Musc",,,,,,,,,,4.01
Sospiro Perfumes,Viola,https://www.fragrantica.fr/parfum/Sospiro-Perfumes/Viola-101709.html,unisexe,Eau de Parfum,2025,"aromatic;woody;fresh spicy;amber;citrus;balsamic;animalic;soft spicy","Citron;Sauge sclarée;Genévrier;Bergamote;Poivre","Romarin;Ambre gris;Encens;Noix de muscade","Cèdre;Bois de santal;Vétiver;Mousse de chêne;Ambre",,,,,,,,,,4.20
Sospiro Perfumes,Dolce Sonata,https://www.fragrantica.fr/parfum/Sospiro-Perfumes/Dolce-Sonata-97104.html,unisexe,Eau de Parfum,2024,"sweet;fruity;citrus;amber;smoky;floral;balsamic;warm spicy","Framboise;Abricot;Citron vert;Bergamote;Orange douce","Encens;Osmanthus;Muguet;Jasmin;Rose","Encens;Barbe à papa;Patchouli",,,,,,,,,,4.02
Sospiro Perfumes,Maraschino,https://www.fragrantica.fr/parfum/Sospiro-Perfumes/Maraschino-89902.html,unisexe,Eau de Parfum,2024,"fruity;sweet;powdery;cherry;vanilla;almond;woody;musky","Cerise;Fraise;Pêche;Pomme;Amande","Jasmin Sambac;Mimosa;Héliotrope;Racine d'iris;Rose","Musc;Vanille;Bois de santal;Fève de tonka;Ambre;Vétiver;Patchouli",,,,,,,,,,3.79
Sospiro Perfumes,Traviata,https://www.fragrantica.fr/parfum/Sospiro-Perfumes/Traviata-93623.html,unisexe,Eau de Parfum,2024,"woody;lavender;fruity;warm spicy;amber;citrus;sweet;aromatic","Lavande;Agrumes;Notes herbacées","Notes fruitées;Epices;Notes fleuries","Amberwood;Patchouli;Cèdre",,,,,,,,,,4.18
Sospiro Perfumes,Classica,https://www.fragrantica.fr/parfum/Sospiro-Perfumes/Classica-26281.html,unisexe,Eau de Parfum,2014,"amber;woody;oud;balsamic;tobacco;aromatic;animalic;powdery","Copaïba;Sauge sclarée;Bergamote","Bois de cachemire;Notes boisées;Rose","Oud;Ambre gris;Tabac;Bois de santal;Mousse",,,,,,,,,,3.47
Sospiro Perfumes,Diapason,https://www.fragrantica.fr/parfum/Sospiro-Perfumes/Diapason-44406.html,unisexe,Eau de Parfum,2017,"woody;aromatic;rose;amber;fresh spicy;powdery;earthy;musky","Géranium;Rose de Bulgarie","Gaïac;Cèdre Atlas","Vétiver de Haïti;Ambre;Musc",,très longue tenue,énorme,,,,,,,4.13
Sospiro Perfumes,Ensemble,https://www.fragrantica.fr/parfum/Sospiro-Perfumes/Ensemble-44405.html,unisexe,Eau de Parfum,2017,"citrus;powdery;woody;tobacco;sweet;musky;vanilla;soft spicy","Bergamote de Calabre;Limone Costa d'Amalfi;Mandarine","Bois de santal;Tabac;Poivre rose","Tabac;Vanille du Mexique;Musc",,très longue tenue,énorme,,,,,,,3.96
Sospiro Perfumes,Muse,https://www.fragrantica.fr/parfum/Sospiro-Perfumes/Muse-49505.html,unisexe,Extrait de Parfum,2018,"fruity;amber;sweet;leather;white floral;animalic;warm spicy;patchouli","Prune;Cuir;Fleurs blanches","Ciste;Armoise;Jasmin","Framboise;Benjoin;Ambre;Patchouli",,,,,,,,,,3.92
Sospiro Perfumes,Notturno,https://www.fragrantica.fr/parfum/Sospiro-Perfumes/Notturno-61495.html,unisexe,Eau de Parfum,,"warm spicy;woody;smoky;amber;aromatic;balsamic;rum;leather","Rhum;Ananas","Encre;Clou de girofle;Cuir;Feuille de bouleau","Encens;Cèdre;Ambre;Musc",,très longue tenue,modéré (e),,,,,,,4.00
Sospiro Perfumes,Opera,https://www.fragrantica.fr/parfum/Sospiro-Perfumes/Opera-26282.html,unisexe,Eau de Parfum,2014,"woody;sweet;fresh spicy;yellow floral;fruity;animalic;amber;patchouli","Notes fruitées;Rose de Turquie","Noix de muscade;Ylang-ylang;Ambre gris;Cuir","Patchouli;Vanille;Musc;Vétiver;Cèdre de Virginie",,,,,,,,,,4.03
Sospiro Perfumes,Ouverture,https://www.fragrantica.fr/parfum/Sospiro-Perfumes/Ouverture-37135.html,unisexe,Eau de Parfum,2016,"woody;amber;warm spicy;citrus;floral;cinnamon;sweet;balsamic","Orange;Magnolia;Feuille de figuier","Cannelle;Ylang-ylang;Rose de Bulgarie;Jasmin d'Inde","Ambre;Vanille;Bois de cachemire;Encens;Bois de santal",,,,,,,,,,4.12
Sospiro Perfumes,Purple Accento,https://www.fragrantica.fr/parfum/Sospiro-Perfumes/Purple-Accento-40706.html,unisexe,Eau de Parfum,2016,"powdery;musky;earthy;sweet;woody;vanilla;floral;iris","Ananas;Jacinthe","Iris;Jasmin;Poivre rose","Musc;Vanille;Oud;Patchouli;Vétiver;Ambre",,longue tenue,énorme,,,,,,,3.83
Sospiro Perfumes,Rosso Accento,https://www.fragrantica.fr/parfum/Sospiro-Perfumes/Rosso-Accento-37985.html,unisexe,Eau de Parfum,2016,"floral;vanilla;sweet;warm spicy;oud;soft spicy;aromatic;citrus","Bergamote;Ananas","Fleurs;Poivre rose","Oud;Cardamome;Vanille;Fève de tonka",,,,,,,,,,4.33
Sospiro Perfumes,Rosso Afgano,https://www.fragrantica.fr/parfum/Sospiro-Perfumes/Rosso-Afgano-29315.html,unisexe,Extrait de Parfum,2014,"tobacco;rose;warm spicy;woody;musky;patchouli;powdery;sweet","Rose;Safran","Patchouli;Cèdre","Tabac;Musc;Vanille",,très longue tenue,énorme,,,,,,,4.30
Sospiro Perfumes,Soprano,https://www.fragrantica.fr/parfum/Sospiro-Perfumes/Soprano-49506.html,unisexe,Extrait de Parfum,2018,"fruity;floral;rose;lactonic;leather;sweet;oud;patchouli","Fruits;Litchi;Freesia;Bergamote de Calabre","Rose de Bulgarie;Lait;Osmanthus;Jasmin d'Egypte","Cuir;Oud;Patchouli",,,,,,,,,,4.00
Sospiro Perfumes,Sospiro Anniversary,https://www.fragrantica.fr/parfum/Sospiro-Perfumes/Sospiro-Anniversary-33507.html,unisexe,Eau de Parfum,2015,"sweet;fruity;caramel;vanilla;woody;almond;coconut;tobacco","Fruits rouges;Amande;Notes vertes","Noix de Coco;Patchouli;Cèdre","Caramel;Vanille;Tabac;Musc",,modéré (e),énorme,,,,,,,4.08
Sospiro Perfumes,Verde Accento,https://www.fragrantica.fr/parfum/Sospiro-Perfumes/Verde-Accento-37986.html,unisexe,Eau de Parfum,2015,"citrus;powdery;woody;white floral;iris;fresh spicy;soft spicy;aromatic","Mandarine;Bergamote","Jasmin;Poivre rose;Iris","Bois de santal;Ambre;Vanille",,,,,,,,,,3.94
Sospiro Perfumes,Accento,https://www.fragrantica.fr/parfum/Sospiro-Perfumes/Accento-13816.html,unisexe,Eau de Parfum,2011,"musky;sweet;powdery;earthy;woody;fruity;amber;floral","Ananas;Jacinthe","Poivre rose;Jasmin;Iris","Musc;Ambre;Vétiver;Patchouli;Vanille",,,,,,,,,,3.97
Sospiro Perfumes,Allegro,https://www.fragrantica.fr/parfum/Sospiro-Perfumes/Allegro-13817.html,unisexe,Eau de Parfum,2011,"woody;citrus;powdery;amber;fresh spicy;lavender;aromatic;oud","Bergamote;Pamplemousse;Poivre rose","Lavande;Notes fleuries;Rose","Bois de santal;Oud;Bois de cachemire;Ambre",,,,,,,,,,4.36
Sospiro Perfumes,Capriccio,https://www.fragrantica.fr/parfum/Sospiro-Perfumes/Capriccio-13818.html,femme,Eau de Parfum,2011,"woody;musky;white floral;warm spicy;powdery;patchouli;sweet;fruity;f_gender","Néroli;Citron","Fleurs blanches;Fruits rouges;Coumarine;Cannelle","Patchouli;Musc;Bois de cachemire;Oud;Ambre;Bois de santal",,très longue tenue,énorme,,,,,,,3.88
Sospiro Perfumes,Duetto,https://www.fragrantica.fr/parfum/Sospiro-Perfumes/Duetto-13819.html,femme,Eau de Parfum,2011,"rose;woody;warm spicy;oud;musky;soft spicy;powdery;aromatic;f_gender","Poivre rose;Coriandre;Ylang-ylang","Rose;Clou de girofle;Jasmin","Oud;Musc;Patchouli;Ambre;Bois de santal;Vanille;Mousse de chêne;Vétiver",,,,,,,,,,4.09
Sospiro Perfumes,Laylati (Afgano Puro),https://www.fragrantica.fr/parfum/Sospiro-Perfumes/Laylati-Afgano-Puro-13820.html,unisexe,Eau de Parfum,2011,"woody;tobacco;musky;patchouli;powdery;sweet;green;warm spicy",Notes vertes,"Cèdre de Virginie;Patchouli","Tabac;Musc;Vanille",,,,,,,,,,4.12
Sospiro Perfumes,Vivace,https://www.fragrantica.fr/parfum/Sospiro-Perfumes/Vivace-13821.html,unisexe,Eau de Parfum,2011,"aromatic;fresh spicy;musky;warm spicy;woody;amber;leather;earthy","Basilic;Sauge sclarée;Origan;Limone Costa d'Amalfi","Œillet;Patchouli;Géranium;Cannelle","Musc;Castoréum;Ambre;Mousse de chêne;Ciste de France",,,,,,,,,,3.67
Sospiro Perfumes,Wardasina (Rosso Afgano),https://www.fragrantica.fr/parfum/Sospiro-Perfumes/Wardasina-Rosso-Afgano-14920.html,femme,Eau de Parfum,2012,"tobacco;warm spicy;rose;woody;patchouli;musky;sweet;powdery;f_gender","Rose;Safran","Patchouli;Cèdre","Tabac;Musc;Vanille",,,,,,,,,,4.15
Sospiro Perfumes,Adagio,https://www.fragrantica.fr/parfum/Sospiro-Perfumes/Adagio-18655.html,femme,Eau de Parfum,2013,"earthy;woody;mossy;musky;patchouli;leather;oud;animalic;f_gender","Mousse de chêne;Vétiver;Jasmin d'Egypte","Musc blanc;Cuir","Patchouli;Oud",,,,,,,,,,3.78
Sospiro Perfumes,Andante,https://www.fragrantica.fr/parfum/Sospiro-Perfumes/Andante-18654.html,unisexe,Eau de Parfum,2013,"aromatic;woody;fresh spicy;herbal;green;citrus;earthy;warm spicy","Orange;Férule gommeuse","Sauge;Géranium;Poivre noir","Vétiver;Cèdre;Oud;Patchouli",,,,,,,,,,3.85
Sospiro Perfumes,Erba Pura,https://www.fragrantica.fr/parfum/Sospiro-Perfumes/Erba-Pura-18652.html,unisexe,Extrait de Parfum,2013,"fruity;musky;citrus;sweet;powdery;amber;vanilla;animalic","Orange;Bergamote;Citron",Fruits,"Musc blanc;Ambre;Vanille de Madagascar",,très longue tenue,énorme,,,,,,,3.65
Sospiro Perfumes,Grazioso,https://www.fragrantica.fr/parfum/Sospiro-Perfumes/Grazioso-18657.html,unisexe,Eau de Parfum,2013,"woody;oud;fresh spicy;warm spicy;rose;patchouli;earthy;amber",,,,,,,,,,,,,4.41
Sospiro Perfumes,Melodia,https://www.fragrantica.fr/parfum/Sospiro-Perfumes/Melodia-18653.html,femme,Eau de Parfum,2013,"woody;warm spicy;powdery;violet;rose;patchouli;yellow floral;floral;f_gender","Rose de Bulgarie;Clou de girofle","Violette;Rose de Damas;Ylang-ylang","Patchouli;Bois de santal;Musc blanc;Vanille de Madagascar",,,,,,,,,,3.78
Sospiro Perfumes,Misterioso,https://www.fragrantica.fr/parfum/Sospiro-Perfumes/Misterioso-18656.html,unisexe,Eau de Parfum,2013,"amber;woody;balsamic;warm spicy;smoky;patchouli;earthy;powdery","Encens;Patchouli;Bois de santal;Cèdre","Résines;Vétiver","Ciste;Ambre",,,,,,,,,,3.81
Sospiro Perfumes,Erba Gold,https://www.fragrantica.fr/parfum/Sospiro-Perfumes/Erba-Gold-42767.html,unisexe,Extrait de Parfum,2016,"citrus;fruity;sweet;musky;powdery;vanilla;amber;fresh spicy","Orange de Sicile;Bergamote de Calabre;Citron de Sicile",Fruits,"Musc blanc;Ambre;Vanille de Madagascar",,,,,,,,,,4.24
Scentologia,Ab.so.lute.,https://www.fragrantica.fr/parfum/Scentologia/Ab-so-lute-68385.html,unisexe,Eau de Parfum,2021,"woody;vanilla;sweet;amber;tobacco;fresh spicy;powdery;musky","Foin;Huile essentielle de cypriol;Sauge;Feuille de laurier","Vanille;Baume gurjum;Gaïac;Fleurs blanches","Tabac;Fève de tonka;Musc;Ambre",,,,,,,,,,4.01
Scentologia,Forest.Blends.,https://www.fragrantica.fr/parfum/Scentologia/Forest-Blends-68383.html,unisexe,Eau de Parfum,2021,"woody;leather;rose;animalic;aromatic;earthy;warm spicy;citrus","Safran;Bergamote;Pamplemousse","Cèdre Atlas;Rose;Bois de cachemire","Cuir;Vétiver;Huile essentielle de cypriol",,longue tenue,puissant,,,,,,,3.79
Scentologia,Lac.ton.ic,https://www.fragrantica.fr/parfum/Scentologia/Lac-ton-ic-104893.html,unisexe,Eau de Parfum,2025,"sweet;vanilla;woody;lactonic;nutty;almond;caramel;coconut","Amande;Noix de Coco;Lait;Mandarine;Bergamote","Pistache;Ylang-ylang;Muguet","Vanille;Caramel;Bois de santal;Ambrostar™",,modéré (e),modéré (e),,,,,,,3.66
Scentologia,Over.dose,https://www.fragrantica.fr/parfum/Scentologia/Over-dose-81789.html,unisexe,Eau de Parfum,2023,"aromatic;cannabis;herbal;citrus;green;woody;fresh spicy;earthy","Cannabis;Bergamote;Pamplemousse","Thym;Gardénia;Géranium","Vétiver;Patchouli;Musc;Ambre",,longue tenue,modéré (e),,,,,,,3.64
Scentologia,Sen.sory.,https://www.fragrantica.fr/parfum/Scentologia/Sen-sory-68386.html,unisexe,Eau de Parfum,2021,"fruity;sweet;patchouli;woody;rose;earthy;musky;soft spicy","Poivre rose;Rhubarbe;Rose","Framboise;Pêche;Muguet;Racine d'iris","Patchouli;Musc;Mousse de chêne;Ambre;Ciste",,longue tenue,modéré (e),,,,,,,3.66
Scentologia,Sil.lage.,https://www.fragrantica.fr/parfum/Scentologia/Sil-lage-68366.html,unisexe,Eau de Parfum,2021,"woody;aromatic;nutty;leather;vanilla;sweet;green;animalic","Céleri;Baies de genévrier;Orange;Bergamote","Noisette;Cuir;Fève de tonka;Notes fruitées","Vétiver;Vanille;Notes boisées;Ambre",,,,,,,,,,3.72
Scentologia,Soli.flore.,https://www.fragrantica.fr/parfum/Scentologia/Soli-flore-68384.html,unisexe,Eau de Parfum,2021,"amber;rose;powdery;sweet;warm spicy;vanilla;white floral;fruity","Cyprès;Poivre;Freesia;Bergamote","Rose;Framboise;Gardénia;Jasmin","Benjoin;Baume de Tolu;Ambre;Vanille;Musc",,modéré (e),modéré (e),,,,,,,3.91
Scentologia,Syn.cherry,https://www.fragrantica.fr/parfum/Scentologia/Syn-cherry-113897.html,unisexe,Eau de Parfum,2025,"sweet;fruity;woody;powdery;amber;violet;cherry;rose","Framboise;Cerise;Poire;Cassis","Violette;Palissandre;Mangue;Rose;Jasmin","Ambre;Vanille;Caramel;Mousse;Cèdre;Musc;Patchouli",,,,,,,,,,3.68
Scentologia,Syn.ergy,https://www.fragrantica.fr/parfum/Scentologia/Syn-ergy-81790.html,unisexe,Eau de Parfum,2023,"fruity;sweet;tropical;fresh;amber;woody;green;warm spicy","Mangue;Ananas;Pêche;Bourgeon de cassis;Pomme;Poire;Orange","Safran;Amande;Rose;Jasmin","Ambre;Musc;Cèdre;Mousse",,,,,,,,,,3.90
Scentologia,Tra.ce.,https://www.fragrantica.fr/parfum/Scentologia/Tra-ce-68381.html,unisexe,Eau de Parfum,2021,"woody;aromatic;oud;fresh spicy;iris;rose;citrus;powdery","Rose de Bulgarie;Bergamote;Coriandre","Oud;Racine d'iris","Cèdre;Huile de cade",,,,,,,,,,4.21
Scentologia,Wood.y2.lang,https://www.fragrantica.fr/parfum/Scentologia/Wood-y2-lang-117148.html,unisexe,Eau de Parfum,2025,"white floral;woody;citrus;yellow floral;sweet;powdery;musky;fresh spicy","Pamplemousse;Bergamote;Mandarine;Noix de muscade;Armoise","Ylang-ylang;Jasmin;Fleur d'oranger;Muguet;Racine d'iris","Cèdre;Musc;Ambre;Vanille;Fève de tonka;Patchouli;Mousse;Notes balsamiques",,longue tenue,puissant,,,,,,,4.41
Scentologia,Nitro Musk,https://www.fragrantica.fr/parfum/Scentologia/Nitro-Musk-134207.html,unisexe,Extrait de Parfum,2026,"white floral;musky;powdery;amber;fresh;floral;citrus;vanilla","Muguet;Héliotrope;Bergamote","Fleur d'oranger;Jasmin Sambac;Pivoine","Musc;Ambroxan;Ambrettolide;Vétiver",,,,,,,,,,4.00
Scentologia,Dark Opulence,https://www.fragrantica.fr/parfum/Scentologia/Dark-Opulence-102449.html,unisexe,Eau de Parfum,2024,"leather;woody;floral;fruity;tobacco;oud;animalic;smoky","Safran;Rhum;Gingembre","Osmanthus;Tabac;Thé noir","Cuir;Gaïac;Oud",,,,,,,,,,4.00
Scentologia,Immortal Potion,https://www.fragrantica.fr/parfum/Scentologia/Immortal-Potion-90490.html,unisexe,Eau de Parfum,2024,"white floral;sweet;yellow floral;vanilla;fresh;fruity;woody;powdery",,,,,,,,,,,,,4.14
Scentologia,Obsidian,https://www.fragrantica.fr/parfum/Scentologia/Obsidian-102448.html,unisexe,Eau de Parfum,2024,"woody;amber;powdery;aromatic;warm spicy;iris;violet;musky","Romarin;Safran;Bergamote","Violette;Racine d'iris;Rose","Bois de cachemire;Fève de tonka;Patchouli;Ambre;Vanille",,,,,,,,,,3.98
Parfums de Marly,Akaster,https://www.fragrantica.fr/parfum/Parfums-de-Marly/Akaster-33513.html,unisexe,Eau de Parfum,2015,"rose;aromatic;fresh spicy;oud;woody;citrus;warm spicy;musky","Cyprès;Citron","Rose de Bulgarie;Géranium d'Afrique","Oud;Musc;Cardamome",,,,,,,,,,3.81
Parfums de Marly,Althaïr,https://www.fragrantica.fr/parfum/Parfums-de-Marly/Althair-84109.html,homme,Eau de Parfum,2023,"sweet;vanilla;warm spicy;cinnamon;aromatic;powdery;musky;citrus;f_gender","Cannelle;Fleur d'oranger;Cardamome;Bergamote","Vanille bourbon;Élémi","Praliné;Musc;Ambroxan;Gaïac;Fève de tonka;Amande caramélisée",,très longue tenue,énorme,,,,,,,4.40
Parfums de Marly,Athalia,https://www.fragrantica.fr/parfum/Parfums-de-Marly/Athalia-36539.html,femme,Eau de Parfum,2016,"powdery;iris;musky;amber;violet;earthy;woody;animalic;f_gender","Bigarade;Encens","Iris;Fleur d'oranger;Bois de cachemire","Musc blanc;Ambre;Vanille",,,,,,,,,,3.82
Parfums de Marly,Athénaïs,https://www.fragrantica.fr/parfum/Parfums-de-Marly/Athenais-123716.html,femme,Eau de Parfum,2026,"white floral;citrus;vanilla;sweet;floral;amber;fresh spicy;aromatic;f_gender","Néroli;Bergamote;Yuzu","Fleur d'oranger;Jasmin Sambac;Mahonial","Vanille;Fève de tonka;Ambre",,,,,,,,,,3.86
Parfums de Marly,Byerley,https://www.fragrantica.fr/parfum/Parfums-de-Marly/Byerley-31876.html,homme,Eau de Parfum,2014,"woody;aromatic;warm spicy;earthy;citrus;amber;fresh spicy;green;f_gender","Cardamome;Bergamote","Gaïac;Cèdre","Vétiver;Résine",,,,,,,,,,3.74
Parfums de Marly,Carlisle,https://www.fragrantica.fr/parfum/Parfums-de-Marly/Carlisle-33514.html,unisexe,Eau de Parfum,2015,"vanilla;patchouli;warm spicy;fresh spicy;woody;balsamic;fruity;sweet","Noix de muscade;Pomme verte;Safran","Fève de tonka;Rose;Osmanthus;Davana","Patchouli;Vanille;Opoponax",,,,,,,,,,4.36
Parfums de Marly,Cassili,https://www.fragrantica.fr/parfum/Parfums-de-Marly/Cassili-54660.html,femme,Eau de Parfum,2019,"floral;fruity;sweet;vanilla;fresh;tropical;rose;powdery;f_gender","Groseille à grappes;Notes fleuries;Rose de Bulgarie","Prune;Frangipanier;Petalia;Mimosa","Vanille;Fève de tonka;Bois de santal",,modéré (e),modéré (e),,,,,,,3.82
Parfums de Marly,Castley,https://www.fragrantica.fr/parfum/Parfums-de-Marly/Castley-104991.html,homme,Eau de Parfum,2025,"fresh spicy;citrus;woody;warm spicy;oud;aromatic;amber;fresh;f_gender","Bergamote;Poivre noir;Gingembre;Pamplemousse","Poivre;Néroli;Petit-grain;Timur;Rose","Bois d'Akigala;Ciste;Benjoin;Cuir",,,,,,,,,,4.08
Parfums de Marly,Darcy,https://www.fragrantica.fr/parfum/Parfums-de-Marly/Darcy-23270.html,femme,Eau de Parfum,2014,"citrus;patchouli;woody;sweet;rose;warm spicy;white floral;musky;f_gender","Agrumes;Orange;Citron","Rose;Jasmin","Patchouli;Notes sucrées;Musc blanc;Notes boisées",,,,,,,,,,3.39
Parfums de Marly,Darley,https://www.fragrantica.fr/parfum/Parfums-de-Marly/Darley-11768.html,homme,Eau de Parfum,2009,"aromatic;woody;fresh spicy;lavender;warm spicy;amber;green;citrus;f_gender","Menthe;Bergamote;Limone Costa d'Amalfi","Lavande;Cannelle;Fleur d'oranger d'Afrique;Rose;Romarin","Fève de tonka;Bois de santal;Ambre;Gaïac;Patchouli",,,,,,,,,,4.08
Parfums de Marly,Galloway,https://www.fragrantica.fr/parfum/Parfums-de-Marly/Galloway-23271.html,unisexe,Eau de Parfum,2014,"citrus;musky;fresh spicy;powdery;white floral;iris;fresh;animalic","Agrumes;Poivre","Fleur d'oranger;Iris","Musc;Ambre",,,,,,,,,,4.05
Parfums de Marly,Godolphin,https://www.fragrantica.fr/parfum/Parfums-de-Marly/Godolphin-11771.html,homme,Eau de Parfum,2010,"leather;aromatic;fruity;animalic;woody;warm spicy;sweet;powdery;f_gender","Notes fruitées;Safran;Maté;Thym;Cyprès;Notes vertes","Rose;Racine d'iris;Jasmin","Cuir;Ambre;Cèdre de Virginie;Vétiver;Musc;Vanille",,,,,,,,,,4.10
Parfums de Marly,Greenley,https://www.fragrantica.fr/parfum/Parfums-de-Marly/Greenley-62101.html,unisexe,Eau de Parfum,2020,"woody;citrus;fruity;green;powdery;musky;mossy;fresh spicy",,,,,,,,,,,,,4.19
Parfums de Marly,Haltane,https://www.fragrantica.fr/parfum/Parfums-de-Marly/Haltane-70776.html,homme,Eau de Parfum,2021,"oud;aromatic;sweet;warm spicy;woody;lavender;fresh spicy;metallic;f_gender","Lavande;Sauge sclarée;Bergamote","Safran;Praliné","Oud;Cèdre",,,,,,,,,,4.34
Parfums de Marly,Herod,https://www.fragrantica.fr/parfum/Parfums-de-Marly/Herod-16939.html,homme,Eau de Parfum,2012,"tobacco;vanilla;warm spicy;amber;cinnamon;sweet;woody;musky;f_gender","Cannelle;Pepperwood™","Feuille de tabac;Encens;Osmanthus;Ciste","Vanille;Iso E Super;Cèdre;Musc;Huile essentielle de cypriol;Vétiver;Ambre",,,,,,,,,,4.42
Parfums de Marly,Ispazon,https://www.fragrantica.fr/parfum/Parfums-de-Marly/Ispazon-11770.html,homme,Eau de Parfum,2010,"citrus;fresh spicy;aromatic;woody;powdery;camphor;musky;amber;f_gender","Feuille de laurier;Thym;Citron vert;Orange;Limone Costa d'Amalfi","Cèdre de Virginie;Muguet","Musc;Ambre;Vanille",,,,,,,,,,3.78
Parfums de Marly,Kalan,https://www.fragrantica.fr/parfum/Parfums-de-Marly/Kalan-56036.html,unisexe,Eau de Parfum,2019,"warm spicy;woody;fresh spicy;citrus;mossy;amber;lavender;aromatic","Epices;Orange sanguine;Poivre noir","Lavande;Fleur d'oranger","Notes boisées;Mousse;Santal blanc;Fève de tonka;Ambre",,,,,,,,,,3.64
Parfums de Marly,Layton,https://www.fragrantica.fr/parfum/Parfums-de-Marly/Layton-39314.html,unisexe,Eau de Parfum,2016,"warm spicy;fresh spicy;woody;vanilla;aromatic;fruity;powdery;lavender","Pomme;Lavande;Bergamote;Mandarine","Géranium;Violette;Jasmin","Vanille;Cardamome;Bois de santal;Poivre;Gaïac;Patchouli;Ambermax™;Coumarine",,,,,,,,,,4.45
Parfums de Marly,Layton Exclusif,https://www.fragrantica.fr/parfum/Parfums-de-Marly/Layton-Exclusif-46633.html,unisexe,Eau de Parfum,2017,"woody;oud;animalic;powdery;citrus;warm spicy;vanilla;almond","Amande;Mandarine;Bergamote;Notes aquatiques;Pomme;Pamplemousse","Civette;Géranium;Rose;Gardénia;Nénuphar;Lavande;Cannelle","Bois d'agar du Laos;Gaïac;Vanille;Café;Bois de santal;Feuille de patchouli d'Indonésie;Ambre;Poivre rose;Mousse de chêne;Cuir;Huile essentielle de cypriol",,,,,,,,,,4.24
Parfums de Marly,Meliora,https://www.fragrantica.fr/parfum/Parfums-de-Marly/Meliora-18750.html,femme,Eau de Parfum,2013,"fruity;soft spicy;fresh;green;aromatic;sweet;woody;musky;f_gender","Cassis;Fruits rouges;Bourgeon de cassis;Framboise;Fleur d'oranger","Rose;Muguet;Ylang-ylang","Musc;Vanille;Amande;Notes boisées",,,,,,,,,,4.01
Parfums de Marly,Nisean,https://www.fragrantica.fr/parfum/Parfums-de-Marly/Nisean-36540.html,unisexe,Eau de Parfum,2016,"woody;amber;warm spicy;patchouli;balsamic;earthy;fresh spicy;citrus",,,,,,,,,,,,,4.13
Parfums de Marly,Oriana,https://www.fragrantica.fr/parfum/Parfums-de-Marly/Oriana-69117.html,femme,Eau de Parfum,2021,"sweet;citrus;fruity;powdery;white floral;vanilla;musky;lactonic;f_gender","Mandarine;Bergamote;Pamplemousse","Fleur d'oranger;Framboise;Cassis","Guimauve;Crème fouettée;Musc;Ambrette;Vanille",,,,,,,,,,3.89
Parfums de Marly,Palatine,https://www.fragrantica.fr/parfum/Parfums-de-Marly/Palatine-96023.html,femme,Eau de Parfum,2024,"powdery;violet;floral;musky;woody;fruity;citrus;sweet;f_gender","Poire;Bergamote;Mandarine;Pêche","Violette;Notes fleuries;Lavande","Musc;Bois de santal;Vanille;Patchouli",,,,,,,,,,3.64
Parfums de Marly,Pegasus,https://www.fragrantica.fr/parfum/Parfums-de-Marly/Pegasus-16938.html,homme,Eau de Parfum,2011,"almond;vanilla;powdery;nutty;sweet;lavender;fruity;woody;f_gender","Héliotrope;Cumin;Bergamote;Poivre rose","Amande amère;Lavande;Jasmin","Vanille;Bois de santal;Ambre;Musc;Cèdre",,,,,,,,,,4.07
Parfums de Marly,Pegasus Exclusif,https://www.fragrantica.fr/parfum/Parfums-de-Marly/Pegasus-Exclusif-63100.html,homme,Eau de Parfum,2020,"almond;woody;vanilla;powdery;warm spicy;oud;aromatic;sweet;f_gender","Cardamome;Héliotrope;Poivre rose;Bergamote","Amande amère;Lavande;Géranium;Jasmin","Vanille;Gaïac;Oud;Bois de santal;Ambre",,,,,,,,,,4.23
Parfums de Marly,Percival,https://www.fragrantica.fr/parfum/Parfums-de-Marly/Percival-51037.html,unisexe,Eau de Parfum,2018,"amber;aromatic;citrus;woody;fresh spicy;musky;lavender;floral","Lavande;Mandarine;Bergamote;Géranium;Poivre rose","Hedione;Violette;Jasmin;Coriandre;Cannelle;Cardamome","Ambroxan;Amberwood;Musc;Sapin baumier;Clearwood;Fève de tonka",,,,,,,,,,4.24
Parfums de Marly,Perseus,https://www.fragrantica.fr/parfum/Parfums-de-Marly/Perseus-90199.html,homme,Eau de Parfum,2024,"citrus;woody;aromatic;fresh spicy;amber;earthy;fruity;green;f_gender","Pamplemousse;Bergamote;Cassis","Vétiver;Mandarine verte;Géranium","Bois sec;Bois de cachemire;Ambre gris;Sapin baumier;Cèdre;Fève de tonka",,,,,,,,,,3.90
Parfums de Marly,Safanad,https://www.fragrantica.fr/parfum/Parfums-de-Marly/Safanad-18749.html,femme,Eau de Parfum,2013,"sweet;white floral;citrus;vanilla;powdery;woody;yellow floral;amber;f_gender","Poire;Orange","Fleur d'oranger;Ylang-ylang;Iris","Vanille;Ambre;Bois de santal",,,,,,,,,,4.14
Parfums de Marly,Sedbury,https://www.fragrantica.fr/parfum/Parfums-de-Marly/Sedbury-30819.html,femme,Eau de Parfum,2015,"white floral;amber;tuberose;aromatic;vanilla;animalic;citrus;lavender;f_gender","Sauge sclarée;Lavande;Tangerine;Bergamote","Tubéreuse;Jasmin;Iris","Benjoin;Vanille;Ambre gris;Vétiver;Patchouli",,,,,,,,,,3.74
Parfums de Marly,Sedley,https://www.fragrantica.fr/parfum/Parfums-de-Marly/Sedley-56273.html,unisexe,Eau de Parfum,2019,"citrus;aromatic;fresh spicy;woody;amber;green;lavender;musky","Citron;Menthe;Bergamote;Pamplemousse;Mandarine","Lavande;Romarin;Géranium;Résine oliban","Ambroxan;Bois de santal;Cèdre;Bois de cachemire;Vétiver;Patchouli",,,,,,,,,,4.26
Parfums de Marly,Shagya,https://www.fragrantica.fr/parfum/Parfums-de-Marly/Shagya-11767.html,homme,Eau de Parfum,2009,"woody;aromatic;oud;fresh spicy;citrus;earthy;green;musky;f_gender","Citron vert;Bergamote;Poivre rose","Oud;Cèdre de Virginie;Géranium","Vétiver;Gaïac;Papyrus;Musc",,,,,,,,,,3.88
Parfums de Marly,Tolla Pegasus,https://www.fragrantica.fr/parfum/Parfums-de-Marly/Tolla-Pegasus-28273.html,homme,Eau de Parfum,2014,"powdery;vanilla;almond;fresh spicy;oud;lavender;amber;woody;f_gender","Héliotrope;Cumin;Bergamote","Amande amère;Lavande;Oud","Vanille;Ambre;Bois de santal",,,,,,,,,,4.05
Parfums de Marly,Habdan,https://www.fragrantica.fr/parfum/Parfums-de-Marly/Habdan-21550.html,unisexe,Eau de Parfum,2013,"amber;warm spicy;caramel;woody;fruity;balsamic;sweet;fresh spicy","Safran;Résine oliban","Pomme;Notes boisées;Rose","Myrrhe;Caramel;Ambre gris",,,,,,,,,,4.23
Parfums de Marly,Hamdani,https://www.fragrantica.fr/parfum/Parfums-de-Marly/Hamdani-21551.html,unisexe,Eau de Parfum,2013,"amber;woody;leather;warm spicy;balsamic;animalic;sweet;smoky","Résine oliban;Myrrhe","Gaïac;Miel;Clou de girofle","Cuir;Styrax;Papyrus;Tabac;Benjoin;Bois de santal",,,,,,,,,,3.55
Parfums de Marly,Kuhuyan,https://www.fragrantica.fr/parfum/Parfums-de-Marly/Kuhuyan-21549.html,unisexe,Extrait de Parfum,2013,"leather;animalic;amber;ozonic;vanilla;powdery;oud;aquatic","Feuille de violette;Jasmin","Cuir;Héliotrope","Ambre gris;Oud;Fève de tonka",,longue tenue,modéré (e),,,,,,,3.87
Parfums de Marly,Oajan,https://www.fragrantica.fr/parfum/Parfums-de-Marly/Oajan-21548.html,unisexe,Eau de Parfum,2013,"warm spicy;amber;vanilla;cinnamon;honey;sweet;floral;balsamic","Cannelle;Miel;Osmanthus","Benjoin;Ciste;Ambre gris;Armoise","Vanille;Fève de tonka;Musc;Patchouli",,très longue tenue,énorme,,,,,,,4.42
Parfums de Marly,Delina,https://www.fragrantica.fr/parfum/Parfums-de-Marly/Delina-43871.html,femme,Eau de Parfum,2017,"rose;floral;fruity;fresh;musky;aromatic;green;powdery;f_gender","Litchi;Rhubarbe;Bergamote;Noix de muscade;Cassis","Rose de Turquie;Pivoine;Musc;Petalia;Vanille","Bois de cachemire;Encens;Cèdre;Vétiver de Haïti;Caramel",,,,,,,,,,3.96
Parfums de Marly,Delina Exclusif,https://www.fragrantica.fr/parfum/Parfums-de-Marly/Delina-Exclusif-50370.html,femme,Extrait de Parfum,2018,"rose;fruity;vanilla;amber;tropical;fresh;sweet;woody;f_gender","Litchi;Poire;Bergamote;Poivre rose;Pamplemousse","Rose de Turquie;Oud;Encens","Vanille;Ambre;Notes boisées;Musc;Evernyl;Vétiver",,modéré (e),énorme,,,,,,,4.12
Parfums de Marly,Delina La Rosée,https://www.fragrantica.fr/parfum/Parfums-de-Marly/Delina-La-Rosee-64667.html,femme,Eau de Parfum,2021,"floral;fresh;rose;aquatic;fruity;musky;tropical;citrus;f_gender","Litchi;Poire;Bergamote;Poivre rose","Rose de Turquie;Pivoine;Notes aquatiques;Notes fleuries","Musc blanc;Notes boisées;Vétiver de Haïti",,,,,,,,,,4.16
Parfums de Marly,Delina Limited Edition,https://www.fragrantica.fr/parfum/Parfums-de-Marly/Delina-Limited-Edition-92069.html,femme,Extrait de Parfum,2024,"musky;fruity;rose;powdery;floral;vanilla;fresh;citrus;f_gender","Litchi;Bergamote;Rhubarbe","Vanille;Rose de Mai;Pivoine","Musc;Bois de cachemire;Vétiver",,modéré (e),modéré (e),,,,,,,4.38
Parfums de Marly,Carios,https://www.fragrantica.fr/parfum/Parfums-de-Marly/Carios-116242.html,unisexe,Eau de Parfum,2025,"fresh spicy;aromatic;amber;warm spicy;citrus;musky;woody;vanilla","Safran;Mandarine;Poivre rose;Bergamote","Poivre noir;Géranium;Thym rouge","Ambroxan;Fève de tonka;Vétiver;Cèdre",,,,,,,,,,3.14
Parfums de Marly,Eragon,https://www.fragrantica.fr/parfum/Parfums-de-Marly/Eragon-116243.html,unisexe,Extrait de Parfum,2025,"warm spicy;vanilla;citrus;aromatic;woody;cinnamon;sweet;leather","Cardamome;Mandarine;Bergamote","Cannelle;Huile essentielle de cypriol;Davana","Gousse de vanille;Fève de tonka;Cuir;Patchouli",,,,,,,,,,3.56
Parfums de Marly,Valero,https://www.fragrantica.fr/parfum/Parfums-de-Marly/Valero-116244.html,unisexe,Eau de Parfum,2025,"fresh spicy;aromatic;woody;citrus;lavender;herbal;warm spicy;rose","Cédrat;Bergamote;Genévrier","Lavande;Géranium;Noix de muscade;Cyprès","Ambrox Super;Patchouli;Bois de santal",,,,,,,,,,3.36
Parfums de Marly,Valaya,https://www.fragrantica.fr/parfum/Parfums-de-Marly/Valaya-78574.html,femme,Eau de Parfum,2023,"musky;citrus;white floral;fresh;aldehydic;powdery;fruity;amber;f_gender","Aldéhydes;Pêche blanche;Bergamote;Mandarine","Fleur d'oranger;Muguet;Petalia;Nympheal™;Vétiver;Mahonia","Musc;Ambroxan;Bois d'Akigala;Vanille",,,,,,,,,,3.90
Parfums de Marly,Valaya Exclusif,https://www.fragrantica.fr/parfum/Parfums-de-Marly/Valaya-Exclusif-102806.html,femme,Eau de Parfum,2025,"powdery;citrus;almond;woody;white floral;sweet;musky;vanilla;f_gender","Amande;Bergamote;Mandarine","Notes poudrées;Fleur d'oranger;Muguet;Lotus","Ambroxan;Vanille;Bois d'Akigala;Bois de santal;Musc blanc;Héliotrope",,,,,,,,,,4.10
Parfums de Marly,Lippizan,https://www.fragrantica.fr/parfum/Parfums-de-Marly/Lippizan-11769.html,homme,Eau de Parfum,2009,"aromatic;woody;earthy;mossy;soft spicy;leather;green;powdery;f_gender","Sauge sclarée;Thym;Estragon;Cardamome;Limone Costa d'Amalfi;Bergamote","Férule gommeuse;Vétiver;Cèdre de Virginie;Jasmin;Rose;Iris;Patchouli","Mousse de chêne;Cuir;Musc;Ambre;Vanille",,,,,,,,,,3.86
Majestic Mist,Dynast'e,https://www.fragrantica.fr/parfum/Majestic-Mist/Dynast-e-116970.html,unisexe,Eau de Parfum,2025,"amber;vanilla;woody;fruity;warm spicy;floral;powdery;balsamic","Cassis;Notes solaires;Cyclamen","Ambroxan;Benjoin;Ambre","Bois de santal;Fève de tonka;Vanille;Gousse de vanille noire",,,,,,,,,,4.50
Majestic Mist,Petal Orchid,https://www.fragrantica.fr/parfum/Majestic-Mist/Petal-Orchid-116971.html,femme,Eau de Parfum,2025,"sweet;fruity;powdery;woody;vanilla;citrus;coconut;caramel;f_gender","Fraise des bois;Yuzu;Fruit de la passion","Vanille;Caramel;Orchidée;Pêche","Bois de santal;Noix de Coco;Ambre;Musc",,médiocre,discret,,,,,,,3.60
Majestic Mist,Thames Breeze,https://www.fragrantica.fr/parfum/Majestic-Mist/Thames-Breeze-116975.html,unisexe,Eau de Parfum,2025,"tropical;sweet;fruity;vanilla;lactonic;coconut;mossy;musky","Ananas;Vanille;Noix de Coco;Papaye","Vanille;Mangue;Lait","Musc blanc;Mousse de chêne",,,,,,,,,,4.60
Majestic Mist,Twilight,https://www.fragrantica.fr/parfum/Majestic-Mist/Twilight-116977.html,femme,Eau de Parfum,2025,"fruity;sweet;woody;amber;musky;almond;cherry;vanilla;f_gender","Cassis;Framboise;Cerise","Mûre;Ciste;Amande","Bois de cachemire;Vanille;Rhum",,,,,,,,,,3.50
Majestic Mist,Velvet Aura,https://www.fragrantica.fr/parfum/Majestic-Mist/Velvet-Aura-116973.html,unisexe,Eau de Parfum,2025,"sweet;coffee;vanilla;warm spicy;rum;caramel;musky;fruity","Caramel;Amande;Poire","Café;Rhum;Vanille","Musc blanc;Vanille;Caramel;Canne à sucre",,très longue tenue,puissant,,,,,,,4.50
Les Liquides Imaginaires,Âme de Fleur,https://www.fragrantica.fr/parfum/Les-Liquides-Imaginaires/Ame-de-Fleur-123412.html,unisexe,Eau de Parfum,2026,"white floral;tuberose;woody;rose;floral;powdery;animalic;vanilla",,,,,,,,,,,,,3.79
Les Liquides Imaginaires,Liquide,https://www.fragrantica.fr/parfum/Les-Liquides-Imaginaires/Liquide-76680.html,unisexe,Eau de Parfum,2022,"musky;powdery;white floral;warm spicy;citrus;amber;vanilla;woody","Safran;Mandarine","Notes solaires;Fleur d'oranger;Graines de carotte;Jasmin;Coriandre","Musc blanc;Vanille;Ciste;Ambroxan;Notes boisées;Patchouli",,longue tenue,modéré (e),,,,,,,4.03
Les Liquides Imaginaires,Liquide (2020),https://www.fragrantica.fr/parfum/Les-Liquides-Imaginaires/Liquide-2020-63785.html,unisexe,Eau de Parfum,2020,"metallic;ozonic;musky;animalic;leather;warm spicy;aromatic;powdery","Poivre noir;Bergamote;Cardamome;Ciste","Henné;Notes métalliques;Notes d'ozone;Iris","Daim;Notes animales;Safran;Cèdre",,modéré (e),modéré (e),,,,,,,3.37
Les Liquides Imaginaires,Lunatique,https://www.fragrantica.fr/parfum/Les-Liquides-Imaginaires/Lunatique-97277.html,unisexe,Eau de Parfum,2024,"fresh spicy;woody;aromatic;powdery;fruity;leather;amber;animalic","Poivre du Sichuan;Genévrier;Poire;Poivre rose;Tagètes","Cassis;Carotte;Encens;Iris;Gingembre;Cyclamen;Néroli","Cuir;Bois de santal;Oud;Fève de tonka;Ambre gris;Vétiver;Musc",,,,,,,,,,3.71
Les Liquides Imaginaires,Fortis,https://www.fragrantica.fr/parfum/Les-Liquides-Imaginaires/Fortis-23084.html,unisexe,Eau de Parfum,2011,"woody;oud;warm spicy;powdery;earthy;fresh spicy;balsamic;aromatic","Oud;Cumin;Safran;Huile essentielle de cypriol","Gaïac;Vétiver;Cèdre;Amyris","Bois de santal;Ambre gris;Vanille;Patchouli;Musc",,,,,,,,,,4.03
Les Liquides Imaginaires,Sancti,https://www.fragrantica.fr/parfum/Les-Liquides-Imaginaires/Sancti-23085.html,unisexe,Eau de Parfum,2011,"amber;woody;aromatic;fresh spicy;citrus;warm spicy;balsamic;smoky","Pamplemousse;Cyprès;Bergamote;Mandarine","Sapin baumier;Romarin;Cardamome;Lavande;Coriandre","Encens;Myrrhe;Cèdre;Benjoin;Ciste;Ambre;Musc;Vétiver;Patchouli",,,,,,,,,,4.17
Les Liquides Imaginaires,Tumultu,https://www.fragrantica.fr/parfum/Les-Liquides-Imaginaires/Tumultu-23086.html,unisexe,Eau de Parfum,,"woody;powdery;coconut;citrus;warm spicy;sweet;patchouli;balsamic",Pomelo,Noix de Coco,"Bois de santal;Cèdre;Patchouli",,,,,,,,,,3.55
Les Liquides Imaginaires,Bello Rabelo,https://www.fragrantica.fr/parfum/Les-Liquides-Imaginaires/Bello-Rabelo-23080.html,unisexe,Eau de Parfum,2013,"amber;woody;wine;sweet;fruity;herbal;warm spicy;balsamic","Vin rouge;Fruits secs","Immortelle;Résines;Ciste","Notes boisées;Benjoin;Vanille",,,,,,,,,,3.83
Les Liquides Imaginaires,Bloody Wood,https://www.fragrantica.fr/parfum/Les-Liquides-Imaginaires/Bloody-Wood-23082.html,unisexe,Eau de Parfum,2013,"woody;wine;fruity;sweet;rose;cherry;powdery;floral","Vin rouge;Rose;Violette","Vin rouge;Cerise;Notes fruitées;Framboise","Notes boisées;Chêne;Bois de santal",,modéré (e),modéré (e),,,,,,,3.89
Les Liquides Imaginaires,Dom Rosa,https://www.fragrantica.fr/parfum/Les-Liquides-Imaginaires/Dom-Rosa-23083.html,unisexe,Eau de Parfum,2013,"citrus;woody;rose;champagne;aldehydic;sweet;fruity;aromatic","Champagne;Pomelo;Poire","Rose de Damas;Clou de girofle;Résine oliban","Notes boisées;Cèdre;Vétiver;Gaïac",,,,,,,,,,4.05
Les Liquides Imaginaires,Dom Rosa Millésimé,https://www.fragrantica.fr/parfum/Les-Liquides-Imaginaires/Dom-Rosa-Millesime-79227.html,unisexe,Eau de Parfum,2023,"woody;citrus;rose;champagne;aldehydic;aromatic;fresh spicy;sweet","Champagne;Pomelo;Poire","Rose de Damas;Clou de girofle;Résine oliban","Notes boisées;Cèdre;Vétiver;Gaïac",,,,,,,,,,4.08
Les Liquides Imaginaires,Abyssis,https://www.fragrantica.fr/parfum/Les-Liquides-Imaginaires/Abyssis-73556.html,unisexe,Eau de Parfum,2022,"aquatic;musky;amber;woody;powdery;warm spicy;fresh spicy;balsamic","Calypsone;Poivre noir;Poivre blanc","Ambroxan;Cèdre;Bois de santal","Cosmone;Styrax",,,,,,,,,,3.64
Les Liquides Imaginaires,Navis,https://www.fragrantica.fr/parfum/Les-Liquides-Imaginaires/Navis-73555.html,unisexe,Extrait de Parfum,2022,"woody;marine;mossy;aquatic;aromatic;earthy;citrus;balsamic","Poivre rose;Pamplemousse;Bergamote",Algue,"Mousse de chêne;Amyris;Cèdre",,modéré (e),modéré (e),,,,,,,3.57
Les Liquides Imaginaires,Sirenis,https://www.fragrantica.fr/parfum/Les-Liquides-Imaginaires/Sirenis-73554.html,unisexe,Eau de Parfum,2022,"marine;aromatic;musky;mossy;floral;woody;earthy;powdery","Notes marines;Sauge;Bergamote;Cardamome","Fleurs transparentes;Bois de santal;Genêt","Musc;Mousse;Patchouli;Vétiver;Ambre",,modéré (e),modéré (e),,,,,,,3.23
Les Liquides Imaginaires,Buveur De Vent,https://www.fragrantica.fr/parfum/Les-Liquides-Imaginaires/Buveur-De-Vent-55017.html,unisexe,Extrait de Parfum,2019,"woody;aromatic;leather;fresh spicy;mossy;soft spicy;animalic;earthy",,,,"Cuir;Cyprès;Cèdre;Sauge sclarée;Mousse de chêne;Genévrier;Estragon;Ciste;Petit-grain;Bois de santal;Bergamote",longue tenue,modéré (e),,,,,,,4.03
Les Liquides Imaginaires,Fleur De Sable,https://www.fragrantica.fr/parfum/Les-Liquides-Imaginaires/Fleur-De-Sable-55019.html,unisexe,Eau de Parfum,2019,"rose;warm spicy;floral;fresh spicy;amber;soft spicy;iris;sweet",,,,"Églantine;Poivre rose;Myrrhe;Poivre noir;Paprika;Racine d'iris;Mandarine",modéré (e),modéré (e),,,,,,,3.95
Les Liquides Imaginaires,Tapis Volant,https://www.fragrantica.fr/parfum/Les-Liquides-Imaginaires/Tapis-Volant-55018.html,unisexe,Eau de Parfum,2019,"iris;powdery;woody;white floral;violet;warm spicy;earthy;floral","Bergamote;Graines de carotte;Aldéhydes","Iris;Jasmin;Epices;Mahonial","Bois de santal;Fève de tonka;Musc blanc;Ambrofix™;Vétiver",,,,,,,,,,3.94
Les Liquides Imaginaires,Saltus,https://www.fragrantica.fr/parfum/Les-Liquides-Imaginaires/Saltus-29614.html,unisexe,Eau de Parfum,2015,"woody;camphor;smoky;amber;leather;balsamic;warm spicy;aromatic",,,,"Camphre;Eucalyptus;Castoréum;Encens;Bois de santal;Cèdre;Styrax;Fève de tonka;Patchouli",longue tenue,modéré (e),,,,,,,3.80
Les Liquides Imaginaires,Succus,https://www.fragrantica.fr/parfum/Les-Liquides-Imaginaires/Succus-29615.html,unisexe,Eau de Parfum,2015,"fresh spicy;aromatic;citrus;woody;amber;fresh;smoky;camphor",,,,"Pamplemousse;Gingembre;Romarin;Feuille de laurier;Encens;Sauge sclarée;Genévrier;Orchidée;Mandarine;Notes boisées;Musc;Vétiver;Cèdre;Poivre noir;Ambre",,,,,,,,,3.73
Les Liquides Imaginaires,Tellus,https://www.fragrantica.fr/parfum/Les-Liquides-Imaginaires/Tellus-29613.html,unisexe,Eau de Parfum,2015,"earthy;woody;patchouli;amber;mossy;musky;warm spicy;white floral",,,,"Teinture de terre;Patchouli;Mousse;Lys;Costus;Ambroxan;Sapin baumier;Bois de cachemire;Ciste",,,,,,,,,3.83
Les Liquides Imaginaires,Âme Du Coeur,https://www.fragrantica.fr/parfum/Les-Liquides-Imaginaires/Ame-Du-Coeur-89907.html,unisexe,Eau de Parfum,2024,"woody;fresh spicy;citrus;aromatic;warm spicy;soft spicy;oud;sweet","Poivre rose;Orange sanguine;Poivre noir;Gingembre;Cyprès;Cardamome;Pamplemousse;Mandarine;Élémi;Rose","Gaïac;Cacao;Pomarose","Bois d'Akigala;Cèdre;Fève de tonka;Vétiver;Vanilline",,modéré (e),modéré (e),,,,,,,3.98
Les Liquides Imaginaires,Beaute du Diable,https://www.fragrantica.fr/parfum/Les-Liquides-Imaginaires/Beaute-du-Diable-54645.html,unisexe,Eau de Parfum,2019,"aromatic;warm spicy;woody;floral;herbal;fresh spicy;citrus;bitter","Gin;Absinthe;Coriandre;Bigarade;Citron d'Italie","Clou de girofle;Œillet;Cyprès;Géranium;Ylang-ylang","Pavé;Ciste;Gaïac;Vétiver de Haïti",,,,,,,,,,4.09
Les Liquides Imaginaires,Belle Bete,https://www.fragrantica.fr/parfum/Les-Liquides-Imaginaires/Belle-Bete-41993.html,unisexe,Eau de Parfum,2016,"musky;leather;woody;powdery;animalic;smoky;warm spicy;nutty","Noisette;Piment rouge;Fleur d'iris;Rhubarbe;Safran;Sauge sclarée","Café;Bois de cachemire;Vétiver;Cèdre Atlas;Coumarine;Patchouli","Daim;Castoréum;Civette;Musc;Ambrette;Costus",,modéré (e),modéré (e),,,,,,,3.51
Les Liquides Imaginaires,Bête Humaine,https://www.fragrantica.fr/parfum/Les-Liquides-Imaginaires/Bete-Humaine-65665.html,unisexe,Eau de Parfum,2021,"woody;aromatic;balsamic;earthy;ozonic;green;amber;aquatic","Châtaigne;Lentisque;Feuille de violette;Cumin","Notes boisées;Bois de santal;Ciste;Cèdre de Virginie","Vétiver de Haïti;Huile essentielle de cypriol;Papyrus;Gaïac;Pin",,,,,,,,,,3.90
Les Liquides Imaginaires,Blanche Bête,https://www.fragrantica.fr/parfum/Les-Liquides-Imaginaires/Blanche-Bete-70189.html,unisexe,Eau de Parfum,2021,"vanilla;musky;lactonic;white floral;powdery;sweet;tuberose;floral","Lait;Ambrette;Mystikal","Tubéreuse;Jasmin;Encens;Mahonial","Vanille;Musc;Fève de tonka;Cacao",,très longue tenue,discret,,,,,,,4.08
Les Liquides Imaginaires,Blanche Bête Limited Edition,https://www.fragrantica.fr/parfum/Les-Liquides-Imaginaires/Blanche-Bete-Limited-Edition-116222.html,unisexe,Eau de Parfum,2025,"white floral;lactonic;tuberose;musky;vanilla;floral;sweet;powdery","Lait;Ambrette;Mystikal","Tubéreuse;Jasmin;Encens;Mahonial","Musc;Vanille;Fève de tonka;Cacao",,,,,,,,,,4.30
Les Liquides Imaginaires,Peau de Bete,https://www.fragrantica.fr/parfum/Les-Liquides-Imaginaires/Peau-de-Bete-36516.html,unisexe,Eau de Parfum,2016,"woody;musky;animalic;leather;fresh spicy;aromatic;smoky;amber","Cumin;Persil;Camomille;Safran;Poivre noir","Huile essentielle de cypriol;Styrax;Amyris;Genévrier;Herbe;Gaïac;Ambrarome;Feuille de patchouli;Patchouli;Cèdre Atlas;Cèdre du Texas","Civette;Castoréum",,longue tenue,modéré (e),,,,,,,3.81
Les Liquides Imaginaires,Desert Suave,https://www.fragrantica.fr/parfum/Les-Liquides-Imaginaires/Desert-Suave-51543.html,unisexe,Eau de Parfum,2018,"sweet;citrus;warm spicy;white floral;aromatic;fruity;woody;honey",,,,"Dattes;Sésame;Cardamome;Fleur d'oranger;Cèdre;Mandarine;Rose",longue tenue,modéré (e),,,,,,,3.93
Les Liquides Imaginaires,Fleuve Tendre,https://www.fragrantica.fr/parfum/Les-Liquides-Imaginaires/Fleuve-Tendre-44427.html,unisexe,Eau de Parfum,2017,"musky;animalic;fresh spicy;aromatic;rose;warm spicy;powdery;citrus","Mandarine;Cumin;Cardamome;Coriandre;Poivre noir;Safran;Noix de muscade","Musc;Notes animales;Eau de rose;Géranium;Petalia","Musc;Civette;Daim;Vétiver;Encens;Fève de tonka;Patchouli",,,,,,,,,,3.87
Les Liquides Imaginaires,L’Ile Pourpre,https://www.fragrantica.fr/parfum/Les-Liquides-Imaginaires/L-Ile-Pourpre-36306.html,unisexe,Eau de Parfum,2016,"fresh spicy;musky;amber;woody;aromatic;fruity;powdery;sweet","Gingembre;Angélique;Shiso;Bergamote","Figue;Armoise;Fenugrec","Ambroxan;Cèdre;Bois de cachemire;Crème fouettée;Patchouli",,modéré (e),modéré (e),,,,,,,4.11
Les Liquides Imaginaires,Lacrima,https://www.fragrantica.fr/parfum/Les-Liquides-Imaginaires/Lacrima-26833.html,unisexe,Eau de Parfum,2014,"aromatic;woody;balsamic;leather;earthy;conifer;smoky;musky","Castoréum;Poivre rose",Élémi,"Huile essentielle de cypriol;Castoréum",,,,,,,,,,3.65
Les Liquides Imaginaires,Melancolia,https://www.fragrantica.fr/parfum/Les-Liquides-Imaginaires/Melancolia-26834.html,unisexe,Eau de Parfum,2014,"fresh spicy;aromatic;citrus;green;musky;camphor;woody;powdery","Menthe;Bergamote","Laurier;Gingembre","Musc;Notes boisées",,,,,,,,,,3.63
Les Liquides Imaginaires,Phantasma,https://www.fragrantica.fr/parfum/Les-Liquides-Imaginaires/Phantasma-26835.html,unisexe,Eau de Parfum,2014,,,,,,très longue tenue,énorme,,,,,,,3.63
Les Liquides Imaginaires,Lacrima Eau de Parfum,https://www.fragrantica.fr/parfum/Les-Liquides-Imaginaires/Lacrima-Eau-de-Parfum-61678.html,unisexe,Eau de Parfum,2020,"amber;woody;aromatic;balsamic;leather;warm spicy;smoky;conifer",,,,"Élémi;Benjoin;Palissandre;Castoréum;Poivre rose;Mousse",modéré (e),modéré (e),,,,,,,3.84
Les Liquides Imaginaires,Melancolia Eau de Parfum,https://www.fragrantica.fr/parfum/Les-Liquides-Imaginaires/Melancolia-Eau-de-Parfum-61677.html,unisexe,Eau de Parfum,2020,"fresh spicy;aromatic;citrus;green;warm spicy;musky;herbal;camphor",,,,"Citronnelle;Menthe;Feuille de laurier;Gingembre;Cardamome;Daim;Musc",modéré (e),modéré (e),,,,,,,3.76
Les Liquides Imaginaires,Phantasma Eau de Parfum,https://www.fragrantica.fr/parfum/Les-Liquides-Imaginaires/Phantasma-Eau-de-Parfum-61676.html,unisexe,Eau de Parfum,2020,"fresh spicy;green;citrus;woody;fresh;musky;sweet;savory",,,,"Thé noir;Riz;Yuzu;Musc;Genévrier;Notes boisées;Gingembre",,,,,,,,,3.75
Les Liquides Imaginaires,Bergamot Brother,https://www.fragrantica.fr/parfum/Les-Liquides-Imaginaires/Bergamot-Brother-103912.html,unisexe,Eau de Parfum,2025,"fresh spicy;citrus;woody;warm spicy;oud;musky;powdery;fresh","Bergamote;Orange;Mandarine;Cardamome;Angélique","Gingembre;Poivre blanc;Fruits secs;Safran;Fleur d'oranger;Cannelle","Bois d'Akigala;Ambrofix™;Cèdre Atlas;Cosmone;Cuir;Orange;Benjoin",,,,,,,,,,3.63
Les Liquides Imaginaires,Buddha Blend,https://www.fragrantica.fr/parfum/Les-Liquides-Imaginaires/Buddha-Blend-103917.html,unisexe,Eau de Parfum,2025,"citrus;lactonic;woody;fresh spicy;sweet;aromatic;floral;green","Yuzu;Citron caviar;Gingembre;Citron","Lait;Vanilline;Orchidée","Bois d'ébène;Georgywood;Fève de tonka;Vétiver",,,,,,,,,,3.95
Les Liquides Imaginaires,Cedrat Tonic,https://www.fragrantica.fr/parfum/Les-Liquides-Imaginaires/Cedrat-Tonic-103918.html,unisexe,Eau de Parfum,2025,"aromatic;citrus;woody;fresh spicy;green;musky;oud;fresh","Gin;Pamplemousse;Citron;Romarin;Agrumes","Menthe;Poivre rose;Gingembre;Bergamote;Jasmin","Bois d'Akigala;Amberwood;Musc;Ambrette;Élémi",,faible,discret,,,,,,,3.75
Les Liquides Imaginaires,Lime Sister,https://www.fragrantica.fr/parfum/Les-Liquides-Imaginaires/Lime-Sister-103911.html,unisexe,Eau de Parfum,2025,"citrus;musky;yellow floral;powdery;sweet;floral;fresh spicy;vanilla","Citron vert;Citron d'Italie;Bigarade;Orange sanguine;Pamplemousse;Bergamote","Mimosa;Cosmone;Genêt;Pomarose;Jasmin d'Inde","Galaxolide;Ambrofix™;Vanille",,,,,,,,,,3.64
Les Liquides Imaginaires,Pistachio Cousin,https://www.fragrantica.fr/parfum/Les-Liquides-Imaginaires/Pistachio-Cousin-103913.html,unisexe,Eau de Parfum,2025,"citrus;woody;aromatic;white floral;green;fresh spicy;nutty;balsamic","Pistache;Citron d'Italie;Orange;Bergamote;Élémi;Encens","Citron;Fleur d'oranger;Petit-grain","Huile essentielle de cypriol;Bois d'Akigala;Vétiver;Santal d'Australie;Patchouli",,modéré (e),modéré (e),,,,,,,3.49
Les Liquides Imaginaires,Roasted Tangerine,https://www.fragrantica.fr/parfum/Les-Liquides-Imaginaires/Roasted-Tangerine-103914.html,unisexe,Eau de Parfum,2025,"citrus;woody;warm spicy;amber;fresh spicy;oud;aromatic;fruity","Mandarine d'Italie;Orange sanguine;Bergamote","Fenouil;Petit-grain;Encens;Café;Gingembre","Bois d'Akigala;Fève de tonka;Cèdre;Musc blanc;Notes boisées;Ambrofix™",,,,,,,,,,3.91
Les Liquides Imaginaires,Saffron Mandarin,https://www.fragrantica.fr/parfum/Les-Liquides-Imaginaires/Saffron-Mandarin-103916.html,unisexe,Eau de Parfum,2025,"citrus;warm spicy;woody;sweet;amber;fresh spicy;metallic;aromatic","Mandarine d'Italie;Orange sanguine;Poivre rose;Citron d'Italie;Poivre noir;Petit-grain;Feuille de mandarinier","Safran;Ylang-ylang;Jasmin","Chêne;Fève de tonka;Benjoin;Ciste",,modéré (e),modéré (e),,,,,,,3.66
Les Liquides Imaginaires,Seductive Cedrat,https://www.fragrantica.fr/parfum/Les-Liquides-Imaginaires/Seductive-Cedrat-103919.html,unisexe,Eau de Parfum,2025,"citrus;lactonic;vanilla;powdery;woody;sweet;aromatic;green","Citron;Yuzu;Mandarine verte;Poivre rose","Lait;Sésame;Notes vertes;Jasmin","Vanille;Bois de santal;Musc;Cèdre;Ambre",,,,,,,,,,4.12
Les Liquides Imaginaires,Upcycled Mandarin,https://www.fragrantica.fr/parfum/Les-Liquides-Imaginaires/Upcycled-Mandarin-103915.html,unisexe,Eau de Parfum,2025,"citrus;sweet;herbal;fruity;warm spicy;floral;lavender;aromatic","Mandarine d'Italie;Mandarine verte;Poivre rose;Citron d'Italie;Cardamome","Lavande;Abricot;Mahonial;Fleur d'oranger","Immortelle;Cèdre;Héliotrope;Ambre;Vétiver de Haïti;Amande;Benjoin;Vanilline",,,,,,,,,,3.32
Kajal,Kajal Homme,https://www.fragrantica.fr/parfum/Kajal/Kajal-Homme-32265.html,homme,Eau de Parfum,2015,"woody;citrus;warm spicy;vanilla;aromatic;powdery;sweet;amber;f_gender","Mandarine;Pamplemousse rose;Bourgeon de cassis","Cardamome;Gaïac;Bois de cachemire;Fleur d'oranger","Fève de tonka;Vanille;Bois de santal;Patchouli;Oud;Musc",,,,,,,,,,4.03
Kajal,Kajal Homme II,https://www.fragrantica.fr/parfum/Kajal/Kajal-Homme-II-65409.html,homme,Eau de Parfum,2021,"woody;citrus;aromatic;warm spicy;sweet;fruity;powdery;fresh spicy;f_gender","Bergamote;Mandarine;Ambre;Citron;Notes vertes;Fleur d'oranger","Pêche;Lavande;Cannelle;Cèdre;Romarin;Sauge sclarée;Clou de girofle","Notes boisées;Notes sucrées;Bois de santal;Mousse de chêne;Patchouli;Musc",,,,,,,,,,4.01
Kajal,Kajal III,https://www.fragrantica.fr/parfum/Kajal/Kajal-III-85072.html,unisexe,Eau de Parfum,2023,"citrus;fresh spicy;amber;musky;aromatic;fresh;woody;patchouli","Pamplemousse;Zeste de citron;Soda au Citron","Gingembre;Romarin;Lavande;Néroli","Ambroxan;Musc;Patchouli;Ambre",,,,,,,,,,4.41
Kajal,Kajal IV,https://www.fragrantica.fr/parfum/Kajal/Kajal-IV-85073.html,unisexe,Eau de Parfum,2023,"leather;sweet;green;woody;fruity;aromatic;animalic;vanilla","Davana;Rhum;Cardamome;Bourgeon de cassis","Cuir;Palmier;Jasmin","Dattes;Vanille;Notes boisées;Musc",,,,,,,,,,4.20
Kajal,Faris,https://www.fragrantica.fr/parfum/Kajal/Faris-73379.html,unisexe,Eau de Parfum,2022,"aromatic;fresh spicy;citrus;woody;lavender;warm spicy;amber;green","Lavande;Baies de genévrier;Bergamote;Citron;Pomme;Orange","Jasmin;Noix de muscade;Clou de girofle;Coriandre;Rose","Ambre;Vétiver;Bois de santal;Fève de tonka;Patchouli",,,,,,,,,,4.09
Kajal,Kajal Eau de Parfum,https://www.fragrantica.fr/parfum/Kajal/Kajal-Eau-de-Parfum-32248.html,femme,Eau de Parfum,2014,"powdery;vanilla;citrus;rose;amber;iris;musky;woody;f_gender","Bergamote de Calabre;Mandarine;Limone Costa d'Amalfi","Rose rouge de Turquie;Racine d'iris","Musc;Vanille de Madagascar;Fève de tonka;Ambre;Bois de santal",,,,,,,,,,3.85
Kajal,Kolada,https://www.fragrantica.fr/parfum/Kajal/Kolada-108304.html,unisexe,Eau de Parfum,2025,"sweet;fruity;coconut;tropical;amber;fresh;vanilla;lactonic","Ananas;Notes fruitées;Bergamote","Violette;Muguet","Noix de Coco;Ambre;Benjoin",,longue tenue,modéré (e),,,,,,,4.07
Kajal,Almaz,https://www.fragrantica.fr/parfum/Kajal/Almaz-73429.html,unisexe,Eau de Parfum,2022,"fruity;sweet;vanilla;citrus;powdery;woody;aromatic;floral","Cassis;Bergamote de Calabre;Limone Costa d'Amalfi;Mandarine","Framboise;Héliotrope;Rose de Turquie;Racine d'iris","Cassonade;Vanille de Madagascar;Musc;Fève de tonka;Bois de santal;Ambre",,,,,,,,,,4.10
Kajal,Masa,https://www.fragrantica.fr/parfum/Kajal/Masa-80458.html,unisexe,Eau de Parfum,2023,"woody;citrus;aromatic;warm spicy;fresh;fresh spicy;aquatic;patchouli","Mirabelle;Pamplemousse;Gingembre;Bergamote","Notes aquatiques;Patchouli;Cardamome;Petit-grain","Vétiver;Ambre;Gaïac;Vanille;Cèdre Atlas;Violette",,,,,,,,,,3.75
Kajal,Ruby,https://www.fragrantica.fr/parfum/Kajal/Ruby-102994.html,unisexe,Extrait de Parfum,2025,"sweet;fruity;vanilla;cherry;fresh;nutty;lactonic;amber","Cerise;Fruits rouges;Ananas;Noix de Coco;Amande","Crème fouettée;Cassonade;Crème glacée","Vanille;Musc;Fève de tonka;Ambre;Benjoin",,longue tenue,puissant,,,,,,,3.93
Kajal,Topaz,https://www.fragrantica.fr/parfum/Kajal/Topaz-114300.html,unisexe,Eau de Parfum,2025,"amber;citrus;musky;woody;white floral;sweet;animalic;rum","Citron vert;Fleur d'oranger;Rhum;Sureau noir","Citron Confit;Rose;Bourgeon de cassis;Cèdre;Citron noir","Ambre gris;Ambroxan;Musc;Bois de cachemire",,longue tenue,modéré (e),,,,,,,3.97
Kajal,Äican,https://www.fragrantica.fr/parfum/Kajal/AEican-91276.html,unisexe,Eau de Parfum,2024,"sweet;fruity;tropical;fresh;fresh spicy;citrus;woody;powdery","Fruit de la passion;Ananas;Mandarine","Gingembre;Poivre noir;Jasmin","Musc;Vanille;Praliné;Bois de santal;Vétiver;Patchouli",,,,,,,,,,4.26
Kajal,Dahab,https://www.fragrantica.fr/parfum/Kajal/Dahab-32266.html,femme,Extrait de Parfum,2015,"fruity;fresh;musky;tropical;sweet;powdery;woody;amber;f_gender","Pomme Granny Smith;Bergamote","Fruit de la passion;Cèdre;Coriandre","Musc;Ambre;Patchouli",,,,,,,,,,3.88
Kajal,Dahab Absolu,https://www.fragrantica.fr/parfum/Kajal/Dahab-Absolu-133752.html,unisexe,Extrait de Parfum,2026,"fruity;tropical;sweet;citrus;fresh;rose;fresh spicy;white floral","Mangue;Fruits tropicaux;Fruit de la passion;Pomme verte;Orange;Pamplemousse;Bergamote","Miel;Rose;Jasmin;Muguet;Géranium;Feuille de cassissier","Bois de cachemire;Vanille;Caramel;Mousse de chêne;Musc;Gaïac",,,,,,,,,,4.19
Kajal,Lamar,https://www.fragrantica.fr/parfum/Kajal/Lamar-62571.html,unisexe,Extrait de Parfum,2020,"fruity;sweet;fresh;rose;musky;woody;tropical;powdery","Ananas;Fruits rouges;Pomme;Cardamome;Coriandre","Rose de Bulgarie;Rose de Turquie;Magnolia;Jasmin Sambac","Musc;Vanille;Ambre;Bois de cachemire;Cèdre;Mousse",,,,,,,,,,4.08
Kajal,Lamar Caviar,https://www.fragrantica.fr/parfum/Kajal/Lamar-Caviar-89056.html,unisexe,Eau de Parfum,2023,"fruity;sweet;woody;fresh;powdery;warm spicy;aromatic;tropical","Ananas;Pomme;Cardamome;Fruits rouges;Coriandre","Rose de Bulgarie;Rose de Turquie;Jasmin;Magnolia","Cèdre;Vanille;Bois de cachemire;Ambre;Musc",,très longue tenue,modéré (e),,,,,,,4.17
Kajal,Lamar Noir,https://www.fragrantica.fr/parfum/Kajal/Lamar-Noir-97341.html,unisexe,Eau de Parfum,2024,"leather;fruity;oud;woody;tropical;caramel;animalic;fresh","Fruits tropicaux;Pomme verte;Violette;Bergamote","Caramel;Notes balsamiques;Vanille;Rose;Géranium","Cuir;Oud;Bois de cachemire;Ambre;Gaïac;Bois de santal;Mousse;Musc",,,,,,,,,,4.00
Kajal,The Whispering Oud,https://www.fragrantica.fr/parfum/Kajal/The-Whispering-Oud-132223.html,unisexe,Eau de Parfum,2026,"sweet;fruity;oud;musky;amber;honey;leather;vanilla","Pâtisseries françaises;Fruits secs;Feuille de tabac","Oud;Cuir;Miel;Rose","Fève de tonka;Musc blanc;Baumier du Pérou;Notes sucrées",,,,,,,,,,4.25
Kajal,Alujain,https://www.fragrantica.fr/parfum/Kajal/Alujain-41076.html,unisexe,Eau de Parfum,2017,"woody;rose;oud;powdery;musky;vanilla;floral;aromatic",,,,,,,,,,,,,3.84
Kajal,Fiddah,https://www.fragrantica.fr/parfum/Kajal/Fiddah-41080.html,unisexe,Eau de Parfum,2017,"sweet;vanilla;fruity;amber;tobacco;leather;floral;animalic","Fruits;Anis;Fleurs;Bergamote","Tabac;Cuir","Fève de tonka;Vanille;Ambre;Musc",,,,,,,,,,4.07
Kajal,Sareef,https://www.fragrantica.fr/parfum/Kajal/Sareef-41078.html,unisexe,Eau de Parfum,2017,"aromatic;woody;fresh spicy;earthy;citrus;floral;green;white floral","Bergamote de Calabre;Fleurs","Romarin;Néroli",Vétiver,,,,,,,,,,4.24
Kajal,Sawlaj,https://www.fragrantica.fr/parfum/Kajal/Sawlaj-41077.html,unisexe,Eau de Parfum,2017,"amber;warm spicy;woody;earthy;floral;citrus;patchouli;leather","Ciste;Citron;Bergamote","Patchouli;Œillet;Cuir;Jasmin;Rose","Benjoin;Mousse de chêne;Vanille;Vétiver",,longue tenue,puissant,,,,,,,4.14
Kajal,Warek,https://www.fragrantica.fr/parfum/Kajal/Warek-41081.html,unisexe,Eau de Parfum,2017,"leather;warm spicy;oud;smoky;amber;rose;woody;animalic","Safran;Encens","Rose;Gaïac;Patchouli;Ambre","Cuir;Oud;Vanille",,,,,,,,,,3.84
Kajal,Jihan,https://www.fragrantica.fr/parfum/Kajal/Jihan-49539.html,unisexe,Eau de Parfum,2018,"warm spicy;rose;oud;floral;woody;patchouli;vanilla;powdery","Safran;Fleur de pommier","Rose;Clou de girofle;Magnolia","Oud;Patchouli;Vanille;Bois de santal;Musc",,,,,,,,,,4.17
Kajal,Joorie,https://www.fragrantica.fr/parfum/Kajal/Joorie-49538.html,unisexe,Eau de Parfum,2018,"fresh spicy;warm spicy;sweet;woody;honey;patchouli;vanilla;rose","Clou de girofle;Noix de muscade;Poivre;Gingembre;Bergamote;Citron","Rose;Fleur d'oranger;Ylang-ylang","Miel;Patchouli;Fève de tonka;Cèdre;Vanille;Musc",,longue tenue,puissant,,,,,,,4.15
Kajal,Warde,https://www.fragrantica.fr/parfum/Kajal/Warde-46695.html,unisexe,Extrait de Parfum,2018,"woody;aromatic;conifer;fresh spicy;fruity;rose;balsamic;white floral","Pin;Cassis;Absinthe;Armoise","Rose;Fleurs blanches;Violette;Jasmin;Fleur d'oranger","Sapin baumier;Résines;Oud;Patchouli;Mousse;Musc",,,,,,,,,,3.78
Kajal,Yasmina,https://www.fragrantica.fr/parfum/Kajal/Yasmina-49540.html,unisexe,Eau de Parfum,2018,"warm spicy;leather;whiskey;woody;white floral;vanilla;animalic;aromatic","Cardamome;Safran;Rose","Cuir;Whisky;Jasmin;Racine d'iris","Fève de tonka;Patchouli;Vanille",,,,,,,,,,3.86
Initio Parfums Prives,Oud for Grace,https://www.fragrantica.fr/parfum/Initio-Parfums-Prives/Oud-for-Grace-139057.html,unisexe,Eau de Parfum,2026,"woody;sweet;vanilla;powdery;oud;lactonic;warm spicy;nutty",,,,,,,,,,,,,4.10
Initio Parfums Prives,Oud for Greatness,https://www.fragrantica.fr/parfum/Initio-Parfums-Prives/Oud-for-Greatness-53641.html,unisexe,Eau de Parfum,2018,"warm spicy;fresh spicy;oud;lavender;patchouli;metallic;musky;leather","Safran;Noix de muscade;Lavande",Oud,"Patchouli;Musc",,,,,,,,,,4.24
Initio Parfums Prives,Oud for Greatness Hair Perfume,https://www.fragrantica.fr/parfum/Initio-Parfums-Prives/Oud-for-Greatness-Hair-Perfume-96605.html,unisexe,Extrait de Parfum,2024,"warm spicy;oud;patchouli;woody;earthy;metallic;leather;balsamic",,,,"Patchouli;Oud;Safran;Musc;Lavande",très longue tenue,énorme,,,,,,,3.74
Initio Parfums Prives,Oud for Greatness Neo,https://www.fragrantica.fr/parfum/Initio-Parfums-Prives/Oud-for-Greatness-Neo-93090.html,unisexe,Eau de Parfum,2024,"fresh spicy;aromatic;oud;lavender;woody;citrus;warm spicy;conifer",,,,"Oud;Sapin;Lavande;Safran;Bergamote",,,,,,,,,4.20
Initio Parfums Prives,Oud for Happiness,https://www.fragrantica.fr/parfum/Initio-Parfums-Prives/Oud-for-Happiness-69224.html,unisexe,Eau de Parfum,2021,"fresh spicy;citrus;soft spicy;vanilla;green;powdery;oud;sweet","Gingembre;Bergamote","Réglisse;Oud;Cèdre","Vanille;Notes herbacées;Musc",,,,,,,,,,3.89
Initio Parfums Prives,Magnetic Blend 1,https://www.fragrantica.fr/parfum/Initio-Parfums-Prives/Magnetic-Blend-1-30994.html,unisexe,Eau de Parfum,2015,"amber;animalic;balsamic;powdery;soft spicy;salty;marine",,,,"Ambre;Ambre gris",,,,,,,,,3.00
Initio Parfums Prives,Magnetic Blend 7,https://www.fragrantica.fr/parfum/Initio-Parfums-Prives/Magnetic-Blend-7-30995.html,unisexe,Extrait de Parfum,2015,"musky;powdery;animalic;sweet",,,,Musc,,,,,,,,,3.71
Initio Parfums Prives,Magnetic Blend 8,https://www.fragrantica.fr/parfum/Initio-Parfums-Prives/Magnetic-Blend-8-30996.html,unisexe,Eau de Parfum,2015,"amber;smoky;warm spicy;balsamic;mossy;fresh spicy;woody;earthy",,,,"Encens;Résine oliban;Mousse de chêne",longue tenue,modéré (e),,,,,,,3.82
Initio Parfums Prives,Sugar Blast,https://www.fragrantica.fr/parfum/Initio-Parfums-Prives/Sugar-Blast-129499.html,unisexe,Eau de Parfum,2026,"sweet;vanilla;amber;musky;powdery;lactonic;woody;coconut",,,,"Vanille;Praliné;Ambroxan;Noix de Coco;Bois de cachemire;Rhum;Lavande",longue tenue,modéré (e),,,,,,,3.77
Initio Parfums Prives,Wild Rush,https://www.fragrantica.fr/parfum/Initio-Parfums-Prives/Wild-Rush-129498.html,unisexe,Eau de Parfum,2026,"sweet;fruity;caramel;woody;lavender;citrus;vanilla;fresh spicy",,,,"Fruits rouges;Caramel;Lavande;Bergamote;Vanille;Bois de santal;Patchouli",longue tenue,puissant,,,,,,,4.18
Initio Parfums Prives,Absolute Aphrodisiac,https://www.fragrantica.fr/parfum/Initio-Parfums-Prives/Absolute-Aphrodisiac-30989.html,unisexe,Eau de Parfum,2015,"vanilla;leather;amber;powdery;animalic;musky;smoky;sweet",,,,"Vanille;Ambre;Castoréum;Cuir;Musc;Fleurs blanches",,,,,,,,,4.27
Initio Parfums Prives,Addictive Vibration,https://www.fragrantica.fr/parfum/Initio-Parfums-Prives/Addictive-Vibration-38666.html,unisexe,Extrait de Parfum,2016,"floral;honey;sweet;white floral;musky;powdery;animalic;citrus",,,,"Miel;Fleur de pommier;Fleur d'oranger;Musc;Orchidée vanille",,,,,,,,,4.01
Initio Parfums Prives,Blessed Baraka,https://www.fragrantica.fr/parfum/Initio-Parfums-Prives/Blessed-Baraka-30991.html,unisexe,Eau de Parfum,2015,"amber;powdery;woody;musky;animalic;vanilla;warm spicy;white floral",,,,"Ambre;Bois de santal;Musc;Vanille;Fleurs blanches",,,,,,,,,4.20
Initio Parfums Prives,Divine Attraction,https://www.fragrantica.fr/parfum/Initio-Parfums-Prives/Divine-Attraction-30993.html,unisexe,Eau de Parfum,2015,"leather;aromatic;woody;earthy;animalic;smoky;green",,,,"Vétiver;Cuir",,,,,,,,,3.70
Initio Parfums Prives,Mystic Experience,https://www.fragrantica.fr/parfum/Initio-Parfums-Prives/Mystic-Experience-30992.html,unisexe,Eau de Parfum,2015,"woody;amber;powdery;warm spicy;coffee;musky;mossy;animalic",,,,"Ambre;Bois de santal;Café;Musc;Mousse de chêne",longue tenue,modéré (e),,,,,,,3.94
Initio Parfums Prives,Atomic Rose,https://www.fragrantica.fr/parfum/Initio-Parfums-Prives/Atomic-Rose-57587.html,unisexe,Extrait de Parfum,2019,"rose;vanilla;citrus;soft spicy;floral;amber;powdery;white floral","Poivre rose;Bergamote","Rose de Bulgarie;Rose de Turquie;Jasmin d'Egypte","Vanille de Madagascar;Ambre",,,,,,,,,,4.26
Initio Parfums Prives,Atomic Rose Hair Perfume,https://www.fragrantica.fr/parfum/Initio-Parfums-Prives/Atomic-Rose-Hair-Perfume-96604.html,unisexe,Extrait de Parfum,2024,"rose;citrus;floral;vanilla;fresh spicy;aromatic;powdery;white floral",,,,"Rose;Bergamote;Vanille;Jasmin",,,,,,,,,3.87
Initio Parfums Prives,Can't Get Enough,https://www.fragrantica.fr/parfum/Initio-Parfums-Prives/Can-t-Get-Enough-114319.html,unisexe,Eau de Parfum,2025,"rose;vanilla;caramel;floral;sweet;soft spicy;fresh;amber",,,,"Rose de Turquie;Caramel;Vanille;Hedione;Fève de tonka;Poivre rose",longue tenue,puissant,,,,,,,4.15
Initio Parfums Prives,High Frequency,https://www.fragrantica.fr/parfum/Initio-Parfums-Prives/High-Frequency-42259.html,unisexe,Extrait de Parfum,2016,"floral;almond;nutty;fresh;fruity;vanilla;powdery;sweet",,,,"Amande;Hedione;Magnolia;Héliotrope;Vanille;Jasmin;Bois de santal",,,,,,,,,3.88
Initio Parfums Prives,Narcotic Delight,https://www.fragrantica.fr/parfum/Initio-Parfums-Prives/Narcotic-Delight-89368.html,unisexe,Eau de Parfum,2024,"sweet;vanilla;cherry;woody;tobacco;warm spicy;fresh spicy;soft spicy","Cerise;Poivre rose;Poivre noir","Cognac;Hedione;Rose","Tabac;Vanille;Fève de tonka;Cèdre;Patchouli",,,,,,,,,,4.19
Initio Parfums Prives,Psychedelic Love,https://www.fragrantica.fr/parfum/Initio-Parfums-Prives/Psychedelic-Love-45977.html,unisexe,Extrait de Parfum,2017,"powdery;woody;floral;amber;yellow floral;vanilla;sweet;warm spicy",,,,,,,,,,,,,4.20
Initio Parfums Prives,Side Effect,https://www.fragrantica.fr/parfum/Initio-Parfums-Prives/Side-Effect-42260.html,unisexe,Eau de Parfum,2016,"warm spicy;tobacco;rum;cinnamon;woody;sweet;whiskey;floral",,,,"Rhum;Tabac;Cannelle;Safran;Bois de santal;Hedione",,,,,,,,,4.33
Initio Parfums Prives,Side Effect Hair Perfume,https://www.fragrantica.fr/parfum/Initio-Parfums-Prives/Side-Effect-Hair-Perfume-136218.html,unisexe,Eau de Parfum,2026,"tobacco;warm spicy;rum;sweet;woody;cinnamon;whiskey;metallic",,,,"Tabac;Rhum;Cannelle;Safran;Bois de santal;Hedione",,,,,,,,,3.00
Initio Parfums Prives,Lift Me Up,https://www.fragrantica.fr/parfum/Initio-Parfums-Prives/Lift-Me-Up-115367.html,unisexe,Eau de Parfum,2025,"vanilla;sweet;musky;powdery;floral;yellow floral;amber;citrus","Magnolia;Bergamote","Fève de tonka;Ylang-ylang","Vanille;Musc",,,,,,,,,,4.11
Initio Parfums Prives,Musk Therapy,https://www.fragrantica.fr/parfum/Initio-Parfums-Prives/Musk-Therapy-66097.html,unisexe,Extrait de Parfum,2021,"citrus;musky;floral;powdery;fruity;woody;green;fresh spicy",,,,,,,,,,,,,4.21
Initio Parfums Prives,Musk Therapy Hair Perfume,https://www.fragrantica.fr/parfum/Initio-Parfums-Prives/Musk-Therapy-Hair-Perfume-96606.html,unisexe,Extrait de Parfum,2024,"musky;citrus;powdery;floral;woody;fruity;aromatic;animalic",,,,,,,,,,,,,4.25
Initio Parfums Prives,Paragon,https://www.fragrantica.fr/parfum/Initio-Parfums-Prives/Paragon-76580.html,unisexe,Eau de Parfum,2022,"woody;aromatic;fruity;fresh spicy;citrus;lavender;herbal;sweet","Lavande;Sauge;Bergamote","Prune;Palo santo;Poivre noir","Bois de santal;Oud",,,,,,,,,,4.25
Initio Parfums Prives,Power Self,https://www.fragrantica.fr/parfum/Initio-Parfums-Prives/Power-Self-103778.html,unisexe,Eau de Parfum,2025,"musky;rose;floral;white floral;powdery;soft spicy;woody;animalic",Poivre rose,"Rose blanche;Fleurs blanches;Magnolia;Osmanthus","Musc;Ambrox Super;Cèdre",,modéré (e),modéré (e),,,,,,,3.70
Initio Parfums Prives,Rehab,https://www.fragrantica.fr/parfum/Initio-Parfums-Prives/Rehab-50351.html,unisexe,Eau de Parfum,2018,"woody;powdery;aromatic;lavender;musky;fresh spicy;citrus;warm spicy","Lavande;Bergamote","Cèdre;Vétiver;Patchouli","Bois de santal;Musc;Gaïac",,,,,,,,,,4.24
Ella K Parfums,Baiser de Florence,https://www.fragrantica.fr/parfum/Ella-K-Parfums/Baiser-de-Florence-48469.html,unisexe,Eau de Parfum,2018,"amber;powdery;vanilla;iris;warm spicy;balsamic;fresh spicy;sweet",,,,"Myrrhe;Résine oliban;Iris;Héliotrope;Vanille;Musc;Jasmin",modéré (e),modéré (e),,,,,,,4.03
Ella K Parfums,Brumes de Khao-Sok,https://www.fragrantica.fr/parfum/Ella-K-Parfums/Brumes-de-Khao-Sok-48465.html,unisexe,Eau de Parfum,2018,"white floral;woody;green;aromatic;fresh spicy;soft spicy;animalic;lactonic",,,,"Notes vertes;Lys;Cyprès;Cèdre;Gardénia",modéré (e),modéré (e),,,,,,,4.10
Ella K Parfums,Cri Du Kalahari,https://www.fragrantica.fr/parfum/Ella-K-Parfums/Cri-Du-Kalahari-57010.html,unisexe,Eau de Parfum,2019,"woody;warm spicy;powdery;patchouli;balsamic;earthy;fresh spicy;aromatic","Poivre;Racine d'iris","Baobab;Cèdre","Bois de santal;Patchouli",,longue tenue,modéré (e),,,,,,,3.93
Ella K Parfums,Epupa Mon Amour,https://www.fragrantica.fr/parfum/Ella-K-Parfums/Epupa-Mon-Amour-48472.html,unisexe,Extrait de Parfum,2018,"woody;fresh spicy;aromatic;amber;vanilla;powdery;warm spicy;earthy",,,,"Vétiver;Bois de santal;Cumin;Poivre noir;Gaïac;Ambre;Vanille;Fève de tonka",très longue tenue,puissant,,,,,,,3.80
Ella K Parfums,Lettre de Pushkar,https://www.fragrantica.fr/parfum/Ella-K-Parfums/Lettre-de-Pushkar-48470.html,unisexe,Extrait de Parfum,2018,"warm spicy;rose;vanilla;fresh spicy;metallic;floral;cinnamon;leather","Safran;Noix de muscade;Cannelle","Rose;Fleur d'oranger;Huile essentielle de cypriol","Vanille;Musc;Patchouli;Vétiver",,,,,,,,,,4.23
Ella K Parfums,Melodie D'Altai,https://www.fragrantica.fr/parfum/Ella-K-Parfums/Melodie-D-Altai-48471.html,unisexe,Extrait de Parfum,2018,"leather;warm spicy;amber;woody;animalic;earthy;metallic;balsamic","Safran;Whisky;Encens","Cuir;Styrax;Cèdre;Jasmin","Patchouli;Vétiver;Fève de tonka;Benjoin",,longue tenue,modéré (e),,,,,,,4.03
Ella K Parfums,Mémoire de Daisen In,https://www.fragrantica.fr/parfum/Ella-K-Parfums/Memoire-de-Daisen-In-53670.html,femme,Extrait de Parfum,2019,"citrus;floral;rose;fresh;musky;amber;green;powdery;f_gender","Kumquat;Tangerine;Bergamote;Citron vert","Rose;Pivoine;Thé;Prune;Hedione;Noix de muscade","Musc blanc;Iso E Super;Ambroxan;Violette;Benjoin;Vanille",,modéré (e),modéré (e),,,,,,,3.96
Ella K Parfums,Pluie Sur Ha Long,https://www.fragrantica.fr/parfum/Ella-K-Parfums/Pluie-Sur-Ha-Long-48468.html,unisexe,Eau de Parfum,2018,"floral;aquatic;musky;ozonic;citrus;powdery;fruity;rose","Poire Nashi;Rhubarbe;Poivre rose","Lotus;Magnolia;Rose;Jasmin d'eau","Musc;Ambrofix™;Bois d'Akigala",,modéré (e),modéré (e),,,,,,,4.07
Ella K Parfums,Poeme de Sagano,https://www.fragrantica.fr/parfum/Ella-K-Parfums/Poeme-de-Sagano-48467.html,unisexe,Eau de Parfum,2018,"citrus;fresh spicy;woody;green;aromatic;bitter;sweet;floral","Yuzu;Pamplemousse;Bergamote","Bambou;Shiso;Thé matcha","Musc;Cèdre;Patchouli",,modéré (e),modéré (e),,,,,,,4.21
Ella K Parfums,Reflet Sur L'Okavango,https://www.fragrantica.fr/parfum/Ella-K-Parfums/Reflet-Sur-L-Okavango-57009.html,unisexe,Eau de Parfum,2019,"floral;woody;aromatic;honey;powdery;earthy;iris;balsamic","Amarula;Papyrus","Acacia;Câpre;Iris","Mopane;Sycomore;Fève de tonka",,longue tenue,puissant,,,,,,,4.13
Ella K Parfums,Rose de Pushkar,https://www.fragrantica.fr/parfum/Ella-K-Parfums/Rose-de-Pushkar-65424.html,unisexe,Extrait de Parfum,2021,"rose;warm spicy;amber;fresh spicy;woody;oud;patchouli;musky","Eau de rose;Poivre noir;Litchi;Résine oliban;Safran","Rose;Oud;Patchouli;Bois de santal;Extrait de cèdre blanc","Musc;Ciste;Cuir;Fève de tonka;Ambre",,longue tenue,modéré (e),,,,,,,3.76
Ella K Parfums,Amber K,https://www.fragrantica.fr/parfum/Ella-K-Parfums/Amber-K-103050.html,unisexe,Eau de Parfum,2025,"amber;warm spicy;vanilla;cacao;sweet;woody;powdery;patchouli","Cigare cubain;Lys;Poivre rose","Cacao;Patchouli;Iris;Extrait de cèdre blanc","Ambre;Fève de tonka;Résine oliban;Vanille;Cuir",,modéré (e),modéré (e),,,,,,,3.96
Ella K Parfums,Camélia K,https://www.fragrantica.fr/parfum/Ella-K-Parfums/Camelia-K-79176.html,unisexe,Eau de Parfum,2023,"white floral;citrus;tuberose;floral;fruity;vanilla;sweet;tropical","Orange sanguine;Pitaya;Gingembre","Tubéreuse d'Inde;Fleur d'oranger;Jasmin;Camélia;Rose de Bulgarie","Fève de tonka;Vanille;Patchouli;Vétiver",,longue tenue,puissant,,,,,,,4.06
Ella K Parfums,Musc K,https://www.fragrantica.fr/parfum/Ella-K-Parfums/Musc-K-84119.html,unisexe,Eau de Parfum,2023,"musky;powdery;woody;floral;soft spicy;iris;sweet;animalic","Lys des sables;Poivre rose","Cèdre;Racine d'iris","Musc;Vétiver de Haïti",,longue tenue,modéré (e),,,,,,,4.18
Ella K Parfums,Myrrh K,https://www.fragrantica.fr/parfum/Ella-K-Parfums/Myrrh-K-128168.html,unisexe,Eau de Parfum,2026,"sweet;fruity;floral;honey;woody;vanilla;amber;warm spicy","Grenade;Frangipanier;Jasmin;Mandarine;Rose","Miel;Dattes;Halva;Amande;Canne à sucre;Sésame;Safran","Fève de tonka;Myrrhe;Vanille de Madagascar;Notes boisées;Cèdre",,longue tenue,puissant,,,,,,,3.93
Ella K Parfums,Orchid K,https://www.fragrantica.fr/parfum/Ella-K-Parfums/Orchid-K-90734.html,unisexe,Extrait de Parfum,2024,"floral;sweet;woody;powdery;vanilla;warm spicy;citrus;lactonic","Guimauve;Petit-grain;Laurier rose","Orchidée noire;Magnolia;Rose sauvage","Ambrofix™;Séquoia;Vanille",,longue tenue,puissant,,,,,,,3.45
Ella K Parfums,Ghibli,https://www.fragrantica.fr/parfum/Ella-K-Parfums/Ghibli-77062.html,unisexe,Eau de Parfum,2021,"leather;sweet;white floral;animalic;nutty;smoky;floral;warm spicy","Nougat;Safran;Néroli","Jasmin;Orge;Aubépine","Cuir;Fève de tonka;Miel",,,,,,,,,,4.10
Ella K Parfums,Harmattan,https://www.fragrantica.fr/parfum/Ella-K-Parfums/Harmattan-77949.html,unisexe,Eau de Parfum,2021,"woody;aromatic;fresh spicy;rose;leather;herbal;warm spicy;powdery","Cèdre;Lavande;Bergamote","Géranium;Poivre rose;Ambroxan","Cuir;Vétiver;Patchouli",,longue tenue,modéré (e),,,,,,,3.41
Ella K Parfums,Khamsin,https://www.fragrantica.fr/parfum/Ella-K-Parfums/Khamsin-77950.html,unisexe,Eau de Parfum,2021,"leather;sweet;animalic;fruity;white floral;smoky;citrus;honey",,,,"Cuir;Dattes;Fleur d'oranger",longue tenue,modéré (e),,,,,,,3.56
Nayu Parfums,Esprit Libre,https://www.fragrantica.fr/parfum/Nayu-Parfums/Esprit-Libre-98363.html,unisexe,Eau de Parfum,2024,"fruity;sweet;vanilla;fresh;tropical;caramel;amber;green","Pomme;Framboise;Amande","Fruit de la passion;Vanille;Caramel","Fève de tonka;Bois de santal",,modéré (e),énorme,,,,,,,4.42
Nayu Parfums,One Life,https://www.fragrantica.fr/parfum/Nayu-Parfums/One-Life-123582.html,unisexe,Eau de Parfum,2025,"white floral;citrus;woody;amber;musky;fruity;patchouli;powdery","Bergamote;Pêche;Pamplemousse;Chèvrefeuille","Jasmin;Fleurs blanches","Bois de cachemire;Ambroxan;Patchouli;Evernyl",,médiocre,discret,,,,,,,
Eau De Soie,Nuit d'Aout,https://www.fragrantica.fr/parfum/Eau-De-Soie/Nuit-d-Aout-76825.html,unisexe,Eau de Parfum,2022,"fruity;sweet;caramel;vanilla;citrus;white floral;fresh;green","Pomme;Pamplemousse","Fleur d'oranger;Musc blanc","Framboise;Caramel;Vanille",,longue tenue,énorme,,,,,,,4.50
Eau De Soie,Peach Flake,https://www.fragrantica.fr/parfum/Eau-De-Soie/Peach-Flake-105707.html,unisexe,Eau de Parfum,2025,"fruity;sweet;almond;musky;vanilla;powdery;nutty;amber","Pêche;Fleur d'oranger","Amande;Vanille bourbon","Fève de tonka;Musc blanc;Vanille",,modéré (e),puissant,,,,,,,3.89
Eau De Soie,Summer In Outer Banks,https://www.fragrantica.fr/parfum/Eau-De-Soie/Summer-In-Outer-Banks-95289.html,unisexe,Eau de Parfum,2024,"fruity;sweet;citrus;amber;tropical;leather;fresh;warm spicy","Ananas;Bergamote;Citron","Pêche;Fleurs blanches","Benjoin;Cuir;Fève de tonka",,,,,,,,,,4.15
Castel,Delectation,https://www.fragrantica.fr/parfum/Castel/Delectation-102021.html,unisexe,Eau de Parfum,2025,"leather;powdery;amber;oud;animalic;violet;musky;rose","Caramel;Bergamote;Orange;Romarin;Anis","Violette;Rose;Ananas;Racine d'iris;Jasmin","Cuir;Oud;Ambre;Musc;Vanille;Vétiver",,,,,,,,,,4.50
Castel,Orchard,https://www.fragrantica.fr/parfum/Castel/Orchard-102023.html,unisexe,Eau de Parfum,2025,"marine;sweet;amber;citrus;aromatic;salty;vanilla;powdery","Orange;Pamplemousse;Géranium","Notes marines;Ylang-ylang;Framboise;Jasmin;Rose;Fraise;Noix de Coco;Pêche;Poire;Abricot;Amande","Ambre;Musc;Vanille",,très longue tenue,énorme,,,,,,,5.00
Casamorati 1888,1888,https://www.fragrantica.fr/parfum/Casamorati-1888/1888-21616.html,unisexe,Eau de Parfum,2013,"warm spicy;woody;amber;floral;aromatic;yellow floral;fresh spicy;leather","Œillet;Poivre;Coriandre;Safran","Ylang-ylang;Rose;Néroli","Ambre;Bois de santal;Patchouli;Bouleau",,longue tenue,puissant,,,,,,,4.18
Casamorati 1888,Bouquet Ideale,https://www.fragrantica.fr/parfum/Casamorati-1888/Bouquet-Ideale-11800.html,femme,Extrait de Parfum,2010,"woody;vanilla;warm spicy;powdery;cinnamon;fresh spicy;balsamic;sweet;f_gender","Cannelle;Noix de muscade","Gaïac;Bois de santal;Cèdre de Virginie;Papyrus","Vanille;Coumarine;Fleur de tabac;Ciste de France;Musc",,modéré (e),modéré (e),,,,,,,4.14
Casamorati 1888,Casafutura,https://www.fragrantica.fr/parfum/Casamorati-1888/Casafutura-70113.html,unisexe,Eau de Parfum,2021,"aromatic;fresh spicy;rose;woody;lavender;herbal;powdery;musky","Lavande;Romarin","Géranium;Rose;Fleur squelette (Diphylleia Grayi)","Cèdre;Musc;Bois de santal",,longue tenue,puissant,,,,,,,3.51
Casamorati 1888,Dama Bianca,https://www.fragrantica.fr/parfum/Casamorati-1888/Dama-Bianca-15555.html,femme,Eau de Parfum,2012,"powdery;vanilla;violet;floral;musky;citrus;woody;iris;f_gender","Kumquat;Citron vert","Violette;Iris d'Italie;Lilas;Jasmin d'Egypte;Muguet","Vanille;Malt;Musc blanc;Ambrette;Bois de santal;Cèdre",,longue tenue,discret,,,,,,,4.08
Casamorati 1888,Dolce Amalfi,https://www.fragrantica.fr/parfum/Casamorati-1888/Dolce-Amalfi-42988.html,unisexe,Eau de Parfum,2017,"warm spicy;amber;sweet;fruity;vanilla;powdery;balsamic;fresh","Coing;Cardamome;Pomme;Safran","Clou de girofle;Baume de Tolu;Encens","Vanille;Fève de tonka;Ambre;Cèdre;Musc",,longue tenue,modéré (e),,,,,,,4.12
Casamorati 1888,Fiero,https://www.fragrantica.fr/parfum/Casamorati-1888/Fiero-11802.html,homme,Eau de Parfum,2010,"citrus;aromatic;fresh spicy;woody;green;herbal;earthy;fresh;f_gender","Limone Costa d'Amalfi;Citronnelle;Bergamote;Orange sanguine","Menthe;Néroli;Estragon;Thym","Vétiver;Noix de muscade;Bois de santal;Patchouli;Coumarine",,,,,,,,,,4.20
Casamorati 1888,Fiore d'Ulivo,https://www.fragrantica.fr/parfum/Casamorati-1888/Fiore-d-Ulivo-6311.html,femme,Eau de Parfum,2009,"floral;citrus;aromatic;fresh spicy;musky;amber;aquatic;fresh;f_gender","Limone Costa d'Amalfi;Lotus;Basilic;Ambrette","Fleur d'olivier;Magnolia;Jasmin","Musc;Benjoin;Ambre",,modéré (e),modéré (e),,,,,,,3.97
Casamorati 1888,Gran Ballo,https://www.fragrantica.fr/parfum/Casamorati-1888/Gran-Ballo-26708.html,femme,Eau de Parfum,2013,"white floral;caramel;sweet;vanilla;amber;lactonic;powdery;animalic;f_gender","Fruits rouges;Tangerine","Gardénia;Jasmin;Miel","Caramel;Vanille;Ambre;Bois de santal",,modéré (e),modéré (e),,,,,,,3.75
Casamorati 1888,Italica,https://www.fragrantica.fr/parfum/Casamorati-1888/Italica-41149.html,unisexe,Eau de Parfum,2016,"sweet;almond;vanilla;lactonic;woody;warm spicy;powdery;nutty","Amande;Lait;Safran","Vanille;Toffee","Bois de santal;Musc;Cèdre",,très longue tenue,énorme,,,,,,,4.03
Casamorati 1888,Italica (2021),https://www.fragrantica.fr/parfum/Casamorati-1888/Italica-2021-65383.html,unisexe,Extrait de Parfum,2021,"sweet;almond;lactonic;vanilla;nutty;fruity;powdery;warm spicy","Amande;Lait;Safran","Toffee;Vanille bourbon","Bois de santal;Musc blanc",,,,,,,,,,3.81
Casamorati 1888,La Tosca,https://www.fragrantica.fr/parfum/Casamorati-1888/La-Tosca-32191.html,femme,Eau de Parfum,2015,"ozonic;citrus;woody;musky;aquatic;camphor;powdery;patchouli;f_gender","Citron d'Italie;Mandarine verte","Feuille de violette;Eucalyptus;Rose de Bulgarie","Musc;Patchouli;Ambre;Vanille de Madagascar",,,,,,,,,,3.64
Casamorati 1888,Levar del Sole,https://www.fragrantica.fr/parfum/Casamorati-1888/Levar-del-Sole-93107.html,unisexe,Eau de Parfum,2024,"warm spicy;citrus;amber;aromatic;sweet;vanilla;caramel;musky","Orange;Pomme;Bergamote;Citron;Rose;Notes vertes","Cardamome;Violette;Jasmin;Lys","Benjoin;Caramel;Musc;Mousse de chêne;Fève de tonka;Patchouli",,longue tenue,modéré (e),,,,,,,3.74
Casamorati 1888,Lira,https://www.fragrantica.fr/parfum/Casamorati-1888/Lira-11801.html,femme,Eau de Parfum,2011,"vanilla;caramel;sweet;cinnamon;powdery;warm spicy;balsamic;musky;f_gender","Orange sanguine;Bergamote;Lavande","Cannelle;Jasmin;Rose","Vanille;Caramel;Musc",,,,,,,,,,4.28
Casamorati 1888,Mefisto,https://www.fragrantica.fr/parfum/Casamorati-1888/Mefisto-6310.html,homme,Eau de Parfum,2009,"citrus;powdery;aromatic;fresh spicy;woody;lavender;rose;iris;f_gender","Pamplemousse;Bergamote;Limone Costa d'Amalfi","Lavande;Rose;Iris","Musc;Bois de santal;Cèdre de Virginie;Ambre",,modéré (e),puissant,,,,,,,4.23
Casamorati 1888,Mefisto Gentiluomo,https://www.fragrantica.fr/parfum/Casamorati-1888/Mefisto-Gentiluomo-52432.html,homme,Eau de Parfum,2018,"citrus;powdery;violet;lavender;aromatic;fresh spicy;woody;musky;f_gender","Lavande;Pamplemousse;Bergamote;Citron","Violette;Iris;Rose","Musc;Cèdre;Ambre",,,,,,,,,,4.36
Casamorati 1888,Quattro Pizzi,https://www.fragrantica.fr/parfum/Casamorati-1888/Quattro-Pizzi-91640.html,unisexe,Eau de Parfum,2024,"tuberose;green;sweet;coconut;white floral;aromatic;vanilla;tobacco","Davana;Rhum;Poivre rose;Coriandre","Tubéreuse;Noix de Coco","Fève de tonka;Foin;Feuille de tabac",,longue tenue,modéré (e),,,,,,,4.04
Casamorati 1888,Regio,https://www.fragrantica.fr/parfum/Casamorati-1888/Regio-14079.html,unisexe,Eau de Parfum,2011,"aromatic;fresh spicy;warm spicy;citrus;floral;lavender;musky;sweet","Lavande;Pamplemousse;Bergamote;Fleur de citronnier","Géranium;Œillet;Cardamome;Prune;Ylang-ylang;Rose","Vanille;Patchouli;Ambrette;Musc",,longue tenue,puissant,,,,,,,3.82
Casamorati 1888,Tempio d'Acqua,https://www.fragrantica.fr/parfum/Casamorati-1888/Tempio-d-Acqua-128356.html,unisexe,Eau de Parfum,2026,"amber;citrus;fruity;sweet;vanilla;soft spicy;floral;powdery","Pêche;Mandarine;Bergamote","Fenouil;Mahonial;Ciste","Vanille;Ambroxan;Myrrhe",,longue tenue,modéré (e),,,,,,,3.89
Casamorati 1888,Casamorati Harrods Edition,https://www.fragrantica.fr/parfum/Casamorati-1888/Casamorati-Harrods-Edition-102771.html,unisexe,Eau de Parfum,2025,"aromatic;fresh spicy;amber;white floral;woody;citrus;green;balsamic","Basilic;Petit-grain;Romarin","Fleur d'oranger;Feuilles de cèdre;Cyprès","Encens;Benjoin;Myrrhe;Huile essentielle de cypriol",,modéré (e),modéré (e),,,,,,,4.20
Casamorati 1888,Corallo,https://www.fragrantica.fr/parfum/Casamorati-1888/Corallo-51462.html,unisexe,Eau de Parfum,2018,"iris;powdery;green;lavender;citrus;white floral;violet;fresh spicy","Lavande;Notes vertes;Bergamote de Calabre","Iris de Toscane;Néroli;Jasmin d'Egypte","Vanille;Ambre;Notes boisées",,,,,,,,,,3.77
Callisto,African Gold,https://www.fragrantica.fr/parfum/Callisto/African-Gold-121406.html,unisexe,Eau de Parfum,,"sweet;caramel;honey;fruity;floral;balsamic;vanilla;aromatic","Caramel;Ananas;Safran","Miel;Coumarine","Fève de tonka;Vanille;Ambre",,longue tenue,puissant,,,,,,,4.75
Callisto,Coeur de Patchouli,https://www.fragrantica.fr/parfum/Callisto/Coeur-de-Patchouli-78386.html,unisexe,Eau de Parfum,2022,"warm spicy;woody;aromatic;fresh spicy;green;cinnamon;earthy;amber","Menthe;Cardamome;Poivre;Cannelle","Résine oliban;Patchouli;Vétiver;Rose","Bois sec;Hélianthème;Cuir",,modéré (e),modéré (e),,,,,,,5.00
Callisto,Iris Gourmand,https://www.fragrantica.fr/parfum/Callisto/Iris-Gourmand-78390.html,unisexe,Eau de Parfum,2022,"citrus;woody;musky;fresh spicy;powdery;amber;white floral;fresh","Pamplemousse;Bergamote","Gingembre;Ambroxan;Jasmin;Bois de santal","Musc;Bois sec",,très longue tenue,modéré (e),,,,,,,4.56
Callisto,Mirage,https://www.fragrantica.fr/parfum/Callisto/Mirage-121408.html,unisexe,Eau de Parfum,2025,"fresh spicy;warm spicy;woody;patchouli;aromatic;earthy;green;amber","Safran;Basilic","Poivre noir;Vétiver;Feuille de violette","Patchouli;Ambroxan;Notes minérales",,longue tenue,modéré (e),,,,,,,
Callisto,Oud Sable,https://www.fragrantica.fr/parfum/Callisto/Oud-Sable-121407.html,unisexe,Eau de Parfum,2025,"amber;leather;rose;animalic;warm spicy;vanilla;smoky;balsamic","Rose de Turquie;Notes fruitées;Safran","Benjoin;Patchouli;Oud","Cuir;Bois d'Akigala;Vanille;Ambre",,très longue tenue,énorme,,,,,,,4.62
Callisto,Ambre Tobacco,https://www.fragrantica.fr/parfum/Callisto/Ambre-Tobacco-78395.html,unisexe,Eau de Parfum,2022,"fruity;amber;sweet;warm spicy;honey;powdery;animalic;musky","Prune;Pêche;Agrumes","Tabac;Fumée","Ambre;Notes orientales;Miel",,très longue tenue,énorme,,,,,,,5.00
Callisto,Holliday,https://www.fragrantica.fr/parfum/Callisto/Holliday-78392.html,unisexe,Eau de Parfum,2022,"citrus;woody;warm spicy;aromatic;vanilla;earthy;metallic;patchouli","Bergamote;Citron","Cardamome;Élémi;Patchouli;Cumin;Coumarine","Bois sec;Vanille;Safran;Ciste;Vétiver",,longue tenue,puissant,,,,,,,5.00
Callisto,Red Joker,https://www.fragrantica.fr/parfum/Callisto/Red-Joker-78396.html,unisexe,Eau de Parfum,2022,"warm spicy;woody;amber;caramel;metallic;white floral;leather;tobacco","Safran;Jasmin","Amberwood;Bois blonds;Caramel","Sapin baumier;Cèdre;Ambroxan",,très longue tenue,puissant,,,,,,,5.00
Bohoboco,Coffee White Flowers,https://www.fragrantica.fr/parfum/Bohoboco/Coffee-White-Flowers-45679.html,unisexe,Eau de Parfum,2016,"warm spicy;coffee;white floral;cacao;vanilla;sweet;rum;chocolate","Chocolat;Cannelle;Clou de girofle","Café;Fleurs blanches;Cacao","Rhum;Vanille;Cuir",,longue tenue,modéré (e),,,,,,,3.65
Bohoboco,Dark Vinyl Musk,https://www.fragrantica.fr/parfum/Bohoboco/Dark-Vinyl-Musk-69439.html,unisexe,Eau de Parfum,2021,"amber;woody;balsamic;musky;leather;animalic;powdery;warm spicy","Ciste;Bois de santal;Rose","Styrax;Résines;Résine oliban","Ciste;Cuir;Ambre;Musc",,,,,,,,,,3.84
Bohoboco,Eternal Lily Amber,https://www.fragrantica.fr/parfum/Bohoboco/Eternal-Lily-Amber-77856.html,unisexe,Eau de Parfum,2022,"white floral;rose;fruity;amber;fresh;soft spicy;green;animalic","Pomme Granny Smith;Mandarine de Sicile","Lys;Rose de Turquie;Jasmin","Ambre;Patchouli;Vanille de Madagascar",,longue tenue,modéré (e),,,,,,,3.53
Bohoboco,Eucalyptus Patchouli,https://www.fragrantica.fr/parfum/Bohoboco/Eucalyptus-Patchouli-45678.html,unisexe,Extrait de Parfum,2016,"woody;camphor;warm spicy;earthy;patchouli;mossy;aromatic;amber","Eucalyptus;Poivre rose;Cardamome","Encens;Notes boisées","Patchouli;Mousse;Cèdre",,modéré (e),modéré (e),,,,,,,3.55
Bohoboco,Geranium Balsamic Note,https://www.fragrantica.fr/parfum/Bohoboco/Geranium-Balsamic-Note-45674.html,unisexe,Eau de Parfum,2016,"fresh spicy;aromatic;woody;rose;amber;herbal;camphor;earthy","Feuille de laurier;Baies de genévrier","Géranium;Cèdre;Figuier","Cèdre;Résines;Baume d'Egypte (dattier du désert);Vétiver",,modéré (e),modéré (e),,,,,,,3.71
Bohoboco,Jasmine White Leather,https://www.fragrantica.fr/parfum/Bohoboco/Jasmine-White-Leather-77857.html,unisexe,Eau de Parfum,2022,"white floral;amber;warm spicy;animalic;musky;powdery;lavender;woody","Clou de girofle;Citron;Bergamote","Fleurs blanches;Jasmin;Lavande;Violette;Rose","Cuir Blanc;Ambre gris;Musc;Fève de tonka;Cèdre;Patchouli;Vanille",,,,,,,,,,3.59
Bohoboco,Magic Mushrooms,https://www.fragrantica.fr/parfum/Bohoboco/Magic-Mushrooms-90247.html,unisexe,Eau de Parfum,2024,"aromatic;green;woody;earthy;cannabis;herbal;warm spicy;mossy",,,,,,,,,,,,,3.49
Bohoboco,Mango Yuzu Gasoline,https://www.fragrantica.fr/parfum/Bohoboco/Mango-Yuzu-Gasoline-126353.html,unisexe,Eau de Parfum,2026,"fruity;tropical;sweet;citrus;leather;green;woody;terpenic","Mangue;Yuzu;Mandarine;Ananas;Cassis","Mangue;Thé au jasmin;Muguet;Iris","Essence;Daim;Cuir;Encens;Ambre;Cèdre;Mousse;Vétiver",,,,,,,,,,4.09
Bohoboco,Olibanum Gardenia,https://www.fragrantica.fr/parfum/Bohoboco/Olibanum-Gardenia-45680.html,unisexe,Eau de Parfum,2016,"amber;woody;balsamic;citrus;smoky;white floral;coconut;warm spicy","Citron vert;Noix de Coco;Néroli","Encens;Gardénia;Ciste","Résine;Bois de santal;Cèdre",,,,,,,,,,3.78
Bohoboco,Oriental Saffron,https://www.fragrantica.fr/parfum/Bohoboco/Oriental-Saffron-98105.html,unisexe,Eau de Parfum,2024,"warm spicy;fresh spicy;woody;soft spicy;anis;aromatic;sweet;metallic","Safran;Cumin;Anis;Curcuma;Gingembre;Clou de girofle;Coriandre;Cardamome","Bois de Tamboti;Oud;Ciste;Ylang-ylang","Miel;Vanille;Patchouli;Musc",,longue tenue,puissant,,,,,,,4.10
Bohoboco,Plum Spray Paint,https://www.fragrantica.fr/parfum/Bohoboco/Plum-Spray-Paint-126356.html,unisexe,Eau de Parfum,2026,"fruity;sweet;smoky;woody;mineral;warm spicy;whiskey;leather","Peinture en spray;Prune;Poivre rose;Cannelle","Fruits rouges;Safran;Rhum;Magnolia;Jasmin","Fumée;Whisky;Ciste;Cuir;Patchouli",,,,,,,,,,3.74
Bohoboco,Polish Potatoes,https://www.fragrantica.fr/parfum/Bohoboco/Polish-Potatoes-98104.html,unisexe,Eau de Parfum,2024,"earthy;patchouli;warm spicy;amber;woody;vanilla;sweet;balsamic","Betterave;Cuir;Pin;Blé;Herbe","Pomme de terre;Clou de girofle;Rose;Héliotrope","Notes terreuses;Patchouli;Teinture de terre;Ambre;Vanille;Oud;Benjoin;Foin;Miel;Ciste;Bouleau",,,,,,,,,,3.78
Bohoboco,Red Wine Brown Sugar,https://www.fragrantica.fr/parfum/Bohoboco/Red-Wine-Brown-Sugar-45681.html,unisexe,Eau de Parfum,2016,"fruity;sweet;wine;woody;alcohol;leather;caramel;patchouli","Fruits rouges;Fruits secs;Framboise","Vin rouge;Cèdre;Patchouli","Liqueur;Cassonade;Cuir;Caramel",,,,,,,,,,3.65
Bohoboco,Sandalwood Neroli,https://www.fragrantica.fr/parfum/Bohoboco/Sandalwood-Neroli-45677.html,unisexe,Eau de Parfum,2016,"woody;powdery;citrus;white floral;smoky;warm spicy;aromatic;musky","Bois de santal;Néroli;Bergamote","Bois de santal;Fumée;Jasmin","Bois de santal;Cèdre;Musc",,,,,,,,,,3.84
Bohoboco,Sea Salt Caramel,https://www.fragrantica.fr/parfum/Bohoboco/Sea-Salt-Caramel-45676.html,unisexe,Eau de Parfum,2016,"sweet;caramel;marine;salty;white floral;aromatic;citrus;fresh spicy","Sel de mer;Citron;Poivre rose","Jasmin;Feuille de laurier;Herbier marin","Sel;Caramel;Cassonade;Cèdre",,,,,,,,,,3.73
Bohoboco,Vanilla Black Pepper,https://www.fragrantica.fr/parfum/Bohoboco/Vanilla-Black-Pepper-45675.html,unisexe,Eau de Parfum,2016,"vanilla;fresh spicy;powdery;amber;woody;warm spicy;balsamic;musky","Fleur d'oranger;Épilobe en épi","Résines;Héliotrope;Rose","Poivre noir;Vanille;Cèdre;Musc blanc",,modéré (e),modéré (e),,,,,,,3.93
Bohoboco,Wet Cherry Liquor,https://www.fragrantica.fr/parfum/Bohoboco/Wet-Cherry-Liquor-74151.html,unisexe,Eau de Parfum,2022,"sweet;cherry;vanilla;fruity;alcohol;caramel;woody;aromatic","Cerise;Liqueur","Cerise;Fraise;Caramel;Rose de Turquie","Fève de tonka;Vanille;Bois de santal;Vétiver",,modéré (e),modéré (e),,,,,,,4.08
Bohoboco,Wild Carrot Oud,https://www.fragrantica.fr/parfum/Bohoboco/Wild-Carrot-Oud-74152.html,unisexe,Eau de Parfum,2022,"earthy;woody;oud;powdery;soft spicy;leather;tobacco;fruity","Carotte;Cannelle;Bergamote","Oud;Bois sec;Tabac;Cèdre","Notes terreuses;Cuir;Styrax",,,,,,,,,,2.84
Bohoboco,Yellow Rose Incense,https://www.fragrantica.fr/parfum/Bohoboco/Yellow-Rose-Incense-69440.html,unisexe,Eau de Parfum,2021,"amber;warm spicy;rose;patchouli;oud;balsamic;smoky;woody","Rose;Clou de girofle;Cannelle","Encens;Oud;Ambre","Patchouli;Musc blanc;Benjoin",,,,,,,,,,3.79
Arte Profumi,A'Mare,https://www.fragrantica.fr/parfum/Arte-Profumi/A-Mare-20780.html,unisexe,Eau de Parfum,2013,"fresh spicy;warm spicy;fresh;musky;aromatic;vanilla;amber;sweet",,,,"Gingembre;Cardamome;Fève de tonka;Musc",,,,,,,,,3.87
Arte Profumi,Attar Davana,https://www.fragrantica.fr/parfum/Arte-Profumi/Attar-Davana-51581.html,unisexe,Eau de Parfum,2018,"white floral;green;leather;tuberose;smoky;aromatic;animalic;fruity",,,,"Davana;Castoréum;Tubéreuse;Jasmin",,,,,,,,,3.97
Arte Profumi,Bohemien,https://www.fragrantica.fr/parfum/Arte-Profumi/Bohemien-20774.html,unisexe,Eau de Parfum,2013,"aromatic;green;herbal;fresh spicy;woody;bitter;earthy;powdery",,,,"Menthe;Armoise;Vétiver;Cèdre;Absinthe",modéré (e),modéré (e),,,,,,,4.02
Arte Profumi,Bois Sacre,https://www.fragrantica.fr/parfum/Arte-Profumi/Bois-Sacre-32961.html,unisexe,Eau de Parfum,2015,"woody;oud;amber;powdery;warm spicy;balsamic;musky;fresh spicy",,,,"Bois de santal;Oud;Ciste",,,,,,,,,3.97
Arte Profumi,Corylus,https://www.fragrantica.fr/parfum/Arte-Profumi/Corylus-90948.html,unisexe,Eau de Parfum,2024,"nutty;iris;sweet;powdery;woody;musky;savory;violet","Blé;Poire;Anis;Clou de girofle","Noisette;Riz;Iris","Musc blanc;Ambre",,modéré (e),modéré (e),,,,,,,4.06
Arte Profumi,Ecclesiae,https://www.fragrantica.fr/parfum/Arte-Profumi/Ecclesiae-20783.html,unisexe,Eau de Parfum,2013,"balsamic;woody;amber;aromatic;warm spicy;smoky;patchouli;earthy",,,,"Encens;Élémi;Patchouli;Bois de santal;Vétiver",,,,,,,,,4.22
Arte Profumi,Fumoir,https://www.fragrantica.fr/parfum/Arte-Profumi/Fumoir-20781.html,unisexe,Eau de Parfum,2013,"leather;smoky;fresh spicy;tobacco;animalic;woody;sweet;amber",,,,,,,,,,,,,3.96
Arte Profumi,Harem Soiree,https://www.fragrantica.fr/parfum/Arte-Profumi/Harem-Soiree-20776.html,femme,Eau de Parfum,2013,"amber;rose;balsamic;animalic;warm spicy;sweet;aromatic;floral;f_gender",,,,"Myrrhe;Ambre gris;Rose",longue tenue,puissant,,,,,,,4.07
Arte Profumi,Jardin de Giverny,https://www.fragrantica.fr/parfum/Arte-Profumi/Jardin-de-Giverny-32960.html,unisexe,Eau de Parfum,2015,"iris;rose;powdery;earthy;floral;savory;woody;lactonic",,,,"Racine d'iris;Rose;Riz",,,,,,,,,4.02
Arte Profumi,Jubilè Rose,https://www.fragrantica.fr/parfum/Arte-Profumi/Jubile-Rose-103026.html,unisexe,Eau de Parfum,2025,"rose;animalic;amber;oud;floral;powdery;balsamic;woody",,,,"Rose de Taïf;Rose de Bulgarie;Rose;Rose de Turquie;Ambre gris;Oud de Thaïlande;Gaïac",,,,,,,,,3.85
Arte Profumi,L'Etoile,https://www.fragrantica.fr/parfum/Arte-Profumi/L-Etoile-77559.html,unisexe,Eau de Parfum,2022,"vanilla;amber;rose;aromatic;sweet;animalic;balsamic;soft spicy",,,,"Vanille;Rose;Ambre gris;Coriandre;Fève de tonka;Cannelle;Amande;Jasmin",,,,,,,,,4.02
Arte Profumi,Mitti,https://www.fragrantica.fr/parfum/Arte-Profumi/Mitti-20784.html,unisexe,Eau de Parfum,2013,"patchouli;woody;amber;warm spicy;musky;balsamic;earthy;powdery",,,,"Patchouli;Ciste;Musc blanc",modéré (e),modéré (e),,,,,,,3.81
Arte Profumi,Myrrhe Extreme,https://www.fragrantica.fr/parfum/Arte-Profumi/Myrrhe-Extreme-80399.html,unisexe,Eau de Parfum,2023,"amber;warm spicy;balsamic;leather;sweet;powdery;animalic;aromatic",,,,,,,,,,,,,3.62
Arte Profumi,O-Furo,https://www.fragrantica.fr/parfum/Arte-Profumi/O-Furo-20785.html,unisexe,Eau de Parfum,2013,"citrus;green;white floral;aromatic;fresh spicy;sweet;fruity;floral",,,,"Yuzu;Petit-grain;Bergamote;Jasmin;Rhubarbe;Ananas",modéré (e),modéré (e),,,,,,,3.76
Arte Profumi,Parfum d'Aube,https://www.fragrantica.fr/parfum/Arte-Profumi/Parfum-d-Aube-70251.html,unisexe,Eau de Parfum,2021,"white floral;animalic;leather;amber;sweet;fruity;smoky;balsamic",,,,"Karo Karounde;Cuir;Fleur de tiaré;Ambre gris",,,,,,,,,3.85
Arte Profumi,Ricordi d'Estate '83,https://www.fragrantica.fr/parfum/Arte-Profumi/Ricordi-d-Estate-83-135186.html,unisexe,Eau de Parfum,2026,"coconut;vanilla;tropical;sweet;white floral;lactonic;yellow floral;citrus",,,,"Noix de Coco;Huile de monoï;Vanille;Bergamote;Ylang-ylang;Notes solaires",,,,,,,,,4.00
Arte Profumi,Royal Blue,https://www.fragrantica.fr/parfum/Arte-Profumi/Royal-Blue-79193.html,unisexe,Eau de Parfum,2022,"smoky;woody",,,,"Fumée;Nard;Notes boisées",,,,,,,,,3.61
Arte Profumi,Samharam,https://www.fragrantica.fr/parfum/Arte-Profumi/Samharam-44086.html,unisexe,Eau de Parfum,2017,"amber;warm spicy;balsamic;smoky;sweet;vanilla;aromatic;woody",,,,"Encens;Myrrhe;Benjoin",,,,,,,,,4.23
Arte Profumi,Secret,https://www.fragrantica.fr/parfum/Arte-Profumi/Secret-20778.html,femme,Eau de Parfum,2013,"floral;powdery;fruity;musky;white floral;fresh;violet;citrus;f_gender",,,,"Magnolia;Pomme;Musc;Jasmin;Héliotrope;Violette",,,,,,,,,3.71
Arte Profumi,Sine Tempore,https://www.fragrantica.fr/parfum/Arte-Profumi/Sine-Tempore-51582.html,unisexe,Eau de Parfum,2018,"earthy;aromatic;woody;citrus;mossy;warm spicy;green;conifer",,,,"Huile de vétiver de Java;Vétiver de Haïti;Citron vert;Mousse de chêne;Cardamome",,,,,,,,,4.09
Arte Profumi,Sucre Noir,https://www.fragrantica.fr/parfum/Arte-Profumi/Sucre-Noir-20786.html,femme,Extrait de Parfum,2013,"vanilla;sweet;powdery;floral;balsamic;soft spicy;lactonic;f_gender",,,,"Gousse de vanille;Canne à sucre;Orchidée",,,,,,,,,4.18
Arte Profumi,Tribal,https://www.fragrantica.fr/parfum/Arte-Profumi/Tribal-32959.html,unisexe,Eau de Parfum,2015,"patchouli;earthy;woody;mossy;warm spicy;vanilla;balsamic;amber",,,,"Patchouli;Mousse de chêne;Fève de tonka",,,,,,,,,3.93
Arte Profumi,Velvet Rouge,https://www.fragrantica.fr/parfum/Arte-Profumi/Velvet-Rouge-20788.html,femme,Eau de Parfum,2013,"warm spicy;coffee;cacao;fresh spicy;aromatic;woody;earthy;fresh;f_gender",,,,"Café;Cosse de cacao;Piment;Noix de muscade;Vétiver;Mandarine",,,,,,,,,3.88
Arte Profumi,Artissima,https://www.fragrantica.fr/parfum/Arte-Profumi/Artissima-38008.html,unisexe,Eau de Parfum,2016,"citrus;white floral;fresh spicy;tuberose;floral;green;fresh;amber","Néroli;Jasmin;Bergamote;Tubéreuse;Ambre;Orange;Mandarine;Musc","Néroli;Jasmin;Tubéreuse;Notes solaires","Jasmin;Ambre;Musc",,,,,,,,,,3.91
Arte Profumi,Bisquit,https://www.fragrantica.fr/parfum/Arte-Profumi/Bisquit-70359.html,unisexe,Eau de Parfum,2021,"warm spicy;cacao;chocolate;sweet;vanilla;coffee;powdery;citrus",,,,"Chocolat;Cacao;Vanille;Café;Bigarade",modéré (e),modéré (e),,,,,,,4.02
Arte Profumi,Carpe Diem,https://www.fragrantica.fr/parfum/Arte-Profumi/Carpe-Diem-38005.html,unisexe,Eau de Parfum,2016,"fruity;sweet;vanilla;green;fresh spicy;fresh;floral;aquatic","Poire;Pêche;Vanille;Jacinthe;Muguet;Noix de muscade;Mousse;Rose","Poire;Pêche;Noix de muscade;Muguet","Poire;Jacinthe;Mousse",,modéré (e),modéré (e),,,,,,,3.76
Arte Profumi,FigoMoro,https://www.fragrantica.fr/parfum/Arte-Profumi/FigoMoro-44085.html,unisexe,Eau de Parfum,2017,"fruity;sweet;woody;musky;vanilla;powdery;amber;bitter",,,,"Figue;Figue noire;Musc;Fève de tonka",,,,,,,,,3.78
Arte Profumi,Giallo Riviera,https://www.fragrantica.fr/parfum/Arte-Profumi/Giallo-Riviera-38006.html,unisexe,Eau de Parfum,2016,"citrus;aromatic;woody;fresh spicy;fresh;earthy;powdery;green","Citron;Bergamote de Calabre;Cèdre;Vétiver;Patchouli","Bergamote de Calabre;Cèdre;Vétiver","Cèdre;Vétiver;Patchouli",,,,,,,,,,3.86
Arte Profumi,Habanera,https://www.fragrantica.fr/parfum/Arte-Profumi/Habanera-51583.html,unisexe,Eau de Parfum,2018,"white floral;leather;amber;animalic;balsamic;sweet;smoky;woody",,,,"Tabac sylvestre;Cuir;Opoponax",longue tenue,puissant,,,,,,,4.09
Arte Profumi,Racconti di Viaggio,https://www.fragrantica.fr/parfum/Arte-Profumi/Racconti-di-Viaggio-38007.html,unisexe,Eau de Parfum,2016,"warm spicy;anis;fresh spicy;cinnamon;aromatic;soft spicy;citrus;balsamic","Clou de girofle;Anis;Poivre noir;Cannelle;Citron;Patchouli;Vanille","Clou de girofle;Poivre noir;Cannelle;Élémi","Poivre noir;Patchouli",,longue tenue,modéré (e),,,,,,,3.95
Arte Profumi,Bois d'Agar,https://www.fragrantica.fr/parfum/Arte-Profumi/Bois-d-Agar-70248.html,unisexe,Eau de Parfum,2021,"oud;woody;leather;smoky;amber;earthy;musky;warm spicy",,,,"Oud;Castoréum;Huile essentielle de cypriol;Benjoin",très longue tenue,puissant,,,,,,,3.96
Arte Profumi,Golden Skin,https://www.fragrantica.fr/parfum/Arte-Profumi/Golden-Skin-70249.html,unisexe,Eau de Parfum,2021,"woody;aromatic;earthy;leather;patchouli;powdery;animalic;musky",,,,"Notes boisées;Cèdre de Virginie;Vétiver;Gaïac;Cuir;Patchouli;Musc;Glaçage;Framboise;Bois de santal",très longue tenue,puissant,,,,,,,4.50
Arte Profumi,Hỳbris,https://www.fragrantica.fr/parfum/Arte-Profumi/Hybris-106513.html,unisexe,Eau de Parfum,2024,"amber;animalic;oud;balsamic;fresh spicy;salty;marine",,,,"Ambre gris;Safran;Oud",très longue tenue,énorme,,,,,,,5.00
Arte Profumi,Pomelo,https://www.fragrantica.fr/parfum/Arte-Profumi/Pomelo-20775.html,femme,Eau de Parfum,2013,"citrus;white floral;sweet;fresh spicy;animalic;soapy;aromatic;aldehydic;f_gender",,,,"Fleur d'oranger;Pamplemousse;Fleurs blanches;Orange verte;Notes vertes",médiocre,énorme,,,,,,,4.80
Arte Profumi,Gothic Rose,https://www.fragrantica.fr/parfum/Arte-Profumi/Gothic-Rose-70250.html,unisexe,Extrait de Parfum,2021,"woody;rose;amber;animalic;balsamic;oud;aromatic;powdery",,,,"Oud de Thaïlande;Ambre gris;Amyris;Gaïac;Cèdre de Virginie;Opoponax;Rose de Bulgarie;Rose de Taïf;Rose de Turquie",modéré (e),modéré (e),,,,,,,3.89
Bvlgari,Black,https://www.fragrantica.fr/parfum/Bvlgari/Black-154.html,unisexe,Eau de Parfum,1998,"leather;vanilla;powdery;animalic;woody;amber;musky;smoky","Thé vert;Bergamote;Rose","Bois de santal;Cèdre;Jasmin","Cuir;Vanille;Ambre;Musc;Mousse de chêne",,,,,,,,,,4.12
Bvlgari,BLV,https://www.fragrantica.fr/parfum/Bvlgari/BLV-156.html,femme,Eau de Parfum,2000,"fresh spicy;floral;fresh;powdery;musky;citrus;woody;white floral;f_gender","Gingembre;Bergamote","Glycine;Lin","Musc;Bois de santal;Robinier faux-acacia;Vanille",,,,,,,,,,4.04
Bvlgari,BLV Absolute,https://www.fragrantica.fr/parfum/Bvlgari/BLV-Absolute-3014.html,femme,Eau de Parfum,2002,"floral;fresh spicy;powdery;fresh;vanilla;citrus;musky;woody;f_gender","Gingembre;Bergamote","Gingembre;Glycine;Lin;Mimosa","Vanille;Musc;Bois de santal",,,,,,,,,,3.93
Bvlgari,BLV Eau d'Ete,https://www.fragrantica.fr/parfum/Bvlgari/BLV-Eau-d-Ete-7220.html,femme,Eau de Parfum,2010,"aromatic;green;amber;fresh spicy;citrus;iris;woody;warm spicy;f_gender","Menthe;Limone Costa d'Amalfi","Iris;Cannelle;Ambre","Résine;Sapin;Benjoin",,,,,,,,,,3.86
Bvlgari,BLV Eau de Parfum II,https://www.fragrantica.fr/parfum/Bvlgari/BLV-Eau-de-Parfum-II-6481.html,femme,Eau de Parfum,2009,"powdery;soft spicy;violet;anis;amber;floral;woody;iris;f_gender","Violette;Badiane de Chine;Réglisse;Mandarine","Iris;Patchouli;Vétiver","Fleur de coton;Musc;Benjoin;Fève de tonka;Ambre;Ciste de France",,,,,,,,,,3.82
Bvlgari,BLV Notte Pour Femme,https://www.fragrantica.fr/parfum/Bvlgari/BLV-Notte-Pour-Femme-149.html,femme,Eau de Parfum,2004,"amber;powdery;vodka;fresh spicy;warm spicy;iris;chocolate;sweet;f_gender","Gingembre;Galanga;Anis;Bergamote;Mandarine","Vodka;Iris;Robinier faux-acacia","Chocolat noir;Encens;Musc;Bois de santal;Ambre;Ciste",,,,,,,,,,4.17
Bvlgari,BLV Notte Pour Homme,https://www.fragrantica.fr/parfum/Bvlgari/BLV-Notte-Pour-Homme-150.html,homme,Eau de Parfum,2004,"aromatic;woody;fresh spicy;warm spicy;lavender;chocolate;green;sweet;f_gender",,,,"Lavande;Chocolat noir;Anis;Cardamome;Cèdre;Galanga;Fleur de tabac;Chêne;Menthe;Néroli;Grenade;Bergamote",,,,,,,,,4.02
Bvlgari,BLV Pour Homme,https://www.fragrantica.fr/parfum/Bvlgari/BLV-Pour-Homme-148.html,homme,Eau de Parfum,2001,"fresh spicy;aromatic;woody;warm spicy;fresh;green;white floral;balsamic;f_gender","Cardamome;Bois de santal","Gingembre;Genévrier;Galanga","Fleur de tabac;Feuilles vertes;Bois de teck",,,,,,,,,,4.05
Bvlgari,Bvlgari Extreme,https://www.fragrantica.fr/parfum/Bvlgari/Bvlgari-Extreme-157.html,homme,Eau de Parfum,1999,"citrus;fresh spicy;woody;aromatic;green;fresh;powdery;balsamic;f_gender","Thé;Pamplemousse;Bergamote;Petit-grain;Néroli;Lavande;Coriandre;Férule gommeuse","Sapin baumier;Gaïac;Palissandre du Brésil;Poivre;Noix de muscade;Cardamome","Cèdre;Musc;Iris;Bois de santal;Mousse de chêne",,,,,,,,,,4.40
Bvlgari,Bvlgari Pour Femme,https://www.fragrantica.fr/parfum/Bvlgari/Bvlgari-Pour-Femme-142.html,femme,Eau de Parfum,1994,"powdery;violet;floral;iris;woody;white floral;rose;vanilla;f_gender","Violette;Œillet;Framboise;Pêche;Coriandre;Fleur d'oranger;Poivre du Sichuan;Bergamote","Iris;Rose de Bulgarie;Héliotrope;Racine d'iris;Jasmin d'Egypte;Muguet","Musc;Thé vert;Notes boisées;Bois de santal;Vanille;Ambre;Benjoin;Styrax;Cèdre",,modéré (e),modéré (e),,,,,,,4.06
Bvlgari,Bvlgari Pour Homme,https://www.fragrantica.fr/parfum/Bvlgari/Bvlgari-Pour-Homme-143.html,homme,Eau de Parfum,1996,"woody;fresh spicy;aromatic;citrus;green;musky;powdery;fresh;f_gender","Thé;Aldéhydes;Bergamote;Lavande;Fleur d'oranger;Mandarine;Fleur de muscadier","Poivre;Gaïac;Iris;Palissandre du Brésil;Coriandre;Cyclamen;Cardamome;Géranium;Œillet","Musc;Vétiver;Cèdre;Mousse de chêne;Ambre;Fève de tonka",,,,,,,,,,4.15
Bvlgari,Bvlgari Pour Homme Soir,https://www.fragrantica.fr/parfum/Bvlgari/Bvlgari-Pour-Homme-Soir-770.html,homme,Eau de Parfum,2006,"green;woody;citrus;amber;fresh spicy;fresh;leather;ozonic;f_gender",,,,"Thé Darjeeling;Papyrus;Bergamote;Ambre",modéré (e),modéré (e),,,,,,,4.21
Bvlgari,Bvlgari Rose Essentielle Eau De Toilette Rosee,https://www.fragrantica.fr/parfum/Bvlgari/Bvlgari-Rose-Essentielle-Eau-De-Toilette-Rosee-1543.html,femme,Eau de Parfum,2007,"rose;citrus;musky;floral;white floral;powdery;patchouli;fresh spicy;f_gender","Bergamote;Orange","Rose;Jasmin","Musc;Patchouli",,,,,,,,,,4.05
Bvlgari,Eau Fraiche,https://www.fragrantica.fr/parfum/Bvlgari/Eau-Fraiche-3015.html,femme,Eau de Parfum,1997,"floral;powdery;citrus;white floral;sweet;yellow floral;fresh spicy;musky;f_gender","Mimosa;Bergamote;Fleur d'oranger;Coriandre;Palissandre du Brésil;Poivre","Rose;Sureau noir;Magnolia;Jasmin","Musc;Thé vert;Iris",,modéré (e),modéré (e),,,,,,,4.09
Bvlgari,Jasmin Noir,https://www.fragrantica.fr/parfum/Bvlgari/Jasmin-Noir-3750.html,femme,Eau de Parfum,2008,"white floral;almond;sweet;amber;woody;soft spicy;nutty;vanilla;f_gender",,,,,,,,,,,,,3.99
Bvlgari,Jasmin Noir Eau de Toilette,https://www.fragrantica.fr/parfum/Bvlgari/Jasmin-Noir-Eau-de-Toilette-6105.html,femme,Eau de Parfum,2009,"white floral;floral;almond;musky;sweet;nutty;woody;fruity;f_gender","Gardénia;Lotus;Notes vertes","Jasmin Sambac;Fleur d'oranger d'Afrique","Amande;Musc blanc;Bois précieux;Fève de tonka;Réglisse",,,,,,,,,,3.76
Bvlgari,Jasmin Noir L'Elixir Eau de Parfum,https://www.fragrantica.fr/parfum/Bvlgari/Jasmin-Noir-L-Elixir-Eau-de-Parfum-16458.html,femme,Eau de Parfum,2012,"white floral;sweet;amber;almond;musky;woody;citrus;tuberose;f_gender","Sucre;Poivre rose;Orange;Bergamote","Jasmin Sambac;Amande;Tubéreuse","Résines;Musc;Résine de sapin",,,,,,,,,,4.27
Bvlgari,Jasmin Noir L’Essence,https://www.fragrantica.fr/parfum/Bvlgari/Jasmin-Noir-L-Essence-13567.html,femme,Eau de Parfum,2011,"sweet;amber;white floral;soft spicy;woody;almond;vanilla;balsamic;f_gender","Poivre rose;Bergamote","Jasmin;Amande","Myrrhe;Fève de tonka;Notes boisées;Réglisse",,longue tenue,puissant,,,,,,,4.19
Bvlgari,Mon Jasmin Noir,https://www.fragrantica.fr/parfum/Bvlgari/Mon-Jasmin-Noir-11512.html,femme,Eau de Parfum,2011,"white floral;sweet;woody;musky;fresh;nutty;powdery;patchouli;f_gender","Muguet;Cédrat","Jasmin;Jasmin Sambac","Nougat;Musc;Cèdre de Virginie;Patchouli",,,,,,,,,,3.95
Bvlgari,Mon Jasmin Noir L'Eau Exquise,https://www.fragrantica.fr/parfum/Bvlgari/Mon-Jasmin-Noir-L-Eau-Exquise-14595.html,femme,Eau de Parfum,2012,"citrus;white floral;fresh spicy;green;fresh;musky;aromatic;sweet;f_gender","Pomelo;Pamplemousse;Amande","Thé;Jasmin","Musc;Cèdre",,,,,,,,,,4.14
Bvlgari,Mon Jasmin Noir L'Elixir Eau de Parfum,https://www.fragrantica.fr/parfum/Bvlgari/Mon-Jasmin-Noir-L-Elixir-Eau-de-Parfum-16459.html,femme,Eau de Parfum,2012,"citrus;white floral;sweet;honey;amber;floral;musky;fresh spicy;f_gender","Bergamote;Fleur de pamplemousse;Orange;Sucre","Jasmin Sambac;Jasmin","Miel;Ambre;Musc;Notes boisées",,,,,,,,,,4.24
Bvlgari,Opera Prima,https://www.fragrantica.fr/parfum/Bvlgari/Opera-Prima-25949.html,femme,Eau de Parfum,2014,"citrus;white floral;floral;warm spicy;fresh;sweet;aromatic;soapy;f_gender",,,,"Fleur d'oranger;Cédrat;Citron;Notes fleuries;Notes épicées",médiocre,énorme,,,,,,,4.50
Bvlgari,Petits et Mamans,https://www.fragrantica.fr/parfum/Bvlgari/Petits-et-Mamans-155.html,femme,Eau de Parfum,1997,"powdery;herbal;floral;vanilla;sweet;iris;aromatic;violet;f_gender","Palissandre du Brésil;Orange de Sicile;Bergamote","Camomille;Tournesol;Rose","Notes poudrées;Vanille;Iris;Pêche blanche",,modéré (e),discret,,,,,,,3.98
Bvlgari,Pour Homme Eau De Parfum,https://www.fragrantica.fr/parfum/Bvlgari/Pour-Homme-Eau-De-Parfum-92563.html,homme,Eau de Parfum,2024,"musky;fresh;green;fresh spicy;woody;powdery;floral;ozonic;f_gender","Thé Darjeeling;Gingembre","Thé noir;Gaïac","Musc blanc;Ambrette",,,,,,,,,,4.37
Bvlgari,Rose Essentielle,https://www.fragrantica.fr/parfum/Bvlgari/Rose-Essentielle-665.html,femme,Eau de Parfum,2006,"rose;powdery;floral;violet;woody;fruity;musky;sweet;f_gender","Rose;Violette;Mûre","Rose de Taïf;Mimosa;Jasmin","Musc;Bois de santal;Patchouli;Gaïac",,modéré (e),modéré (e),,,,,,,4.12
Bvlgari,Voile de Jasmin,https://www.fragrantica.fr/parfum/Bvlgari/Voile-de-Jasmin-666.html,femme,Eau de Parfum,2006,"white floral;powdery;yellow floral;floral;sweet;musky;citrus;iris;f_gender","Mimosa;Fleur d'oranger;Bergamote","Jasmin;Muguet;Rose;Ylang-ylang","Musc;Iris;Palissandre du Brésil",,modéré (e),discret,,,,,,,3.92
Bvlgari,Allegra Magnifying Bergamot Essence,https://www.fragrantica.fr/parfum/Bvlgari/Allegra-Magnifying-Bergamot-Essence-64741.html,femme,Eau de Parfum,2021,"citrus;fresh spicy;aromatic;sweet;floral;green;powdery;woody;f_gender",,,,"Bergamote de Calabre;Notes sucrées",modéré (e),modéré (e),,,,,,,3.95
Bvlgari,Allegra Magnifying Musk Essence,https://www.fragrantica.fr/parfum/Bvlgari/Allegra-Magnifying-Musk-Essence-64742.html,femme,Eau de Parfum,2021,"musky;powdery;floral;animalic;aromatic;sweet;f_gender",,,,"Musc;Ambrette",,,,,,,,,3.99
Bvlgari,Allegra Magnifying Myrrh Essence,https://www.fragrantica.fr/parfum/Bvlgari/Allegra-Magnifying-Myrrh-Essence-71543.html,femme,Eau de Parfum,2022,"amber;warm spicy;balsamic;sweet;aromatic;animalic;powdery;soft spicy;f_gender",,,,"Myrrhe;Ambre blanc",modéré (e),modéré (e),,,,,,,3.95
Bvlgari,Allegra Magnifying Neroli Essence,https://www.fragrantica.fr/parfum/Bvlgari/Allegra-Magnifying-Neroli-Essence-94844.html,unisexe,Eau de Parfum,2024,"citrus;white floral;fresh;floral;fresh spicy;green;aromatic;soapy",,,,Néroli,,,,,,,,,3.73
Bvlgari,Allegra Magnifying Patchouli Essence,https://www.fragrantica.fr/parfum/Bvlgari/Allegra-Magnifying-Patchouli-Essence-64743.html,femme,Eau de Parfum,2021,"woody;patchouli;warm spicy;earthy;balsamic;aromatic;fresh spicy;f_gender",,,,"Feuille de patchouli d'Indonésie;Notes boisées;Fougère",modéré (e),modéré (e),,,,,,,3.64
Bvlgari,Allegra Magnifying Rose Essence,https://www.fragrantica.fr/parfum/Bvlgari/Allegra-Magnifying-Rose-Essence-64744.html,femme,Extrait de Parfum,2021,"rose;floral;citrus;f_gender",,,,,,,,,,,,,3.78
Bvlgari,Allegra Magnifying Sandalwood,https://www.fragrantica.fr/parfum/Bvlgari/Allegra-Magnifying-Sandalwood-79714.html,unisexe,Eau de Parfum,2023,"woody;powdery;warm spicy;balsamic;aromatic",,,,Bois de santal,,,,,,,,,4.30
Bvlgari,Allegra Magnifying Vanilla Essence,https://www.fragrantica.fr/parfum/Bvlgari/Allegra-Magnifying-Vanilla-Essence-64745.html,femme,Eau de Parfum,2021,"vanilla;powdery;sweet;balsamic;soft spicy;f_gender",,,,Vanille de Madagascar,modéré (e),discret,,,,,,,3.88
Bvlgari,Baciami,https://www.fragrantica.fr/parfum/Bvlgari/Baciami-71541.html,femme,Eau de Parfum,2022,"vanilla;white floral;amber;powdery;lactonic;animalic;sweet;soft spicy;f_gender",Gardénia,Vanille,Ambre,,,,,,,,,,4.28
Bvlgari,Baciami Ancora,https://www.fragrantica.fr/parfum/Bvlgari/Baciami-Ancora-135209.html,femme,Extrait de Parfum,2026,"vanilla;white floral;amber;powdery;animalic;lactonic;sweet;soft spicy;f_gender",,,,"Vanille;Ambre;Gardénia;Fleurs blanches",,,,,,,,,4.50
Bvlgari,Chill & Sole,https://www.fragrantica.fr/parfum/Bvlgari/Chill-Sole-92549.html,femme,Eau de Parfum,2024,"citrus;white floral;aromatic;fresh;green;fresh spicy;soapy;floral;f_gender",,,,"Néroli;Citron;Fleur d'oranger;Petit-grain",modéré (e),modéré (e),,,,,,,3.68
Bvlgari,Dolce Estasi,https://www.fragrantica.fr/parfum/Bvlgari/Dolce-Estasi-64740.html,femme,Eau de Parfum,2021,"powdery;musky;vanilla;citrus;almond;floral;fresh;animalic;f_gender",Agrumes,Héliotrope,Musc,,modéré (e),modéré (e),,,,,,,3.75
Bvlgari,Fantasia Veneta,https://www.fragrantica.fr/parfum/Bvlgari/Fantasia-Veneta-64739.html,femme,Eau de Parfum,2021,"patchouli;woody;fruity;warm spicy;vanilla;earthy;balsamic;sweet;f_gender",Pèche de vigne,Feuille de patchouli d'Indonésie,Vanille,,,,,,,,,,3.86
Bvlgari,Fiori D'Amore,https://www.fragrantica.fr/parfum/Bvlgari/Fiori-D-Amore-64738.html,femme,Eau de Parfum,2021,"rose;fruity;sweet;floral;citrus;f_gender",,,,"Rose de Turquie;Rose de Bulgarie;Framboise",,,,,,,,,3.75
Bvlgari,Insieme,https://www.fragrantica.fr/parfum/Bvlgari/Insieme-103739.html,femme,Eau de Parfum,2025,"woody;musky;floral;powdery;citrus;fresh;patchouli;rose;f_gender",,,,"Cèdre;Musc;Pivoine;Patchouli;Mandarine d'Italie;Orange",,,,,,,,,3.86
Bvlgari,Ma'magnifica,https://www.fragrantica.fr/parfum/Bvlgari/Ma-magnifica-79715.html,femme,Eau de Parfum,2023,"rose;woody;powdery;warm spicy;floral;balsamic;aromatic;citrus;f_gender",,,,"Rose;Bois de santal",,,,,,,,,3.94
Bvlgari,Passeggiata,https://www.fragrantica.fr/parfum/Bvlgari/Passeggiata-83156.html,femme,Eau de Parfum,2023,"floral;musky;powdery;animalic;sweet;yellow floral;woody;f_gender",,,,"Notes fleuries;Musc;Ylang-ylang",modéré (e),modéré (e),,,,,,,3.63
Bvlgari,Riva Solare,https://www.fragrantica.fr/parfum/Bvlgari/Riva-Solare-64737.html,femme,Eau de Parfum,2021,"citrus;musky;white floral;floral;fruity;powdery;sweet;fresh spicy;f_gender",Bergamote de Calabre,"Fleur d'oranger;Osmanthus;Mandarine",Musc,,,,,,,,,,3.82
Bvlgari,Rock'N'Rome,https://www.fragrantica.fr/parfum/Bvlgari/Rock-N-Rome-64736.html,femme,Eau de Parfum,2021,"fruity;warm spicy;amber;floral;lactonic;woody;powdery;soft spicy;f_gender",Abricot,"Osmanthus;Epices","Benjoin;Notes orientales;Notes boisées",,modéré (e),modéré (e),,,,,,,3.86
Bvlgari,Spettacolore,https://www.fragrantica.fr/parfum/Bvlgari/Spettacolore-71542.html,femme,Eau de Parfum,2022,"amber;iris;powdery;violet;warm spicy;earthy;balsamic;sweet;f_gender",Iris,Myrrhe,Ambre,,,,,,,,,,4.10
Bvlgari,Aqua Pour Homme Edition Limitee,https://www.fragrantica.fr/parfum/Bvlgari/Aqua-Pour-Homme-Edition-Limitee-2094.html,homme,Eau de Parfum,2007,"citrus;amber;green;aromatic;fruity;animalic;fresh spicy;herbal;f_gender",,,,"Mandarine;Ambre;Petit-grain",modéré (e),modéré (e),,,,,,,3.92
Bvlgari,Aqva Amara,https://www.fragrantica.fr/parfum/Bvlgari/Aqva-Amara-22675.html,homme,Eau de Parfum,2014,"citrus;aquatic;fresh;amber;patchouli;white floral;fresh spicy;woody;f_gender",Mandarine de Sicile,"Notes aquatiques;Néroli","Résine oliban;Feuille de patchouli d'Indonésie",,,,,,,,,,4.12
Bvlgari,Aqva Divina,https://www.fragrantica.fr/parfum/Bvlgari/Aqva-Divina-29442.html,femme,Eau de Parfum,2015,"fresh spicy;citrus;floral;salty;fruity;woody;fresh;marine;f_gender","Sel;Gingembre;Bergamote","Coing;Magnolia","Notes boisées;Cire d'abeille;Ambre",,modéré (e),modéré (e),,,,,,,3.85
Bvlgari,Aqva Pour Homme,https://www.fragrantica.fr/parfum/Bvlgari/Aqva-Pour-Homme-153.html,homme,Eau de Parfum,2005,"citrus;marine;aromatic;aquatic;woody;lavender;fresh spicy;powdery;f_gender","Mandarine;Orange;Petit-grain","Algue;Lavande;Fleur de coton","Cèdre de Virginie;Notes boisées;Patchouli;Sauge sclarée;Ambre",,longue tenue,puissant,,,,,,,4.16
Bvlgari,Aqva Pour Homme Atlantiqve,https://www.fragrantica.fr/parfum/Bvlgari/Aqva-Pour-Homme-Atlantiqve-42856.html,homme,Eau de Parfum,2017,"amber;aromatic;aquatic;marine;citrus;woody;fresh;animalic;f_gender","Notes aquatiques;Bergamote de Calabre;Citron de Sicile;Sauge","Notes marines;Ambre gris;Pomme","Benjoin;Amberwood;Vétiver;Patchouli;Bois de santal",,,,,,,,,,4.02
Bvlgari,Aqva Pour Homme Marine,https://www.fragrantica.fr/parfum/Bvlgari/Aqva-Pour-Homme-Marine-1742.html,homme,Eau de Parfum,2008,"aquatic;citrus;aromatic;marine;fresh;fresh spicy;woody;white floral;f_gender","Pamplemousse;Néroli;Mandarine;Petit-grain","Notes aquatiques;Algue;Romarin","Cèdre de Virginie;Ambre",,longue tenue,puissant,,,,,,,4.08
Bvlgari,Aqva Pour Homme Marine Toniq,https://www.fragrantica.fr/parfum/Bvlgari/Aqva-Pour-Homme-Marine-Toniq-11289.html,homme,Eau de Parfum,2011,"aquatic;marine;woody;citrus;fresh;aromatic;fruity;sweet;f_gender","Pamplemousse;Poire","Algue;Notes aquatiques","Cèdre de Virginie;Bois de santal",,,,,,,,,,3.85
Bvlgari,Aqva Pour Homme Toniq,https://www.fragrantica.fr/parfum/Bvlgari/Aqva-Pour-Homme-Toniq-11288.html,homme,Eau de Parfum,2011,"aquatic;aromatic;marine;citrus;green;fresh;woody;fresh spicy;f_gender","Limone Costa d'Amalfi;Menthe","Algue;Notes aquatiques","Vétiver;Ambre",,,,,,,,,,4.02
Bvlgari,Eau Parfumée au Thé Noir Intense,https://www.fragrantica.fr/parfum/Bvlgari/Eau-Parfumee-au-The-Noir-Intense-52922.html,unisexe,Eau de Parfum,2018,"oud;rose;floral;citrus;green;fresh spicy;fresh;ozonic","Rose;Bergamote","Thé noir chinois;Magnolia",Oud,,modéré (e),modéré (e),,,,,,,4.31
Bvlgari,Bvlgari Eau Parfumee au The Vert Extreme,https://www.fragrantica.fr/parfum/Bvlgari/Bvlgari-Eau-Parfumee-au-The-Vert-Extreme-158.html,unisexe,Eau de Parfum,1996,"citrus;fresh spicy;aromatic;white floral;green;warm spicy;woody;fresh","Bergamote;Coriandre;Poivre;Orange;Fleur d'oranger","Cardamome;Jasmin;Rose de Bulgarie","Thé vert;Notes boisées",,,,,,,,,,4.16
Bvlgari,Eau Parfumee au The Blanc,https://www.fragrantica.fr/parfum/Bvlgari/Eau-Parfumee-au-The-Blanc-145.html,unisexe,Eau de Parfum,2003,"fresh spicy;musky;citrus;green;aromatic;white floral;herbal;warm spicy","Thé;Armoise;Bergamote;Fleur d'oranger;Bigarade","Poivre;Cardamome;Coriandre","Musc;Notes boisées;Jasmin;Ambre;Rose",,modéré (e),discret,,,,,,,4.17
Bvlgari,Eau Parfumee au The Bleu,https://www.fragrantica.fr/parfum/Bvlgari/Eau-Parfumee-au-The-Bleu-31018.html,unisexe,Eau de Parfum,2015,"powdery;violet;green;iris;lavender;aromatic;fresh spicy;fresh","Lavande;Shiso","Thé;Violette","Iris;Musc",,,,,,,,,,4.10
Bvlgari,Eau Parfumee au The Noir,https://www.fragrantica.fr/parfum/Bvlgari/Eau-Parfumee-au-The-Noir-31400.html,unisexe,Eau de Parfum,2015,"leather;tobacco;rose;oud;woody;green;animalic;sweet",,,,"Thé noir;Cuir;Tabac;Rose de Damas;Oud;Notes boisées;Patchouli",,,,,,,,,4.14
Bvlgari,Eau Parfumée au Thé Rouge,https://www.fragrantica.fr/parfum/Bvlgari/Eau-Parfumee-au-The-Rouge-146.html,unisexe,Eau de Parfum,2006,"green;citrus;woody;sweet;fruity;musky;nutty;fresh spicy","Poivre rose;Bergamote;Orange","Thé;Figue","Noix;Résine;Musc",,,,,,,,,,4.11
Bvlgari,Eau Parfumee au The Vert,https://www.fragrantica.fr/parfum/Bvlgari/Eau-Parfumee-au-The-Vert-144.html,unisexe,Eau de Parfum,1992,"citrus;aromatic;white floral;green;woody;warm spicy;fresh;fresh spicy","Bergamote;Cardamome;Citron;Coriandre;Fleur d'oranger;Mandarine","Jasmin;Muguet;Rose de Bulgarie","Thé vert;Musc;Cèdre;Bois de santal;Bois précieux;Ambre",,,,,,,,,,4.03
Bvlgari,Eau Parfumée Thé Blanc 2025,https://www.fragrantica.fr/parfum/Bvlgari/Eau-Parfumee-The-Blanc-2025-104940.html,unisexe,Eau de Parfum,2025,"musky;green;powdery;fresh;ozonic;animalic;fresh spicy;sweet",,,,"Thé blanc;Musc blanc",,,,,,,,,4.03
Bvlgari,Eau Parfumée Thé Impérial,https://www.fragrantica.fr/parfum/Bvlgari/Eau-Parfumee-The-Imperial-122733.html,unisexe,Eau de Parfum,2026,"citrus;fresh;musky;green;fresh spicy;powdery;ozonic;animalic",Agrumes,Thé noir,Musc,,,,,,,,,,4.12
Bvlgari,Eau Parfumée Thé Vert 2025,https://www.fragrantica.fr/parfum/Bvlgari/Eau-Parfumee-The-Vert-2025-104939.html,unisexe,Eau de Parfum,2025,"citrus;green;fresh spicy;aromatic;fresh;ozonic;woody;herbal",,,,"Thé vert;Bergamote;Fleur d'oranger amère",modéré (e),discret,,,,,,,4.08
Bvlgari,Bvlgari Man,https://www.fragrantica.fr/parfum/Bvlgari/Bvlgari-Man-9403.html,homme,Eau de Parfum,2010,"woody;amber;ozonic;aquatic;aromatic;honey;floral;earthy;f_gender","Feuille de violette;Lotus;Bergamote;Poire blanche","Vétiver;Notes boisées;Bois de cachemire;Bois de santal;Ambre;Huile essentielle de cypriol","Miel blanc;Musc;Benjoin;Fève de tonka",,,,,,,,,,4.01
Bvlgari,Bvlgari Man Black Orient,https://www.fragrantica.fr/parfum/Bvlgari/Bvlgari-Man-Black-Orient-39256.html,homme,Eau de Parfum,2016,"leather;oud;warm spicy;rum;animalic;rose;tuberose;aromatic;f_gender","Rhum;Cardamome","Rose de Taïf;Tubéreuse","Cuir;Oud",,,,,,,,,,4.47
Bvlgari,Bvlgari Man Extreme,https://www.fragrantica.fr/parfum/Bvlgari/Bvlgari-Man-Extreme-17373.html,homme,Eau de Parfum,2013,"citrus;aromatic;woody;green;fresh spicy;warm spicy;amber;floral;f_gender","Jus de cactus;Bergamote de Calabre;Pamplemousse rose","Cardamome du Guatémala;Freesia;Ambre","Vétiver de Haïti;Notes boisées;Benjoin",,modéré (e),modéré (e),,,,,,,4.17
Bvlgari,Bvlgari Man Extrême All Black Editions,https://www.fragrantica.fr/parfum/Bvlgari/Bvlgari-Man-Extreme-All-Black-Editions-33650.html,homme,Eau de Parfum,2015,"citrus;woody;green;aromatic;floral;fresh spicy;warm spicy;amber;f_gender","Jus de cactus;Bergamote;Pamplemousse rose","Freesia;Cardamome;Ambre","Notes boisées;Vétiver de Haïti;Benjoin",,modéré (e),modéré (e),,,,,,,4.41
Bvlgari,Bvlgari Man Glacial Essence,https://www.fragrantica.fr/parfum/Bvlgari/Bvlgari-Man-Glacial-Essence-62569.html,homme,Eau de Parfum,2020,"woody;fresh spicy;aromatic;powdery;musky;herbal;iris;fresh;f_gender","Baies de genévrier;Gingembre;Géranium","Bois de santal;Armoise;Racine d'iris","Clearwood;Musc;Cèdre",,modéré (e),modéré (e),,,,,,,3.81
Bvlgari,Bvlgari Man In Black,https://www.fragrantica.fr/parfum/Bvlgari/Bvlgari-Man-In-Black-26358.html,homme,Eau de Parfum,2014,"warm spicy;woody;leather;rum;amber;tobacco;sweet;vanilla;f_gender","Epices;Rhum;Tabac","Cuir;Iris;Tubéreuse","Fève de tonka;Gaïac;Benjoin",,,,,,,,,,4.32
Bvlgari,Bvlgari Man In Black Eau de Parfum Intense,https://www.fragrantica.fr/parfum/Bvlgari/Bvlgari-Man-In-Black-Eau-de-Parfum-Intense-33651.html,homme,Eau de Parfum,2015,"warm spicy;woody;leather;amber;rum;vanilla;iris;animalic;f_gender","Epices;Rhum","Cuir;Iris;Tubéreuse","Gaïac;Fève de tonka;Benjoin",,longue tenue,modéré (e),,,,,,,4.41
Bvlgari,Bvlgari Man In Black Essence,https://www.fragrantica.fr/parfum/Bvlgari/Bvlgari-Man-In-Black-Essence-46312.html,homme,Eau de Parfum,2017,"warm spicy;amber;woody;rum;musky;floral;balsamic;powdery;f_gender","Epices;Rhum","Fleurs;Musc","Notes orientales;Gaïac;Résine",,,,,,,,,,4.45
Bvlgari,Bvlgari Man In Black Parfum,https://www.fragrantica.fr/parfum/Bvlgari/Bvlgari-Man-In-Black-Parfum-91103.html,homme,Eau de Parfum,2024,"warm spicy;woody;amber;iris;aromatic;balsamic;tuberose;powdery;f_gender","Epices;Élémi","Iris;Tubéreuse","Notes boisées sombres;Benjoin de Siam",,,,,,,,,,4.16
Bvlgari,Bvlgari Man Rain Essence,https://www.fragrantica.fr/parfum/Bvlgari/Bvlgari-Man-Rain-Essence-79335.html,homme,Eau de Parfum,2023,"musky;floral;citrus;ozonic;green;powdery;aquatic;woody;f_gender","Thé vert;Orange","Lotier d'Égypte;Musc","Gaïac;Ambre",,,,,,,,,,4.03
Bvlgari,Bvlgari Man Terrae Essence,https://www.fragrantica.fr/parfum/Bvlgari/Bvlgari-Man-Terrae-Essence-68293.html,homme,Eau de Parfum,2021,"earthy;citrus;woody;aromatic;amber;iris;powdery;green;f_gender","Cédrat;Calamansi","Vétiver;Racine d'iris","Notes terreuses;Styrax",,modéré (e),modéré (e),,,,,,,3.86
Bvlgari,Bvlgari Man The Silver Limited Edition,https://www.fragrantica.fr/parfum/Bvlgari/Bvlgari-Man-The-Silver-Limited-Edition-14172.html,homme,Eau de Parfum,2011,"woody;amber;earthy;floral;aromatic;honey;musky;powdery;f_gender",,,,,,,,,,,,,4.09
Bvlgari,Bvlgari Man Wood Essence,https://www.fragrantica.fr/parfum/Bvlgari/Bvlgari-Man-Wood-Essence-50602.html,homme,Eau de Parfum,2018,"woody;aromatic;citrus;amber;fresh spicy;fresh;warm spicy;earthy;f_gender","Agrumes sucrés;Zeste de citron;Feuille de coriandre","Cyprès;Cèdre;Vétiver",Benjoin,,longue tenue,discret,,,,,,,3.92
Bvlgari,Bvlgari Man Wood Essence Parfum,https://www.fragrantica.fr/parfum/Bvlgari/Bvlgari-Man-Wood-Essence-Parfum-126704.html,homme,Eau de Parfum,2026,"woody;aromatic;fresh spicy;soft spicy;earthy;patchouli;herbal;powdery;f_gender","Coriandre;Poivre du Sichuan","Cyprès;Bois de cachemire","Cèdre;Patchouli;Vétiver;Gaïac",,,,,,,,,,4.15
Bvlgari,Bvlgari Man Wood Neroli,https://www.fragrantica.fr/parfum/Bvlgari/Bvlgari-Man-Wood-Neroli-55688.html,homme,Eau de Parfum,2019,"citrus;white floral;woody;fresh spicy;amber;animalic;aromatic;musky;f_gender","Néroli;Bergamote","Fleur d'oranger;Cèdre de Virginie;Huile essentielle de cypriol","Notes boisées;Musc blanc;Ambre gris;Ambre;Cuir",,,,,,,,,,4.14
Bvlgari,Man Black Cologne,https://www.fragrantica.fr/parfum/Bvlgari/Man-Black-Cologne-38188.html,homme,Eau de Parfum,2016,"amber;white floral;citrus;woody;rum;green;warm spicy;tuberose;f_gender","Rhum;Agrumes;Notes vertes","Fleur d'oranger;Tubéreuse","Ambre;Benjoin;Bois de santal;Musc",,,,,,,,,,4.18
Bvlgari,L'Opera Grandiosa,https://www.fragrantica.fr/parfum/Bvlgari/L-Opera-Grandiosa-71830.html,unisexe,Eau de Parfum,2021,"rose;musky;floral;powdery;citrus;animalic;sweet;aquatic",,,,"Rose;Musc;Magnolia",,,,,,,,,5.00
Bvlgari,Murano Amarena,https://www.fragrantica.fr/parfum/Bvlgari/Murano-Amarena-51279.html,femme,Eau de Parfum,2018,"cherry;rose;tuberose;powdery;white floral;woody;sweet;fruity;f_gender",,,,,,,,,,,,,4.11
Bvlgari,Murano Calaluna,https://www.fragrantica.fr/parfum/Bvlgari/Murano-Calaluna-51280.html,femme,Eau de Parfum,2018,"powdery;warm spicy;lactonic;woody;iris;floral;aromatic;fruity;f_gender",,,,"Lait;Cardamome;Iris;Héliotrope;Bois de santal;Poire;Ambrette",médiocre,énorme,,,,,,,4.09
Bvlgari,Murano Lazulia,https://www.fragrantica.fr/parfum/Bvlgari/Murano-Lazulia-51281.html,femme,Extrait de Parfum,2018,"amber;white floral;smoky;balsamic;oud;animalic;warm spicy;floral;f_gender",Jasmin,Encens,"Ambre gris;Oud",,,,,,,,,,4.75
Bvlgari,Murano Noorah,https://www.fragrantica.fr/parfum/Bvlgari/Murano-Noorah-51278.html,femme,Eau de Parfum,2018,"warm spicy;sweet;woody;honey;vanilla;aromatic;cinnamon;tobacco;f_gender",,,,,,,,,,,,,3.67
Bvlgari,Murano Selima,https://www.fragrantica.fr/parfum/Bvlgari/Murano-Selima-51284.html,femme,Eau de Parfum,2018,"warm spicy;sweet;rose;earthy;fruity;woody;metallic;leather;f_gender",,,,"Dattes;Rose;Safran;Epices;Huile essentielle de cypriol",longue tenue,puissant,,,,,,,4.56
Bvlgari,Murano Zahira,https://www.fragrantica.fr/parfum/Bvlgari/Murano-Zahira-51282.html,femme,Eau de Parfum,2018,"warm spicy;yellow floral;woody;cinnamon;amber;sweet;powdery;balsamic;f_gender",,,,,,,,,,,,,2.67
Bvlgari,Goldea,https://www.fragrantica.fr/parfum/Bvlgari/Goldea-31538.html,femme,Eau de Parfum,2015,"sweet;white floral;woody;yellow floral;amber;musky;fruity;patchouli;f_gender","Musc;Framboise;Fleur d'oranger;Bergamote","Ylang-ylang;Musc;Jasmin","Ambre;Musc;Patchouli;Papyrus",,modéré (e),modéré (e),,,,,,,3.79
Bvlgari,Goldea The Roman Night,https://www.fragrantica.fr/parfum/Bvlgari/Goldea-The-Roman-Night-45241.html,femme,Eau de Parfum,2017,"white floral;fruity;musky;woody;floral;rose;earthy;fresh spicy;f_gender","Mûre (murier);Poivre noir;Bergamote","Jasmin de nuit;Pivoine;Tubéreuse;Rose","Musc noir;Patchouli;Vétiver;Mousse",,,,,,,,,,3.88
Bvlgari,Goldea The Roman Night Absolute,https://www.fragrantica.fr/parfum/Bvlgari/Goldea-The-Roman-Night-Absolute-51101.html,femme,Eau de Parfum,2018,"white floral;fruity;sweet;vanilla;patchouli;musky;earthy;woody;f_gender","Prune;Fleur d'oranger","Vanille de Madagascar;Jasmin Sambac","Patchouli;Musc noir;Mousse",,,,,,,,,,3.88
Bvlgari,Rose Goldea,https://www.fragrantica.fr/parfum/Bvlgari/Rose-Goldea-39834.html,femme,Eau de Parfum,2016,"rose;floral;woody;musky;fresh;powdery;fresh spicy;white floral;f_gender",,,,,,,,,,,,,3.94
Bvlgari,Rose Goldea Blossom Delight,https://www.fragrantica.fr/parfum/Bvlgari/Rose-Goldea-Blossom-Delight-55754.html,femme,Eau de Parfum,2019,"rose;green;white floral;musky;floral;tropical;ozonic;powdery;f_gender","Papaye;Feuille de violette;Jasmin","Rose;Feuille de rose;Muguet","Rose de Bulgarie;Musc blanc;Ambre",,,,,,,,,,3.96
Bvlgari,Rose Goldea Blossom Delight Eau de Toilette,https://www.fragrantica.fr/parfum/Bvlgari/Rose-Goldea-Blossom-Delight-Eau-de-Toilette-72226.html,femme,Eau de Parfum,2022,"rose;floral;fresh;citrus;musky;white floral;powdery;green;f_gender","Pamplemousse;Muguet","Rose;Pivoine","Musc blanc;Cèdre",,,,,,,,,,3.91
Bvlgari,Rose Goldea Jacky Tsai Edition,https://www.fragrantica.fr/parfum/Bvlgari/Rose-Goldea-Jacky-Tsai-Edition-51935.html,femme,Eau de Parfum,2018,"rose;woody;floral;powdery;musky;fresh spicy;fruity;fresh;f_gender","Rose;Grenade;Musc;Bergamote","Rose de Damas;Pivoine;Jasmin;Pêche","Musc;Vanille;Bois de santal;Résine oliban",,faible,modéré (e),,,,,,,4.45
Bvlgari,Rose Goldea Kathleen Kye Edition,https://www.fragrantica.fr/parfum/Bvlgari/Rose-Goldea-Kathleen-Kye-Edition-64818.html,femme,Eau de Parfum,2021,"rose;floral;citrus;fresh spicy;woody;powdery;musky;fresh;f_gender","Rose;Bergamote;Musc;Grenade","Rose de Damas;Pivoine;Jasmin;Pêche","Musc;Vanille;Bois de santal;Résine oliban",,modéré (e),modéré (e),,,,,,,4.46
Bvlgari,Amarena,https://www.fragrantica.fr/parfum/Bvlgari/Amarena-27387.html,femme,Eau de Parfum,2014,"cherry;rose;powdery;sweet;tuberose;fruity;woody;white floral;f_gender","Cerise;Grenade;Tubéreuse",Rose,Notes poudrées,,faible,discret,,,,,,,3.95
Bvlgari,Amunae,https://www.fragrantica.fr/parfum/Bvlgari/Amunae-102120.html,unisexe,Eau de Parfum,2025,"musky;white floral;aldehydic;fresh;woody;floral;amber;powdery",,,,,,,,,,,,,3.91
Bvlgari,Ashlemah,https://www.fragrantica.fr/parfum/Bvlgari/Ashlemah-27386.html,femme,Eau de Parfum,2014,"powdery;violet;lavender;floral;vanilla;aromatic;almond;fresh spicy;f_gender",,,,"Violette;Lavande;Héliotrope",longue tenue,énorme,,,,,,,4.19
Bvlgari,Astrea,https://www.fragrantica.fr/parfum/Bvlgari/Astrea-66121.html,femme,Extrait de Parfum,2021,"white floral;honey;leather;warm spicy;floral;metallic;sweet;musky;f_gender",,,,,,,,,,,,,4.43
Bvlgari,Calaluna,https://www.fragrantica.fr/parfum/Bvlgari/Calaluna-27390.html,femme,Eau de Parfum,2014,"powdery;lactonic;iris;warm spicy;woody;floral;aromatic;musky;f_gender",,,,"Lait;Iris blanc;Cardamome;Héliotrope;Ambrette;Bois de santal;Poire",,,,,,,,,4.15
Bvlgari,Coralia,https://www.fragrantica.fr/parfum/Bvlgari/Coralia-56215.html,femme,Eau de Parfum,2019,"floral;animalic;soft spicy;fruity;leather;musky;iris;powdery;f_gender","Poivre rose;Mandarine","Osmanthus;Cuir;Racine d'iris","Ambre gris;Musc",,modéré (e),puissant,,,,,,,3.84
Bvlgari,Desiria,https://www.fragrantica.fr/parfum/Bvlgari/Desiria-100149.html,femme,Eau de Parfum,2015,"musky;floral;powdery;rose;citrus;animalic;sweet;aquatic;f_gender",Rose,Magnolia,Musc,,,,,,,,,,4.20
Bvlgari,Erea,https://www.fragrantica.fr/parfum/Bvlgari/Erea-59753.html,femme,Extrait de Parfum,2020,"vanilla;warm spicy;amber;aromatic;fresh spicy;powdery;balsamic;sweet;f_gender",Cardamome,Résine oliban,Vanille de Madagascar,,longue tenue,puissant,,,,,,,4.06
Bvlgari,Lilaia,https://www.fragrantica.fr/parfum/Bvlgari/Lilaia-27385.html,femme,Eau de Parfum,2014,"aromatic;green;fresh spicy;balsamic;citrus;terpenic;woody;fresh;f_gender",,,,"Lentisque;Maté;Menthe;Orange",,,,,,,,,3.81
Bvlgari,Maravilla,https://www.fragrantica.fr/parfum/Bvlgari/Maravilla-27389.html,femme,Extrait de Parfum,2014,"citrus;white floral;patchouli;woody;fruity;sweet;warm spicy;earthy;f_gender",,,,,,,,,,,,,4.06
Bvlgari,Noorah,https://www.fragrantica.fr/parfum/Bvlgari/Noorah-27388.html,femme,Eau de Parfum,2014,"sweet;warm spicy;woody;iris;tobacco;vanilla;powdery;earthy;f_gender",,,,"Iris;Tabac;Chêne;Benjoin;Miel;Vanille;Férule gommeuse;Cardamome;Pain d'épices;Patchouli",,,,,,,,,3.95
Bvlgari,Sahare,https://www.fragrantica.fr/parfum/Bvlgari/Sahare-90576.html,unisexe,Eau de Parfum,2024,"amber;citrus;fresh spicy;rose;aromatic;warm spicy;animalic;balsamic","Citron;Bergamote","Rose de Taïf;Poivre noir","Ambre gris;Myrrhe",,,,,,,,,,4.25
Bvlgari,Desiria,https://www.fragrantica.fr/parfum/Bvlgari/Desiria-33622.html,femme,Eau de Parfum,2016,"floral;rose;musky;citrus;powdery;animalic;aquatic;ozonic;f_gender",,,,"Magnolia;Rose;Musc",longue tenue,modéré (e),,,,,,,4.19
Bvlgari,Irina,https://www.fragrantica.fr/parfum/Bvlgari/Irina-33621.html,femme,Eau de Parfum,2016,"floral;musky;white floral;citrus;powdery;animalic;aquatic;ozonic;f_gender",,,,"Magnolia;Musc;Jasmin",,,,,,,,,4.25
Bvlgari,Splendia,https://www.fragrantica.fr/parfum/Bvlgari/Splendia-33620.html,femme,Eau de Parfum,2016,"floral;mossy;yellow floral;earthy;citrus;green;woody;aromatic;f_gender",,,,"Magnolia;Narcisse;Mousse de chêne",,,,,,,,,3.90
Bvlgari,Ambero,https://www.fragrantica.fr/parfum/Bvlgari/Ambero-41224.html,homme,Eau de Parfum,2016,"fresh spicy;amber;warm spicy;metallic;fresh;soft spicy;leather;tobacco;f_gender",,,,"Résine oliban;Safran;Gingembre;Poivre rose",,,,,,,,,4.17
Bvlgari,Azaran,https://www.fragrantica.fr/parfum/Bvlgari/Azaran-66122.html,homme,Eau de Parfum,2021,"leather;woody;animalic;warm spicy;beeswax;metallic;citrus;honey;f_gender","Safran;Bergamote","Thé vert;Cèdre","Cuir;Cire d'abeille;Notes boisées",,,,,,,,,,4.24
Bvlgari,Garanat,https://www.fragrantica.fr/parfum/Bvlgari/Garanat-41219.html,homme,Eau de Parfum,2016,"rose;amber;smoky;balsamic;warm spicy;floral;woody;citrus;f_gender",,,,"Rose de Damas;Rose;Encens",,,,,,,,,4.14
Bvlgari,Gyan,https://www.fragrantica.fr/parfum/Bvlgari/Gyan-41221.html,homme,Eau de Parfum,2016,"patchouli;white floral;warm spicy;amber;balsamic;woody;smoky;earthy;f_gender",,,,,,,,,,,,,4.48
Bvlgari,Kobraa,https://www.fragrantica.fr/parfum/Bvlgari/Kobraa-59754.html,homme,Eau de Parfum,2020,"fresh spicy;amber;aromatic;oud;warm spicy;rose;herbal;woody;f_gender",Géranium,Résine oliban,Oud,,,,,,,,,,4.36
Bvlgari,Le Gemme Empyr,https://www.fragrantica.fr/parfum/Bvlgari/Le-Gemme-Empyr-69493.html,homme,Eau de Parfum,2021,"woody;fresh spicy;fresh;amber;powdery;warm spicy;balsamic;citrus;f_gender",Gingembre,Gingembre,"Bois de santal;Ciste",,,,,,,,,,3.82
Bvlgari,Le Gemme Orom,https://www.fragrantica.fr/parfum/Bvlgari/Le-Gemme-Orom-72618.html,homme,Eau de Parfum,2022,"vanilla;oud;amber;warm spicy;balsamic;powdery;fresh spicy;sweet;f_gender",Vanille bourbon,Benjoin de Siam,Oud,,,,,,,,,,4.47
Bvlgari,Le Gemme Tygar Extrait,https://www.fragrantica.fr/parfum/Bvlgari/Le-Gemme-Tygar-Extrait-120377.html,unisexe,Eau de Parfum,2025,"amber;citrus;balsamic;animalic;fresh spicy;fresh;woody;aromatic",,,,"Pamplemousse;Ambre gris;Ambre;Agrumes;Baumier du Pérou",,,,,,,,,4.21
Bvlgari,Malakeos,https://www.fragrantica.fr/parfum/Bvlgari/Malakeos-41223.html,homme,Eau de Parfum,2016,"fresh spicy;lavender;aromatic;woody;mossy;earthy;herbal;musky;f_gender",,,,"Lavande;Mousse de chêne;Géranium;Gaïac;Musc",,,,,,,,,4.20
Bvlgari,Onekh,https://www.fragrantica.fr/parfum/Bvlgari/Onekh-41220.html,homme,Eau de Parfum,2016,"leather;amber;warm spicy;animalic;smoky;musky;woody;balsamic;f_gender",,,,"Cuir;Epices;Ciste",,,,,,,,,4.31
Bvlgari,Tygar,https://www.fragrantica.fr/parfum/Bvlgari/Tygar-41222.html,homme,Eau de Parfum,2016,"citrus;musky;amber;fresh spicy;aromatic;woody;earthy;fresh;f_gender",Pamplemousse,"Gingembre;Ambrette","Ambroxan;Musc;Vétiver;Patchouli",,,,,,,,,,4.45
Bvlgari,Tygar x Refik Anadol,https://www.fragrantica.fr/parfum/Bvlgari/Tygar-x-Refik-Anadol-108062.html,homme,Eau de Parfum,2025,"musky;amber;citrus;fresh spicy;floral;powdery;aromatic;fresh;f_gender",Pamplemousse,"Ambrette;Gingembre","Ambroxan;Musc;Vétiver;Patchouli",,,,,,,,,,4.28
Bvlgari,Falkar,https://www.fragrantica.fr/parfum/Bvlgari/Falkar-53560.html,homme,Eau de Parfum,2019,"woody;oud;fresh spicy;warm spicy;musky;amber;powdery;earthy;f_gender","Noix de muscade;Cannelle","Huile essentielle de cypriol;Résine oliban","Oud;Musc noir;Safran",,,,,,,,,,4.39
Bvlgari,Opalon,https://www.fragrantica.fr/parfum/Bvlgari/Opalon-53561.html,homme,Eau de Parfum,2019,"fresh spicy;citrus;musky;aromatic;amber;animalic;white floral;fresh;f_gender","Néroli;Gingembre","Citronnelle;Géranium","Musc blanc;Ambre gris",,,,,,,,,,4.49
Bvlgari,Yasep,https://www.fragrantica.fr/parfum/Bvlgari/Yasep-53562.html,homme,Eau de Parfum,2019,"woody;citrus;musky;powdery;aromatic;balsamic;fresh spicy;warm spicy;f_gender","Mandarine de Sicile;Poivre du Sichuan","Bois de santal;Cèdre","Musc;Amyris;Vétiver",,,,,,,,,,4.22
Bvlgari,Lazulia,https://www.fragrantica.fr/parfum/Bvlgari/Lazulia-32690.html,femme,Eau de Parfum,2015,"white floral;amber;oud;smoky;balsamic;warm spicy;floral;fresh spicy;f_gender",Jasmin,Encens,Oud,,,,,,,,,,4.09
Bvlgari,Selima,https://www.fragrantica.fr/parfum/Bvlgari/Selima-32691.html,femme,Eau de Parfum,2015,"warm spicy;sweet;rose;fruity;metallic;leather;floral;honey;f_gender",,,,"Epices;Dattes;Rose;Safran",,,,,,,,,3.92
Bvlgari,Zahira,https://www.fragrantica.fr/parfum/Bvlgari/Zahira-32689.html,femme,Eau de Parfum,2015,"warm spicy;yellow floral;cinnamon;amber;sweet;woody;vanilla;balsamic;f_gender",Cannelle,Ylang-ylang,Benjoin,,,,,,,,,,4.25
Bvlgari,Nylaia,https://www.fragrantica.fr/parfum/Bvlgari/Nylaia-49146.html,femme,Eau de Parfum,2018,"iris;amber;powdery;woody;musky;earthy;floral;vanilla;f_gender","Hedione;Poivre rose;Pêche;Bergamote","Iris;Jasmin Sambac","Racine d'iris;Benjoin de Siam;Ambre gris;Musc blanc;Vanille;Amberwood;Iso E Super;Bois de santal;Ambrette",,,,,,,,,,4.09
Bvlgari,Rubinia,https://www.fragrantica.fr/parfum/Bvlgari/Rubinia-49147.html,femme,Eau de Parfum,2018,"vanilla;warm spicy;balsamic;woody;powdery;violet;white floral;sweet;f_gender",Mandarine de Sicile,"Baume de copaïba;Bois de santal;Jasmin;Fleur d'oranger","Vanille;Fève de tonka;Violette;Safran;Oud",,,,,,,,,,3.81
Bvlgari,Veridia,https://www.fragrantica.fr/parfum/Bvlgari/Veridia-49148.html,femme,Eau de Parfum,2018,"aromatic;amber;woody;warm spicy;vanilla;musky;green;powdery;f_gender","Férule gommeuse;Angélique;Sauge;Cyprès;Bergamote;Orange","Encens;Jasmin;Poivre","Vanille bourbon;Chocolat noir;Patchouli;Amberwood",,,,,,,,,,4.13
Bvlgari,Omnia,https://www.fragrantica.fr/parfum/Bvlgari/Omnia-151.html,femme,Eau de Parfum,2003,"warm spicy;fresh spicy;woody;sweet;lactonic;aromatic;cinnamon;citrus;f_gender","Gingembre;Cardamome;Poivre;Safran;Mandarine","Masala chai;Noix de muscade;Cannelle;Amande;Clou de girofle;Lotus","Chocolat blanc;Bois de santal;Notes boisées;Fève de tonka;Gaïac",,,,,,,,,,4.05
Bvlgari,Omnia Amethyste,https://www.fragrantica.fr/parfum/Bvlgari/Omnia-Amethyste-780.html,femme,Eau de Parfum,2006,"powdery;iris;vanilla;woody;almond;floral;green;violet;f_gender","Notes vertes;Pamplemousse rose","Iris;Rose de Bulgarie","Héliotrope;Notes boisées",,,,,,,,,,3.97
Bvlgari,Omnia by Mary Katrantzou,https://www.fragrantica.fr/parfum/Bvlgari/Omnia-by-Mary-Katrantzou-66356.html,femme,Eau de Parfum,2021,"white floral;citrus;green;woody;sweet;fresh;musky;lactonic;f_gender","Feuille de figuier;Mandarine","Fleur d'oranger;Gardénia","Bois blancs;Musc",,,,,,,,,,3.56
Bvlgari,Omnia Coral,https://www.fragrantica.fr/parfum/Bvlgari/Omnia-Coral-14297.html,femme,Eau de Parfum,2012,"floral;woody;fresh spicy;fruity;musky;citrus;aquatic;powdery;f_gender","Bergamote;Baies de goji","Grenade;Hibiscus;Nénuphar","Musc;Cèdre de Virginie",,,,,,,,,,3.96
Bvlgari,Omnia Crystalline,https://www.fragrantica.fr/parfum/Bvlgari/Omnia-Crystalline-152.html,femme,Eau de Parfum,2005,"woody;floral;musky;green;aquatic;ozonic;fruity;fresh;f_gender","Bambou;Poire","Lotus;Thé;Cannelle de Chine","Musc;Gaïac;Mousse de chêne",,,,,,,,,,4.03
Bvlgari,Omnia Crystalline Eau de Parfum,https://www.fragrantica.fr/parfum/Bvlgari/Omnia-Crystalline-Eau-de-Parfum-18894.html,femme,Eau de Parfum,2013,"powdery;floral;musky;vanilla;woody;amber;iris;citrus;f_gender","Lotus;Mandarine","Héliotrope;Racine d'iris","Musc;Benjoin de Siam;Bois de santal",,,,,,,,,,4.04
Bvlgari,Omnia Crystalline Eau de Parfum (2024),https://www.fragrantica.fr/parfum/Bvlgari/Omnia-Crystalline-Eau-de-Parfum-2024-96876.html,femme,Eau de Parfum,2024,"floral;musky;aquatic;fruity;ozonic;powdery;green;white floral;f_gender","Poire Nashi;Mandarine verte","Lotus;Thé vert;Jasmin","Musc;Bois de santal",,,,,,,,,,4.00
Bvlgari,Omnia Golden Citrine,https://www.fragrantica.fr/parfum/Bvlgari/Omnia-Golden-Citrine-59405.html,femme,Eau de Parfum,2020,"yellow floral;sweet;woody;white floral;citrus;fruity;amber;floral;f_gender","Pêche blanche;Mandarine de Sicile","Ylang-ylang;Jasmin","Benjoin;Cèdre",,,,,,,,,,3.59
Bvlgari,Omnia Paraiba,https://www.fragrantica.fr/parfum/Bvlgari/Omnia-Paraiba-32093.html,femme,Eau de Parfum,2015,"fruity;tropical;sweet;citrus;fresh;floral;white floral;cacao;f_gender","Fruit de la passion;Bigarade","Passiflore;Gardénia","Vétiver;Cosse de cacao",,,,,,,,,,3.93
Bvlgari,Omnia Pink Sapphire,https://www.fragrantica.fr/parfum/Bvlgari/Omnia-Pink-Sapphire-48709.html,femme,Eau de Parfum,2018,"citrus;floral;powdery;musky;sweet;fresh spicy;tropical;woody;f_gender","Pomelo;Pamplemousse rose;Poivre rose","Frangipanier;Fleur de tiaré;Pêche;Rose","Musc;Violette;Vanille;Notes boisées;Bois de santal;Racine d'iris",,,,,,,,,,3.66
Bvlgari,Polychroma Astrae,https://www.fragrantica.fr/parfum/Bvlgari/Polychroma-Astrae-113060.html,unisexe,Eau de Parfum,2025,"white floral;rose;amber;floral;tuberose;woody;balsamic;animalic",,"Rose;Jasmin Sambac;Tubéreuse","Résines;Bois précieux;Encens;Bois de santal;Oud",,,,,,,,,,3.78
Bvlgari,Polychroma Fortunae,https://www.fragrantica.fr/parfum/Bvlgari/Polychroma-Fortunae-113058.html,unisexe,Eau de Parfum,2025,"woody;oud;amber;white floral;rose;fresh spicy;tuberose;balsamic",,"Rose;Jasmin Sambac;Tubéreuse","Oud;Bois précieux;Encens;Résines;Bois de santal",,,,,,,,,,3.59
Bvlgari,Polychroma Vitae,https://www.fragrantica.fr/parfum/Bvlgari/Polychroma-Vitae-113059.html,unisexe,Eau de Parfum,2025,"white floral;tuberose;amber;woody;rose;animalic;floral;fresh spicy",,"Tubéreuse;Jasmin Sambac;Rose","Encens;Bois précieux;Bois de santal;Résines;Oud",,,,,,,,,,4.00
Bvlgari,Splendida Iris d'Or,https://www.fragrantica.fr/parfum/Bvlgari/Splendida-Iris-d-Or-43950.html,femme,Eau de Parfum,2017,"powdery;iris;green;woody;yellow floral;ozonic;earthy;aquatic;f_gender","Notes vertes;Bergamote","Iris;Mimosa","Feuille de violette;Racine d'iris;Bois de santal;Fève de tonka;Vétiver",,,,,,,,,,3.97
Bvlgari,Splendida Jasmin Noir,https://www.fragrantica.fr/parfum/Bvlgari/Splendida-Jasmin-Noir-43948.html,femme,Eau de Parfum,2017,"white floral;woody;powdery;warm spicy;amber;vanilla;green;patchouli;f_gender","Gardénia;Notes vertes","Jasmin;Bois de santal","Fève de tonka;Bois de cachemire;Patchouli",,,,,,,,,,4.03
Bvlgari,Splendida Magnolia Sensuel,https://www.fragrantica.fr/parfum/Bvlgari/Splendida-Magnolia-Sensuel-47820.html,femme,Eau de Parfum,2018,"citrus;white floral;floral;sweet;musky;vanilla;powdery;patchouli;f_gender","Fleur d'oranger;Tangerine","Magnolia;Fleur d'oranger;Jasmin","Musc;Vanille de Tahiti;Patchouli",,,,,,,,,,3.91
Bvlgari,Splendida Patchouli Tentation,https://www.fragrantica.fr/parfum/Bvlgari/Splendida-Patchouli-Tentation-60779.html,femme,Eau de Parfum,2020,"patchouli;powdery;iris;woody;earthy;musky;warm spicy;fruity;f_gender","Patchouli;Pêche blanche","Patchouli;Racine d'iris","Feuille de patchouli d'Indonésie;Musc blanc",,,,,,,,,,3.98
Bvlgari,Splendida Rose Rose,https://www.fragrantica.fr/parfum/Bvlgari/Splendida-Rose-Rose-43947.html,femme,Eau de Parfum,2017,"rose;fruity;woody;musky;citrus;patchouli;powdery;floral;f_gender","Mûre;Mandarine",Rose de Damas,"Musc;Patchouli;Bois de santal;Vétiver",,,,,,,,,,3.85
Bvlgari,Splendida Tubereuse Mystique,https://www.fragrantica.fr/parfum/Bvlgari/Splendida-Tubereuse-Mystique-55838.html,femme,Eau de Parfum,2019,"tuberose;vanilla;white floral;fruity;amber;green;balsamic;sweet;f_gender","Cassis;Davana",Tubéreuse,"Absolu de vanille;Myrrhe",,,,,,,,,,3.96
Bvlgari,Omnia Green Jade,https://www.fragrantica.fr/parfum/Bvlgari/Omnia-Green-Jade-4941.html,femme,Eau de Parfum,2009,"green;woody;floral;white floral;musky;fresh;citrus;powdery;f_gender","Notes vertes;Mandarine","Jasmin;Pivoine;Fleur de poirier","Notes boisées;Pistache;Musc",,,,,,,,,,3.88
Bvlgari,Omnia Indian Garnet,https://www.fragrantica.fr/parfum/Bvlgari/Omnia-Indian-Garnet-23709.html,femme,Eau de Parfum,2014,"citrus;fruity;woody;floral;warm spicy;tuberose;amber;white floral;f_gender","Mandarine;Orange;Safran indien","Osmanthus;Tubéreuse d'Inde","Notes boisées;Ambre",,,,,,,,,,3.86
Ex Nihilo,Blue Talisman,https://www.fragrantica.fr/parfum/Ex-Nihilo/Blue-Talisman-84224.html,unisexe,Extrait de Parfum,2023,"citrus;fruity;musky;sweet;woody;fresh spicy;white floral;powdery",,,,,,,,,,,,,4.17
Ex Nihilo,Bois d'Hiver,https://www.fragrantica.fr/parfum/Ex-Nihilo/Bois-d-Hiver-27570.html,unisexe,Extrait de Parfum,2014,"woody;warm spicy;powdery;patchouli;musky;earthy;aromatic;floral","Cardamome;Poivre rose","Extrait de cèdre blanc;Héliotrope;Cyclamen","Patchouli;Bois de santal;Musc;Huile essentielle de cypriol",,,,,,,,,,3.89
Ex Nihilo,Brompton Immortals,https://www.fragrantica.fr/parfum/Ex-Nihilo/Brompton-Immortals-52591.html,unisexe,Extrait de Parfum,2018,"warm spicy;vanilla;woody;patchouli;rose;amber;white floral;metallic","Safran;Poivre rose","Rose de Bulgarie;Ylang-ylang;Jasmin Sambac;Lys","Vanille de Madagascar;Patchouli;Résine oliban;Musc blanc",,,,,,,,,,4.29
Ex Nihilo,Chandigarh Express,https://www.fragrantica.fr/parfum/Ex-Nihilo/Chandigarh-Express-89719.html,unisexe,Extrait de Parfum,2024,"aromatic;woody;leather;warm spicy;green;citrus;amber;fresh spicy","Cardamome;Mandarine;Bergamote","Cuir;Sapin baumier;Davana;Mahonial;Jasmin","Vétiver;Benjoin;Fève de tonka;Patchouli",,,,,,,,,,4.10
Ex Nihilo,Collection Signature,https://www.fragrantica.fr/parfum/Ex-Nihilo/Collection-Signature-52178.html,unisexe,Extrait de Parfum,2018,"leather;cacao;citrus;iris;warm spicy;yellow floral;powdery;animalic","Agrumes;Bergamote;Epices","Iris;Narcisse","Cuir;Cacao",,,,,,,,,,3.58
Ex Nihilo,Cologne 352,https://www.fragrantica.fr/parfum/Ex-Nihilo/Cologne-352-27569.html,unisexe,Extrait de Parfum,2014,"white floral;woody;citrus;aromatic;fresh;fresh spicy;musky;rose","Baies de genévrier;Citron d'Italie","Muguet;Fleur d'oranger;Rose","Musc blanc;Extrait de cèdre blanc;Gaïac",,,,,,,,,,3.91
Ex Nihilo,Demon Dancer,https://www.fragrantica.fr/parfum/Ex-Nihilo/Demon-Dancer-138593.html,unisexe,Extrait de Parfum,2026,"green;aromatic;citrus;sweet;white floral;fruity;woody;oud","Rhubarbe;Orange;Menthe poivrée","Fleur d'oranger;Bourgeon de cassis","Fève de tonka;Bois d'Akigala;Georgywood;Musc",,longue tenue,puissant,,,,,,,4.17
Ex Nihilo,Fleur Narcotique,https://www.fragrantica.fr/parfum/Ex-Nihilo/Fleur-Narcotique-27571.html,unisexe,Extrait de Parfum,2014,"white floral;floral;fresh;fruity;citrus;musky;rose;tropical","Litchi;Bergamote;Pêche","Pivoine;Fleur d'oranger;Jasmin;Petalia","Musc;Mousse;Notes boisées",,,,,,,,,,3.68
Ex Nihilo,Fleur Narcotique Blossom,https://www.fragrantica.fr/parfum/Ex-Nihilo/Fleur-Narcotique-Blossom-67042.html,unisexe,Extrait de Parfum,2021,"white floral;citrus;fruity;musky;woody;tropical;fresh;powdery","Litchi;Bergamote de Calabre","Fleur d'oranger;Jasmin;Pivoine","Musc;Notes boisées;Mousse",,longue tenue,modéré (e),,,,,,,3.64
Ex Nihilo,Generation(s),https://www.fragrantica.fr/parfum/Ex-Nihilo/Generation-s-106031.html,unisexe,Extrait de Parfum,2025,"woody;fruity;sweet;powdery;musky;warm spicy;amber;soft spicy","Poire;Poivre rose;Encens",Figue,"Bois de santal;Musc;Fève de tonka",,,,,,,,,,3.73
Ex Nihilo,Gold Immortals,https://www.fragrantica.fr/parfum/Ex-Nihilo/Gold-Immortals-63570.html,unisexe,Extrait de Parfum,2020,"amber;floral;fresh;musky;sweet;citrus;fruity;powdery","Poire;Bergamote","Pivoine;Lysylang","Musc;Ambre;Fève de tonka",,,,,,,,,,3.95
Ex Nihilo,Idle Hour,https://www.fragrantica.fr/parfum/Ex-Nihilo/Idle-Hour-77693.html,unisexe,Extrait de Parfum,2022,"woody;amber;yellow floral;sweet;soft spicy;warm spicy;oud;iris","Poivre rose;Résine oliban;Bergamote","Ylang-ylang;Iris;Cèdre","Bois d'Akigala;Fève de tonka;Musc",,,,,,,,,,4.06
Ex Nihilo,Iris Porcelana,https://www.fragrantica.fr/parfum/Ex-Nihilo/Iris-Porcelana-71577.html,unisexe,Extrait de Parfum,2022,"powdery;iris;woody;musky;ozonic;aquatic;violet;earthy",Feuille de violette,"Iris;Rose","Musc;Bois de santal;Cèdre",,,,,,,,,,3.92
Ex Nihilo,Jasmin Fauve,https://www.fragrantica.fr/parfum/Ex-Nihilo/Jasmin-Fauve-27567.html,unisexe,Extrait de Parfum,2014,"white floral;tuberose;animalic;fresh;green;amber;floral;leather","Lys;Muguet","Jasmin;Tubéreuse;Fleur d'oranger","Ambroxan;Cuir",,,,,,,,,,3.76
Ex Nihilo,Musc Infini,https://www.fragrantica.fr/parfum/Ex-Nihilo/Musc-Infini-27568.html,unisexe,Extrait de Parfum,2014,"vanilla;musky;amber;warm spicy;powdery;citrus;sweet;balsamic","Ambrette;Bergamote de Calabre;Pamplemousse","Musc;Patchouli;Rose","Musc blanc;Benjoin;Vanille;Fève de tonka",,,,,,,,,,3.85
Ex Nihilo,My Sweetest Morphine,https://www.fragrantica.fr/parfum/Ex-Nihilo/My-Sweetest-Morphine-81771.html,unisexe,Extrait de Parfum,2023,"floral;powdery;yellow floral;ozonic;green;fresh;musky;woody","Lilas;Notes d'ozone;Bergamote","Mimosa;Notes solaires;Rose","Musc;Patchouli;Vétiver",,,,,,,,,,3.65
Ex Nihilo,Night Call,https://www.fragrantica.fr/parfum/Ex-Nihilo/Night-Call-43999.html,unisexe,Extrait de Parfum,2017,"amber;vanilla;warm spicy;aromatic;sweet;balsamic",Sésame,Benjoin,Fève de tonka,,,,,,,,,,3.86
Ex Nihilo,Nocturama,https://www.fragrantica.fr/parfum/Ex-Nihilo/Nocturama-50563.html,unisexe,Extrait de Parfum,2018,"warm spicy;yellow floral;cacao;leather;green;woody;animalic;citrus",,,,"Narcisse;Calamus;Cacao;Cuir;Bergamote",,,,,,,,,3.60
Ex Nihilo,Oud Vendome,https://www.fragrantica.fr/parfum/Ex-Nihilo/Oud-Vendome-27565.html,unisexe,Extrait de Parfum,2014,"warm spicy;oud;fresh spicy;musky;amber;green;woody;smoky","Safran;Gingembre","Férule gommeuse;Cèdre","Oud;Musc;Encens",,,,,,,,,,3.98
Ex Nihilo,Paname Palace,https://www.fragrantica.fr/parfum/Ex-Nihilo/Paname-Palace-125853.html,unisexe,Extrait de Parfum,2022,"woody;sweet;aromatic;rose;citrus;yellow floral;warm spicy;cinnamon","Poivre rose;Bergamote;Cannelle","Ylang-ylang;Rose;Figue","Fève de tonka;Cèdre;Vétiver",,,,,,,,,,3.50
Ex Nihilo,Patchouli Memory,https://www.fragrantica.fr/parfum/Ex-Nihilo/Patchouli-Memory-83743.html,unisexe,Extrait de Parfum,2023,"woody;patchouli;warm spicy;oud;yellow floral;balsamic;earthy;sweet","Bergamote;Sauge sclarée;Poivre rose","Ylang-ylang;Noix de muscade;Jasmin","Patchouli;Bois d'Akigala;Ciste;Cèdre;Vanille",,modéré (e),modéré (e),,,,,,,4.36
Ex Nihilo,Rose Hubris,https://www.fragrantica.fr/parfum/Ex-Nihilo/Rose-Hubris-27566.html,unisexe,Extrait de Parfum,2014,"rose;musky;earthy;mossy;woody;patchouli;amber;fruity","Litchi;Fenugrec","Rose de Mai;Ciste","Mousse de chêne;Patchouli;Musc",,,,,,,,,,3.57
Ex Nihilo,Santal Calling,https://www.fragrantica.fr/parfum/Ex-Nihilo/Santal-Calling-75961.html,unisexe,Extrait de Parfum,2022,"powdery;woody;musky;iris;lactonic;warm spicy;fresh spicy;violet",Noix de muscade,"Iris;Lait","Bois de santal;Musc;Vanille",,,,,,,,,,4.08
Ex Nihilo,Scarlet Sands,https://www.fragrantica.fr/parfum/Ex-Nihilo/Scarlet-Sands-111627.html,unisexe,Extrait de Parfum,2024,"white floral;sweet;fruity;citrus;amber;oud;vanilla;woody","Framboise;Mandarine","Fleur d'oranger;Jasmin;Freesia","Ambre;Bois d'Akigala;Vanille",,,,,,,,,,4.42
Ex Nihilo,Spiky Muse,https://www.fragrantica.fr/parfum/Ex-Nihilo/Spiky-Muse-102005.html,unisexe,Extrait de Parfum,2025,"rose;woody;citrus;oud;sweet;fruity;floral;soft spicy","Bergamote;Poivre rose;Fraise","Rose;Pistache","Bois d'Akigala;Ambrofix™;Cèdre;Fève de tonka",,,,,,,,,,3.83
Ex Nihilo,Stellar Dreamers,https://www.fragrantica.fr/parfum/Ex-Nihilo/Stellar-Dreamers-72931.html,unisexe,Extrait de Parfum,,"fruity;sweet;leather;amber;animalic;tuberose;oud;white floral","Safran;Poivre rose","Prune;Tubéreuse;Rose","Cuir;Ambre;Oud;Vanille",,,,,,,,,,4.30
Ex Nihilo,Sun Emperors,https://www.fragrantica.fr/parfum/Ex-Nihilo/Sun-Emperors-125026.html,unisexe,Extrait de Parfum,2023,"warm spicy;vanilla;woody;patchouli;white floral;oud;tobacco;amber",Safran,"Jasmin;Tabac","Vanille;Patchouli;Bois d'Akigala;Benjoin",,,,,,,,,,3.77
Ex Nihilo,Timeless Lovers,https://www.fragrantica.fr/parfum/Ex-Nihilo/Timeless-Lovers-77253.html,unisexe,Extrait de Parfum,2022,"rose;leather;amber;oud;animalic;soft spicy;floral;woody",Poivre rose,"Rose;Cèdre","Cuir;Ambre;Oud",,,,,,,,,,4.09
Ex Nihilo,Venenum Kiss,https://www.fragrantica.fr/parfum/Ex-Nihilo/Venenum-Kiss-31090.html,unisexe,Extrait de Parfum,2015,"amber;warm spicy;fresh spicy;rose;woody;powdery;vanilla;floral","Safran;Noix de muscade;Néroli","Rose;Ambre;Armoise","Vanille;Bois de santal;Styrax",,,,,,,,,,3.91
Ex Nihilo,Vesper Glitz,https://www.fragrantica.fr/parfum/Ex-Nihilo/Vesper-Glitz-79178.html,unisexe,Extrait de Parfum,2023,"yellow floral;sweet;vanilla;citrus;white floral;powdery;floral;woody","Néroli;Mandarine;Poivre rose","Ylang-ylang;Mimosa;Jasmin","Vanille;Fève de tonka;Musc;Cèdre",,,,,,,,,,4.00
Ex Nihilo,Vetiver Moloko,https://www.fragrantica.fr/parfum/Ex-Nihilo/Vetiver-Moloko-27564.html,unisexe,Extrait de Parfum,2014,"woody;aromatic;earthy;lactonic;fresh spicy;citrus;green;vanilla","Bergamote;Rose de Bulgarie","Cyprès;Lait","Vétiver;Amyris;Vanille de Madagascar",,,,,,,,,,3.93
Ex Nihilo,Whiplash,https://www.fragrantica.fr/parfum/Ex-Nihilo/Whiplash-95912.html,unisexe,Extrait de Parfum,2024,"citrus;fresh spicy;musky;floral;warm spicy;fresh;aromatic;woody","Orange;Poivre;Bergamote;Mandarine","Gingembre;Rose;Cardamome","Ambrette;Bois d'Akigala;Patchouli",,,,,,,,,,3.83
Ex Nihilo,Amber Sky,https://www.fragrantica.fr/parfum/Ex-Nihilo/Amber-Sky-39886.html,unisexe,Extrait de Parfum,2016,"amber;fresh spicy;vanilla;woody;aromatic;powdery;sweet;warm spicy","Coriandre;Bergamote","Noix de muscade;Géranium","Ambre;Fève de tonka;Vanille;Cèdre;Bois de santal",,,,,,,,,,4.02
Ex Nihilo,Atlas Fever,https://www.fragrantica.fr/parfum/Ex-Nihilo/Atlas-Fever-57117.html,unisexe,Extrait de Parfum,2017,"woody;vanilla;amber;powdery;balsamic;warm spicy;smoky;sweet","Encens;Fruits rouges",Narcisse,"Vanille;Fève de tonka;Bois de santal;Chêne;Gaïac;Cèdre",,,,,,,,,,4.13
Ex Nihilo,Midnight Special,https://www.fragrantica.fr/parfum/Ex-Nihilo/Midnight-Special-45957.html,unisexe,Extrait de Parfum,2017,"warm spicy;vanilla;rose;oud;fresh spicy;citrus;cinnamon;patchouli","Safran;Cannelle;Poivre noir","Rose de Turquie;Rose;Pamplemousse","Vanille;Oud;Patchouli",,,,,,,,,,4.09
Ex Nihilo,Emerald Royals,https://www.fragrantica.fr/parfum/Ex-Nihilo/Emerald-Royals-74593.html,unisexe,Extrait de Parfum,2022,"amber;fresh spicy;warm spicy;balsamic;aromatic;woody;sweet;floral",,,,"Résine oliban;Noix de muscade;Myrrhe",,,,,,,,,4.04
Ex Nihilo,Golden Wanderers,https://www.fragrantica.fr/parfum/Ex-Nihilo/Golden-Wanderers-60792.html,unisexe,Extrait de Parfum,2020,"amber;oud;leather;warm spicy;animalic;rose;metallic;patchouli","Oud;Safran","Ambre gris;Rose","Ambre;Cuir;Patchouli;Musc",,,,,,,,,,4.22
Ex Nihilo,The Irreverents,https://www.fragrantica.fr/parfum/Ex-Nihilo/The-Irreverents-76527.html,unisexe,Extrait de Parfum,2020,"vanilla;sweet;warm spicy;caramel;amber;soft spicy;balsamic;metallic","Safran;Poivre rose","Caramel;Jasmin","Fève de tonka;Vanille;Ambre gris",,,,,,,,,,4.42
Ex Nihilo,Sloane Ravers,https://www.fragrantica.fr/parfum/Ex-Nihilo/Sloane-Ravers-78002.html,unisexe,Extrait de Parfum,2022,"warm spicy;woody;fruity;patchouli;sweet;fresh spicy;metallic;earthy","Safran;Noix de muscade;Clou de girofle","Prune;Fève de tonka","Patchouli;Cèdre",,,,,,,,,,4.05
Ex Nihilo,Citizen X,https://www.fragrantica.fr/parfum/Ex-Nihilo/Citizen-X-44552.html,unisexe,Extrait de Parfum,2017,"amber;woody;fresh spicy;powdery;musky;balsamic;warm spicy;iris","Lentisque;Poivre blanc",Iris,"Musc;Résine oliban;Amberwood",,,,,,,,,,3.61
Ex Nihilo,French Affair,https://www.fragrantica.fr/parfum/Ex-Nihilo/French-Affair-47569.html,unisexe,Extrait de Parfum,2017,"woody;earthy;mossy;aromatic;rose;patchouli;musky;powdery","Feuille de violette;Litchi;Bergamote","Huile essentielle de rose;Cèdre Atlas;Angélique","Mousse de chêne;Vétiver;Patchouli",,,,,,,,,,3.83
Ex Nihilo,Outcast Blue,https://www.fragrantica.fr/parfum/Ex-Nihilo/Outcast-Blue-60373.html,unisexe,Extrait de Parfum,2019,"woody;warm spicy;tobacco;earthy;mossy;aromatic;metallic;fresh spicy","Safran;Poivre noir;Poivre rose","Cèdre;Muguet","Tabac;Vétiver;Mousse de chêne;Bois de santal;Patchouli",,,,,,,,,,3.97
Ex Nihilo,Outcast Blue Edition Ambre,https://www.fragrantica.fr/parfum/Ex-Nihilo/Outcast-Blue-Edition-Ambre-136421.html,unisexe,Extrait de Parfum,2022,"woody;warm spicy;earthy;tobacco;mossy;white floral;patchouli;amber","Safran;Poivre noir;Poivre rose","Muguet;Cèdre","Ambre;Tabac;Vétiver;Bois de santal;Patchouli;Mousse de chêne",,,,,,,,,,4.00
Ex Nihilo,The Hedonist,https://www.fragrantica.fr/parfum/Ex-Nihilo/The-Hedonist-69225.html,unisexe,Extrait de Parfum,2021,"woody;fresh spicy;citrus;oud;aromatic;warm spicy;fresh;powdery","Bergamote;Gingembre","Bois d'Akigala;Cèdre","Vétiver;Fève de tonka;Musc",,,,,,,,,,4.09
Ex Nihilo,In Paradise Riviera,https://www.fragrantica.fr/parfum/Ex-Nihilo/In-Paradise-Riviera-73008.html,unisexe,Extrait de Parfum,2022,"floral;white floral;musky;fresh;citrus;powdery;rose;tuberose",Bergamote,"Pivoine;Fleur de tiaré;Tubéreuse","Musc;Bois de cachemire",,,,,,,,,,4.23
Ex Nihilo,Devil Tender,https://www.fragrantica.fr/parfum/Ex-Nihilo/Devil-Tender-41266.html,femme,Extrait de Parfum,2016,"rose;powdery;vanilla;citrus;woody;floral;musky;soft spicy;f_gender","Poivre rose;Pêche;Pamplemousse rose;Bergamote","Eau de rose;Rose de Bulgarie;Pétales de rose;Thé","Daim;Héliotrope;Vanille;Bois de santal;Extrait de cèdre blanc",,,,,,,,,,3.79
Ex Nihilo,Electra Gaze,https://www.fragrantica.fr/parfum/Ex-Nihilo/Electra-Gaze-89942.html,femme,Extrait de Parfum,2022,"white floral;citrus;tuberose;lactonic;animalic;sweet;musky;powdery;f_gender","Mandarine;Bergamote","Fleur d'oranger;Tubéreuse;Jasmin","Lait;Musc;Bois de santal",,,,,,,,,,4.19
Ex Nihilo,Explicite,https://www.fragrantica.fr/parfum/Ex-Nihilo/Explicite-59488.html,unisexe,Extrait de Parfum,2020,"floral;sweet;fresh;fresh spicy;woody;soft spicy;powdery;amber","Noix de muscade;Poivre rose","Praliné;Pivoine;Lys;Petalia","Bois de santal;Ambre;Vanille",,,,,,,,,,3.86
Ex Nihilo,Honoré Delights,https://www.fragrantica.fr/parfum/Ex-Nihilo/Honore-Delights-64803.html,femme,Extrait de Parfum,2020,"musky;powdery;woody;citrus;white floral;floral;iris;aromatic;f_gender","Néroli;Bergamote","Ambrette;Iris;Fleur d'oranger","Musc;Bois de santal;Cèdre",,,,,,,,,,4.05
Ex Nihilo,Love Shot,https://www.fragrantica.fr/parfum/Ex-Nihilo/Love-Shot-35810.html,unisexe,Extrait de Parfum,2016,"fruity;leather;musky;sweet;animalic;powdery;smoky;rose",Framboise,Cuir,Musc,,,,,,,,,,3.65
Ex Nihilo,Lust in Paradise,https://www.fragrantica.fr/parfum/Ex-Nihilo/Lust-in-Paradise-53588.html,femme,Extrait de Parfum,2019,"fresh;floral;rose;musky;fruity;tropical;powdery;soft spicy;f_gender",Poivre rose,"Pivoine;Litchi;Petalia","Musc;Extrait de cèdre blanc;Ambre",,,,,,,,,,4.03
Ex Nihilo,Lust In Paradise par Reine Paradis,https://www.fragrantica.fr/parfum/Ex-Nihilo/Lust-In-Paradise-par-Reine-Paradis-71711.html,unisexe,Extrait de Parfum,2019,"fresh;amber;floral;fruity;aldehydic;musky;tropical;rose",Poivre rose,"Notes solaires;Pivoine;Litchi","Ambre gris;Extrait de cèdre blanc;Musc;Fève de tonka;Ambre",,,,,,,,,,4.08
Ex Nihilo,Sweet Morphine,https://www.fragrantica.fr/parfum/Ex-Nihilo/Sweet-Morphine-33574.html,femme,Extrait de Parfum,2015,"powdery;floral;iris;vanilla;earthy;yellow floral;woody;fresh;f_gender","Lilas;Bergamote","Absolu de mimosa;Iris;Rose","Héliotrope;Vanille bourbon;Racine d'iris;Vétiver;Patchouli",,,,,,,,,,3.89
Ex Nihilo,Vendomania,https://www.fragrantica.fr/parfum/Ex-Nihilo/Vendomania-62020.html,unisexe,Extrait de Parfum,,"warm spicy;iris;powdery;citrus;oud;woody;sweet;white floral","Safran;Bergamote","Iris;Praliné;Jasmin","Oud;Bois de santal;Patchouli",,,,,,,,,,4.03
Ex Nihilo,Viper Green,https://www.fragrantica.fr/parfum/Ex-Nihilo/Viper-Green-42906.html,unisexe,Extrait de Parfum,2017,"green;aromatic;citrus;woody;balsamic;earthy;bitter;fruity",Mandarine,Férule gommeuse,Vétiver,,,,,,,,,,3.85
Ex Nihilo,Ambre,https://www.fragrantica.fr/parfum/Ex-Nihilo/Ambre-41433.html,unisexe,Extrait de Parfum,2016,"amber;animalic;powdery;soft spicy",,,,Ambre,,,,,,,,,4.00
Ex Nihilo,Musk,https://www.fragrantica.fr/parfum/Ex-Nihilo/Musk-41432.html,unisexe,Extrait de Parfum,2016,"musky;powdery;animalic;sweet",,,,Musc,,,,,,,,,3.94
Ex Nihilo,Oud,https://www.fragrantica.fr/parfum/Ex-Nihilo/Oud-75609.html,unisexe,Extrait de Parfum,,"woody;warm spicy;aromatic;oud;floral;amber;fruity;fresh spicy","Cardamome;Encens","Osmanthus;Sapin baumier","Notes boisées;Oud;Ambre",,,,,,,,,,4.45
Ex Nihilo,Rose,https://www.fragrantica.fr/parfum/Ex-Nihilo/Rose-119784.html,unisexe,Extrait de Parfum,,"woody;musky;aromatic;rose;citrus;powdery;soft spicy;earthy","Poivre rose;Bergamote",Rose,"Cèdre;Vétiver;Musc",,,,,,,,,,4.33
Ex Nihilo,Supernatural Oud,https://www.fragrantica.fr/parfum/Ex-Nihilo/Supernatural-Oud-75505.html,unisexe,Extrait de Parfum,,"warm spicy;white floral;oud;amber;smoky;balsamic;vanilla;musky","Safran;Rose","Oud;Jasmin;Lysylang","Encens;Vanille;Musc",,,,,,,,,,4.00
Ex Nihilo,Emphasize,https://www.fragrantica.fr/parfum/Ex-Nihilo/Emphasize-119788.html,unisexe,Extrait de Parfum,,"powdery;woody;citrus;patchouli;yellow floral;white floral;vanilla;rose","Ylang-ylang;Bergamote","Jasmin;Rose;Iris","Patchouli;Vanille;Ambre;Musc",,,,,,,,,,4.00
Ex Nihilo,Exalt,https://www.fragrantica.fr/parfum/Ex-Nihilo/Exalt-119785.html,unisexe,Extrait de Parfum,,"musky;white floral;powdery;green;citrus;sweet;animalic;fresh",Thé blanc,Fleur d'oranger,"Poudre de riz;Musc",,,,,,,,,,4.00
Ex Nihilo,Fascinate,https://www.fragrantica.fr/parfum/Ex-Nihilo/Fascinate-119787.html,unisexe,Extrait de Parfum,,"white floral;soft spicy;rose;vanilla;floral;sweet;fresh;balsamic","Poivre rose;Feuilles vertes","Jasmin Sambac;Rose;Cèdre","Vanille;Musc",,,,,,,,,,4.25
Ex Nihilo,Galvanize,https://www.fragrantica.fr/parfum/Ex-Nihilo/Galvanize-119789.html,unisexe,Extrait de Parfum,,"yellow floral;floral;musky;soft spicy;green;rose;aromatic;sweet","Poivre rose;Mandarine","Narcisse;Rose;Tubéreuse","Notes fleuries;Notes solaires;Ambrette;Musc",,,,,,,,,,4.00
Ex Nihilo,MagnetiIze,https://www.fragrantica.fr/parfum/Ex-Nihilo/MagnetiIze-119786.html,unisexe,Extrait de Parfum,,"musky;rose;powdery;woody;floral;patchouli;warm spicy;animalic","Rose;Ambrette","Rose;Bois de santal;Patchouli","Musc;Benjoin",,,,,,,,,,3.67
Ex Nihilo,Blue Talisman Extrait de Parfum,https://www.fragrantica.fr/parfum/Ex-Nihilo/Blue-Talisman-Extrait-de-Parfum-110848.html,unisexe,Extrait de Parfum,2025,"woody;white floral;sweet;citrus;fruity;amber;powdery;aquatic","Poire;Bergamote","Fleur d'oranger;Jasmin Sambac","Amberwood;Ambrofix™;Bois de santal;Musc;Vanille",,,,,,,,,,4.30
Ex Nihilo,Brompton Immortals Extrait de Parfum,https://www.fragrantica.fr/parfum/Ex-Nihilo/Brompton-Immortals-Extrait-de-Parfum-83534.html,unisexe,Extrait de Parfum,2023,"warm spicy;white floral;patchouli;soft spicy;woody;musky;vanilla;rose","Safran;Poivre rose","Lysylang;Jasmin;Rose de Bulgarie","Patchouli;Vanille;Résine oliban;Musc blanc",,,,,,,,,,4.47
Ex Nihilo,Fleur Narcotique Extrait de Parfum,https://www.fragrantica.fr/parfum/Ex-Nihilo/Fleur-Narcotique-Extrait-de-Parfum-75061.html,unisexe,Extrait de Parfum,2022,"floral;fresh;fruity;white floral;citrus;tropical;musky;powdery","Litchi;Osmanthus;Bergamote","Pivoine;Fleur d'oranger;Freesia;Jasmin","Musc;Bois de santal;Mousse",,,,,,,,,,4.27
Ex Nihilo,Gold Immortals Extrait de Parfum,https://www.fragrantica.fr/parfum/Ex-Nihilo/Gold-Immortals-Extrait-de-Parfum-82667.html,unisexe,Extrait de Parfum,2023,"amber;floral;citrus;fresh;vanilla;sweet;fruity;yellow floral","Bergamote;Poire","Pivoine;Lysylang","Ambre;Fève de tonka;Vanille",,,,,,,,,,4.10
Ex Nihilo,Lust in Paradise Extrait,https://www.fragrantica.fr/parfum/Ex-Nihilo/Lust-in-Paradise-Extrait-123614.html,unisexe,Extrait de Parfum,2026,"floral;fruity;rose;woody;musky;fresh;soft spicy;white floral","Rosyfolia;Cassis;Poivre rose;Gingembre","Rose;Petalia;Jasmin Sambac","Musc;Ambrofix™;Bois d'Akigala;Cèdre",,,,,,,,,,4.40
Ex Nihilo,Outcast Blue Extrait de Parfum,https://www.fragrantica.fr/parfum/Ex-Nihilo/Outcast-Blue-Extrait-de-Parfum-75062.html,unisexe,Extrait de Parfum,2022,"woody;oud;tobacco;warm spicy;earthy;fresh spicy;mossy;aromatic","Safran;Poivre noir",Muguet,"Oud;Tabac;Vétiver;Mousse;Bois de santal",,,,,,,,,,4.34
Ex Nihilo,The Hedonist Extrait de Parfum,https://www.fragrantica.fr/parfum/Ex-Nihilo/The-Hedonist-Extrait-de-Parfum-96233.html,unisexe,Extrait de Parfum,2024,"woody;citrus;fresh spicy;aromatic;warm spicy;oud;amber;fresh","Pamplemousse;Gingembre;Bergamote","Bois d'Akigala;Litchi;Cèdre","Amberwood;Vétiver;Patchouli;Fève de tonka",,,,,,,,,,4.44
Ex Nihilo,Vendomania Extrait de Parfum,https://www.fragrantica.fr/parfum/Ex-Nihilo/Vendomania-Extrait-de-Parfum-138916.html,unisexe,Extrait de Parfum,2026,"oud;iris;powdery;warm spicy;earthy;coconut;woody;violet",,,,"Bois de santal;Patchouli;Vanille;Safran;Jasmin;Cuir;Noix de Coco;Praliné;Iris;Oud",,,,,,,,,4.00
Ex Nihilo,Fleur Narcotique Musc,https://www.fragrantica.fr/parfum/Ex-Nihilo/Fleur-Narcotique-Musc-81469.html,unisexe,Extrait de Parfum,2022,"fruity;fresh;white floral;citrus;floral;woody;musky;powdery","Pêche;Bergamote;Litchi","Pivoine;Fleur d'oranger;Jasmin","Bois transparents;Musc;Mousse",,,,,,,,,,3.98
Ex Nihilo,Gold Immortals Musc,https://www.fragrantica.fr/parfum/Ex-Nihilo/Gold-Immortals-Musc-81470.html,unisexe,Extrait de Parfum,2022,"floral;amber;fresh;musky;sweet;citrus;powdery;fruity","Poire;Bergamote","Pivoine;Notes fleuries","Musc;Ambre;Fève de tonka",,,,,,,,,,4.29
Ex Nihilo,The Hedonist Musc,https://www.fragrantica.fr/parfum/Ex-Nihilo/The-Hedonist-Musc-81472.html,unisexe,Extrait de Parfum,2022,"citrus;fresh spicy;woody;aromatic;musky;powdery;vanilla;sweet","Bergamote;Gingembre","Cèdre;Oud","Musc;Fève de tonka;Vétiver",,,,,,,,,,4.41
Ex Nihilo,Amber Sky Signature Rose De Mai,https://www.fragrantica.fr/parfum/Ex-Nihilo/Amber-Sky-Signature-Rose-De-Mai-81770.html,unisexe,Extrait de Parfum,2021,"woody;amber;powdery;rose;animalic;warm spicy;aromatic;floral",,,,"Ambre;Cèdre;Rose de Mai;Bois de santal",,,,,,,,,4.31
Ex Nihilo,Fleur Narcotique Signature Rose De Mai,https://www.fragrantica.fr/parfum/Ex-Nihilo/Fleur-Narcotique-Signature-Rose-De-Mai-69820.html,unisexe,Extrait de Parfum,2021,"rose;floral;fresh;citrus",,,,"Rose de Mai;Pivoine",,,,,,,,,3.92
Ex Nihilo,Venenum Kiss Signature Rose de Mai,https://www.fragrantica.fr/parfum/Ex-Nihilo/Venenum-Kiss-Signature-Rose-de-Mai-75066.html,unisexe,Extrait de Parfum,2021,"woody;rose;vanilla;floral;powdery;sweet;balsamic;soft spicy",,,,"Notes boisées;Rose de Mai;Vanille",,,,,,,,,3.84
Ex Nihilo,Speed Legends Le Mans Classic,https://www.fragrantica.fr/parfum/Ex-Nihilo/Speed-Legends-Le-Mans-Classic-75060.html,homme,Extrait de Parfum,2022,"aromatic;woody;amber;citrus;fruity;soft spicy;herbal;fresh spicy;f_gender","Sauge;Bergamote",Cassis,"Amberwood;Vétiver;Fève de tonka",,,,,,,,,,4.00
Ex Nihilo,Speed Legends Living on the edge,https://www.fragrantica.fr/parfum/Ex-Nihilo/Speed-Legends-Living-on-the-edge-96549.html,unisexe,Extrait de Parfum,2023,"aromatic;soft spicy;fruity;citrus;woody;sweet;earthy;vanilla","Poivre rose;Bergamote;Mandarine","Sauge sclarée;Cassis","Vétiver;Fève de tonka",,,,,,,,,,4.53
Ex Nihilo,Speed Legends Night Drive,https://www.fragrantica.fr/parfum/Ex-Nihilo/Speed-Legends-Night-Drive-96548.html,unisexe,Extrait de Parfum,2024,"woody;amber;patchouli;aromatic;fruity;soft spicy;fresh spicy;warm spicy","Gingembre;Bergamote;Sauge;Poivre rose","Ciste;Cassis","Patchouli;Amberwood;Fève de tonka;Vétiver",,,,,,,,,,4.36
Ex Nihilo,10019 Wonders,https://www.fragrantica.fr/parfum/Ex-Nihilo/10019-Wonders-58828.html,unisexe,Extrait de Parfum,2019,"sweet;cacao;fruity;caramel;almond;vanilla;white floral;warm spicy",,,,"Dattes;Cosse de cacao;Caramel;Amande;Vanille;Fleur d'oranger",,,,,,,,,3.99
Ex Nihilo,Cuir Celeste Par Mathieu Cesar,https://www.fragrantica.fr/parfum/Ex-Nihilo/Cuir-Celeste-Par-Mathieu-Cesar-50755.html,unisexe,Extrait de Parfum,2018,"musky;green;woody;ozonic;floral;leather;aromatic;aquatic","Feuille de violette;Férule gommeuse;Poivre noir;Sauge","Ambrette;Thé;Osmanthus;Jasmin","Cuir;Ambrette;Musc blanc;Bois d'Akigala;Patchouli;Huile essentielle de cypriol",,,,,,,,,,3.84
Giardini Di Toscana,Almafolia,https://www.fragrantica.fr/parfum/Giardini-Di-Toscana/Almafolia-87933.html,unisexe,Eau de Parfum,2023,"white floral;tuberose;sweet;yellow floral;amber;vanilla;woody;animalic",,,,,,,,,,,,,3.45
Giardini Di Toscana,Bianco Latte,https://www.fragrantica.fr/parfum/Giardini-Di-Toscana/Bianco-Latte-64757.html,unisexe,Eau de Parfum,2019,"vanilla;sweet;caramel;honey;balsamic;powdery;musky;aromatic",Caramel,"Coumarine;Miel","Vanille;Musc blanc",,,,,,,,,,4.08
Giardini Di Toscana,Bianco Oro,https://www.fragrantica.fr/parfum/Giardini-Di-Toscana/Bianco-Oro-64756.html,unisexe,Eau de Parfum,,"woody;fresh spicy;warm spicy;soft spicy;musky;amber;rose;patchouli","Poivre rose;Bergamote","Poivre noir;Rose","Javanol;Cetalox;Patchouli",,,,,,,,,,3.27
Giardini Di Toscana,Blu Indaco,https://www.fragrantica.fr/parfum/Giardini-Di-Toscana/Blu-Indaco-64760.html,unisexe,Eau de Parfum,,"musky;almond;floral;citrus;powdery;sweet;vanilla;nutty","Bergamote;Frangipanier;Poivre rose","Amande;Vanille","Musc;Ambroxan",,,,,,,,,,3.82
Giardini Di Toscana,Blu Mare,https://www.fragrantica.fr/parfum/Giardini-Di-Toscana/Blu-Mare-92752.html,unisexe,Eau de Parfum,2024,"aromatic;citrus;woody;marine;fresh spicy;mossy;amber;earthy","Bergamote;Poivre rose;Pamplemousse;Citron","Notes marines;Cyprès","Mousse de chêne;Ambre gris",,,,,,,,,,3.59
Giardini Di Toscana,Borabora,https://www.fragrantica.fr/parfum/Giardini-Di-Toscana/Borabora-81632.html,unisexe,Eau de Parfum,2023,"white floral;sweet;yellow floral;vanilla;coconut;powdery;fruity;caramel","Fleur de tiaré;Ylang-ylang;Jasmin;Abricot","Lait de coco;Musc blanc;Jasmolactone","Vanille;Caramel;Musc blanc;Ambre",,,,,,,,,,3.84
Giardini Di Toscana,Celeste,https://www.fragrantica.fr/parfum/Giardini-Di-Toscana/Celeste-64788.html,unisexe,Eau de Parfum,,"violet;powdery;vanilla;floral;sweet;fruity;marine;amber",,,,,,,,,,,,,3.67
Giardini Di Toscana,Christos,https://www.fragrantica.fr/parfum/Giardini-Di-Toscana/Christos-81631.html,unisexe,Eau de Parfum,2023,"amber;woody;balsamic;warm spicy;smoky;vanilla;powdery;patchouli","Encens;Amber Xtreme;Bergamote","Ciste;Patchouli;Rose","Encens;Bois de santal;Ambre;Benjoin;Poivre rose;Vanille",,,,,,,,,,3.36
Giardini Di Toscana,Colonia Nobile,https://www.fragrantica.fr/parfum/Giardini-Di-Toscana/Colonia-Nobile-77063.html,unisexe,Eau de Parfum,,"citrus;white floral;amber;fresh spicy;aromatic;green;mossy;woody","Bergamote;Petit-grain;Néroli","Benjoin;Jasmin","Mousse de chêne;Ambroxan;Ambrettolide",,,,,,,,,,3.62
Giardini Di Toscana,Eremo,https://www.fragrantica.fr/parfum/Giardini-Di-Toscana/Eremo-64789.html,unisexe,Eau de Parfum,,"woody;aromatic;powdery;fresh spicy;amber;patchouli;ozonic;musky","Cyprès;Mandarine;Pastèque","Genévrier;Patchouli;Bois de santal;Cèdre","Ambre;Musc blanc",,,,,,,,,,3.17
Giardini Di Toscana,Oro e Miele,https://www.fragrantica.fr/parfum/Giardini-Di-Toscana/Oro-e-Miele-128151.html,unisexe,Eau de Parfum,2026,"vanilla;sweet;floral;powdery;honey;amber;coconut;woody","Fleur d'amandier;Héliotrope;Rose","Miel;Vanille;Noix de Coco;Baies","Fève de tonka;Iris;Musc blanc;Benjoin;Bois de santal;Cèdre",,,,,,,,,,3.87
Giardini Di Toscana,Ricordami,https://www.fragrantica.fr/parfum/Giardini-Di-Toscana/Ricordami-128152.html,unisexe,Eau de Parfum,2026,"green;fresh;aromatic;woody;aquatic;amber;earthy;fruity","Feuille de figuier;Férule gommeuse;Bergamote;Citron;Orange douce","Bourgeon de cassis;Notes aquatiques;Melon;Muguet;Noix de Coco;Magnolia","Ambre gris;Vétiver;Mousse de chêne;Cèdre;Ambrette;Benjoin",,,,,,,,,,3.41
Giardini Di Toscana,Rosso Radice,https://www.fragrantica.fr/parfum/Giardini-Di-Toscana/Rosso-Radice-64759.html,unisexe,Eau de Parfum,,"aromatic;musky;soft spicy;woody;amber;citrus;earthy;powdery","Poivre rose;Sauge sclarée;Bergamote",Bois de cachemire,"Vétiver;Ambroxan;Ambrettolide",,,,,,,,,,3.28
Giardini Di Toscana,Rosso Rubino,https://www.fragrantica.fr/parfum/Giardini-Di-Toscana/Rosso-Rubino-64790.html,unisexe,Eau de Parfum,,"woody;citrus;mossy;earthy;warm spicy;sweet;musky;aromatic","Bergamote;Citron;Orange","Cosse de cacao;Rose;Baies sauvages","Mousse de chêne;Poivre rose;Bois de cachemire;Coumarine;Patchouli",,,,,,,,,,3.56
Giardini Di Toscana,Scintilla,https://www.fragrantica.fr/parfum/Giardini-Di-Toscana/Scintilla-81630.html,unisexe,Eau de Parfum,2023,"woody;fruity;amber;musky;powdery;earthy;violet;sweet","Iso E Super;Pomme;Ananas;Cassis;Poire","Iris;Violette;Jasmin","Iso E Super;Mousse de chêne;Poivre rose;Patchouli;Ambre",,,,,,,,,,3.32
Giardini Di Toscana,Shabby Chic,https://www.fragrantica.fr/parfum/Giardini-Di-Toscana/Shabby-Chic-64758.html,unisexe,Eau de Parfum,,"rose;floral;musky;fresh;white floral;woody;powdery;animalic",Pivoine,"Rose de Bulgarie;Fleurs blanches","Musc;Javanol;Cèdre",,,,,,,,,,3.55
Giardini Di Toscana,Verde Respiro,https://www.fragrantica.fr/parfum/Giardini-Di-Toscana/Verde-Respiro-128153.html,unisexe,Eau de Parfum,2026,"fruity;earthy;mossy;sweet;aromatic;woody;patchouli;citrus","Mûre;Bergamote","Sauge sclarée;Lavande","Mousse de chêne;Baies;Patchouli;Ambre gris;Iris;Vanille",,,,,,,,,,3.80
Giardini Di Toscana,Bianco Latte Limited Edition,https://www.fragrantica.fr/parfum/Giardini-Di-Toscana/Bianco-Latte-Limited-Edition-88107.html,unisexe,Extrait de Parfum,2023,"vanilla;sweet;caramel;honey;balsamic;powdery;musky;aromatic",,,,,,,,,,,,,4.33
Giardini Di Toscana,Borabora Limited Edition,https://www.fragrantica.fr/parfum/Giardini-Di-Toscana/Borabora-Limited-Edition-88108.html,unisexe,Eau de Parfum,2023,"sweet;vanilla;white floral;powdery;amber;caramel;coconut;musky","Fleur de tiaré;Ylang-ylang;Abricot;Jasmin","Jasmolactone;Lait de coco;Musc blanc","Vanille;Caramel;Ambre;Musc blanc",,,,,,,,,,4.00
Giardini Di Toscana,Christos Limited Edition,https://www.fragrantica.fr/parfum/Giardini-Di-Toscana/Christos-Limited-Edition-88106.html,unisexe,Eau de Parfum,2023,"amber;woody;balsamic;warm spicy;vanilla;powdery;citrus;rose","Amber Xtreme;Bergamote;Encens","Ciste;Patchouli;Rose","Bois de santal;Poivre rose;Vanille;Benjoin;Ambre;Encens",,,,,,,,,,4.40
Marc-Antoine Barrois,B683 Extrait,https://www.fragrantica.fr/parfum/Marc-Antoine-Barrois/B683-Extrait-64653.html,unisexe,Eau de Parfum,2020,"warm spicy;oud;fruity;fresh spicy;woody;ozonic;green;aquatic",,,,"Safraleine;Pomme verte;Oud;Feuille de violette;Feuille de patchouli d'Indonésie;Cumin;Poivre rose;Santal d'Australie;Vanille",,,,,,,,,4.07
Marc-Antoine Barrois,Aldebaran,https://www.fragrantica.fr/parfum/Marc-Antoine-Barrois/Aldebaran-105331.html,unisexe,Eau de Parfum,2025,"tuberose;white floral;warm spicy;aromatic;fresh;animalic;green;fresh spicy",Tubéreuse,"Paprika;Maté",Fève de tonka,,très longue tenue,puissant,,,,,,,3.23
Marc-Antoine Barrois,B683,https://www.fragrantica.fr/parfum/Marc-Antoine-Barrois/B683-46802.html,homme,Eau de Parfum,2016,"warm spicy;amber;fresh spicy;musky;woody;ozonic;aquatic;powdery;f_gender","Safran;Poivre noir;Noix de muscade;Piment rouge","Feuille de violette;Musc;Ciste;Ambre","Ambroxan;Patchouli;Bois de santal;Mousse de chêne",,modéré (e),modéré (e),,,,,,,3.96
Marc-Antoine Barrois,B87.135,https://www.fragrantica.fr/parfum/Marc-Antoine-Barrois/B87-135-129505.html,unisexe,Eau de Parfum,2026,"leather;warm spicy;iris;tobacco;woody;earthy;rose;powdery",,,,"Safran;Cuir;Racine d'iris;Rose;Tabac;Beurre;Poivre rose;Georgywood;Patchouli;Vétiver de Haïti;Cèdre;Ambrette;Myrrhe",,,,,,,,,3.59
Marc-Antoine Barrois,Encelade,https://www.fragrantica.fr/parfum/Marc-Antoine-Barrois/Encelade-74121.html,unisexe,Eau de Parfum,2022,"woody;aromatic;earthy;green;powdery;vanilla;sweet;warm spicy",Rhubarbe,Cèdre,"Vétiver;Bois de santal;Fève de tonka;Cuir",,longue tenue,énorme,,,,,,,3.76
Marc-Antoine Barrois,Ganymede,https://www.fragrantica.fr/parfum/Marc-Antoine-Barrois/Ganymede-54720.html,unisexe,Eau de Parfum,2019,"mineral;warm spicy;leather;woody;oud;musky;metallic;powdery","Safran;Mandarine d'Italie","Osmanthus de Chine;Immortelle;Feuille de violette","Notes minérales;Daim;Bois d'Akigala;Musc;Cèdre;Patchouli",,,,,,,,,,4.04
Marc-Antoine Barrois,Ganymede Extrait,https://www.fragrantica.fr/parfum/Marc-Antoine-Barrois/Ganymede-Extrait-79632.html,unisexe,Eau de Parfum,2023,"warm spicy;herbal;amber;sweet;oud;woody;balsamic;smoky","Encens;Myrrhe;Mandarine",Immortelle,"Bois d'Akigala;Safraleine",,,,,,,,,,3.62
Marc-Antoine Barrois,Tilia,https://www.fragrantica.fr/parfum/Marc-Antoine-Barrois/Tilia-91688.html,unisexe,Eau de Parfum,2024,"yellow floral;white floral;sweet;floral;powdery;honey;green;vanilla","Fleur de tilleul;Jasmin Sambac;Genêt","Fleur d'oranger;Héliotrope;Vétiver","Ambrofix™;Georgywood",,très longue tenue,modéré (e),,,,,,,4.08
Mes Bisous,A Wondrous Flight,https://www.fragrantica.fr/parfum/Mes-Bisous/A-Wondrous-Flight-91357.html,unisexe,Eau de Parfum,2024,"citrus;fresh spicy;aromatic;earthy;woody;musky;powdery;fresh","Pamplemousse;Bergamote;Citron;Mandarine","Gingembre;Poivre rose;Jasmin;Iris","Musc;Cuir;Vétiver;Patchouli;Mousse;Ambre",,,,,,,,,,4.27
Mes Bisous,Amberique,https://www.fragrantica.fr/parfum/Mes-Bisous/Amberique-73510.html,unisexe,Eau de Parfum,2022,"amber;warm spicy;soft spicy;rose;cinnamon;citrus;sweet;cacao","Poivre rose;Cannelle;Pamplemousse","Rose;Rhum;Cosse de cacao","Ambre;Vanille;Patchouli",,,,,,,,,,3.75
Mes Bisous,Balle Rouge,https://www.fragrantica.fr/parfum/Mes-Bisous/Balle-Rouge-83017.html,unisexe,Eau de Parfum,2023,"powdery;vanilla;iris;amber;citrus;violet;sweet;musky",,,,,,,,,,,,,4.22
Mes Bisous,Crumble Me Softly,https://www.fragrantica.fr/parfum/Mes-Bisous/Crumble-Me-Softly-116135.html,unisexe,Eau de Parfum,2025,"warm spicy;sweet;earthy;woody;fresh spicy;oud;chocolate;patchouli","Chocolat;Cookie;Caramel","Safran;Noix de muscade;Lavande","Oud;Patchouli;Huile essentielle de cypriol;Mousse;Ambre",,,,,,,,,,4.19
Mes Bisous,One Night Only,https://www.fragrantica.fr/parfum/Mes-Bisous/One-Night-Only-73513.html,unisexe,Eau de Parfum,2022,"woody;ozonic;leather;powdery;warm spicy;aquatic;iris;animalic","Feuille de violette;Cardamome","Iris;Cèdre;Papyrus","Bois de santal;Cuir",,longue tenue,puissant,,,,,,,4.05
Mes Bisous,Oud Hypnotique,https://www.fragrantica.fr/parfum/Mes-Bisous/Oud-Hypnotique-73958.html,unisexe,Eau de Parfum,2022,"warm spicy;oud;rose;patchouli;fresh spicy;cinnamon;vanilla;metallic","Safran;Cannelle;Poivre noir","Rose de Turquie;Pamplemousse","Oud;Patchouli;Vanille",,longue tenue,puissant,,,,,,,4.32
Mes Bisous,Out of Reach,https://www.fragrantica.fr/parfum/Mes-Bisous/Out-of-Reach-132352.html,unisexe,Eau de Parfum,2026,"citrus;fresh;sweet;marine;fruity;musky;woody;fresh spicy","Citron vert;Gingembre;Gelato;Poire;Citron;Mandarine;Poivre rose","Notes aquatiques;Glace;Sel de mer;Freesia","Absolu de vanille;Musc;Bois de cachemire;Mousse;Bois de santal;Ambre",,,,,,,,,,4.44
Mes Bisous,Passion Island,https://www.fragrantica.fr/parfum/Mes-Bisous/Passion-Island-100844.html,unisexe,Eau de Parfum,2024,"fruity;sweet;tropical;citrus;fresh;woody;fresh spicy;powdery","Gingembre;Citron vert;Poivre rose;Citron;Bergamote","Fruit de la passion;Mangue;Ananas;Nectarine;Cassis","Ambre;Bois de santal;Cèdre;Patchouli;Musc;Vanille",,longue tenue,puissant,,,,,,,4.25
Mes Bisous,Tobacco Flirting With Vanilla,https://www.fragrantica.fr/parfum/Mes-Bisous/Tobacco-Flirting-With-Vanilla-73512.html,unisexe,Eau de Parfum,2022,"sweet;tobacco;vanilla;cherry;white floral;soft spicy;powdery;fruity","Cerise;Bergamote","Lys;Cannelle","Tabac;Vanille;Vétiver",,longue tenue,modéré (e),,,,,,,4.02
Reinvented,Aether Aura,https://www.fragrantica.fr/parfum/Reinvented/Aether-Aura-134866.html,unisexe,Eau de Parfum,2026,"fruity;tropical;iris;powdery;fresh;citrus;sweet;musky","Citron;Bergamote;Gingembre;Poivre rose","Kiwi;Iris;Ananas;Géranium","Musc;Vétiver;Ambre",,,,,,,,,,4.62
Reinvented,Enigmatic Aura,https://www.fragrantica.fr/parfum/Reinvented/Enigmatic-Aura-103314.html,unisexe,Eau de Parfum,2025,"musky;earthy;oud;herbal;fresh spicy;powdery;woody;aromatic",Safran,"Nard de l'Himalaya (Jatamansi);Huile essentielle de cypriol","Musc;Oud;Bois de cachemire;Vanille",,très longue tenue,puissant,,,,,,,4.30
Reinvented,Epiphany,https://www.fragrantica.fr/parfum/Reinvented/Epiphany-80334.html,unisexe,Eau de Parfum,2023,"warm spicy;woody;citrus;fresh spicy;smoky;amber;leather;powdery","Safran;Citron vert;Bergamote","Racine d'iris;Poivre noir;Cardamome;Cananga;Rose","Encens;Patchouli;Cèdre;Bouleau;Musc;Benjoin;Réglisse",,longue tenue,modéré (e),,,,,,,3.25
Reinvented,Ethereal Soul,https://www.fragrantica.fr/parfum/Reinvented/Ethereal-Soul-90781.html,unisexe,Eau de Parfum,2024,"musky;fruity;mossy;sweet;powdery;earthy;cherry;woody","Cerise;Bergamote;Citron","Framboise;Iris;Cassis;Jasmin;Freesia","Musc;Mousse;Ambre",,longue tenue,puissant,,,,,,,4.08
Reinvented,Eureka,https://www.fragrantica.fr/parfum/Reinvented/Eureka-80332.html,unisexe,Extrait de Parfum,2023,"warm spicy;patchouli;woody;fresh spicy;ozonic;aquatic;white floral;earthy","Feuille de violette;Café;Bergamote","Noix de muscade;Jasmin;Cardamome;Poivre noir","Patchouli;Bois de santal;Baume de Tolu;Styrax",,modéré (e),modéré (e),,,,,,,3.96
Reinvented,Illusion,https://www.fragrantica.fr/parfum/Reinvented/Illusion-80331.html,unisexe,Extrait de Parfum,2023,"warm spicy;sweet;woody;aromatic;caramel;fresh spicy;powdery;metallic","Barbe à papa;Baies de genévrier;Fruits secs","Clou de girofle;Safran;Rose","Cèdre;Vanille;Ambre;Baume gurjum;Cabreuva",,modéré (e),modéré (e),,,,,,,3.74
Reinvented,Lucid Dream,https://www.fragrantica.fr/parfum/Reinvented/Lucid-Dream-103315.html,unisexe,Extrait de Parfum,2025,"fruity;warm spicy;oud;sweet;rose;patchouli;woody;metallic","Safran;Framboise;Prune","Safran;Rose;Fleurs blanches","Oud;Patchouli;Bois de santal",,longue tenue,modéré (e),,,,,,,3.84
Reinvented,Ode To Psyche,https://www.fragrantica.fr/parfum/Reinvented/Ode-To-Psyche-90780.html,unisexe,Extrait de Parfum,2024,"woody;musky;aromatic;soft spicy;fresh spicy;powdery;amber;balsamic","Poivre rose;Géranium;Genévrier","Bois de cachemire;Cèdre;Patchouli","Musc blanc;Vétiver;Ambre",,longue tenue,modéré (e),,,,,,,3.89
Reinvented,Pheromones,https://www.fragrantica.fr/parfum/Reinvented/Pheromones-80333.html,unisexe,Eau de Parfum,2023,"aromatic;warm spicy;woody;musky;powdery;balsamic;amber;vanilla","Poivre rose;Safran;Bergamote","Élémi;Cardamome;Jasmin;Rose;Racine d'iris","Ciste;Musc;Vanille;Bois de santal;Vétiver;Huile essentielle de cypriol",,longue tenue,modéré (e),,,,,,,3.89
Reinvented,Sacred Bond,https://www.fragrantica.fr/parfum/Reinvented/Sacred-Bond-80335.html,unisexe,Eau de Parfum,2023,"sweet;citrus;fruity;white floral;caramel;amber;warm spicy;musky","Framboise;Mandarine;Bergamote","Gardénia;Jasmin;Rose","Caramel;Musc blanc;Safran;Benjoin;Vanille;Ambre;Bois de santal",,longue tenue,modéré (e),,,,,,,4.21
Room 1015,Atramental,https://www.fragrantica.fr/parfum/Room-1015/Atramental-30277.html,unisexe,Extrait de Parfum,2015,"warm spicy;leather;citrus;fresh spicy;amber;smoky;woody;aromatic","Notes aquatiques;Bergamote;Agrumes;Citron","Poivre noir;Cardamome","Castoréum;Résines;Safran",,modéré (e),modéré (e),,,,,,,3.60
Room 1015,Blomma Cult,https://www.fragrantica.fr/parfum/Room-1015/Blomma-Cult-30276.html,unisexe,Extrait de Parfum,2015,"powdery;musky;woody;cinnamon;warm spicy;floral;iris;citrus","Lilas;Bergamote","Bois de cachemire;Iris;Patchouli","Cannelle;Musc blanc;Vanille",,modéré (e),modéré (e),,,,,,,3.66
Room 1015,Cherry Punk,https://www.fragrantica.fr/parfum/Room-1015/Cherry-Punk-61264.html,unisexe,Extrait de Parfum,2020,"leather;cherry;sweet;animalic;warm spicy;smoky;vanilla;nutty","Cerise;Safran;Poivre du Sichuan","Violette;Mimosa;Jasmin","Cuir;Fève de tonka;Patchouli",,modéré (e),modéré (e),,,,,,,4.13
Room 1015,Cherry Punk Extrait de Parfum,https://www.fragrantica.fr/parfum/Room-1015/Cherry-Punk-Extrait-de-Parfum-89051.html,unisexe,Extrait de Parfum,2023,"cherry;sweet;warm spicy;fresh spicy;vanilla;metallic;nutty;leather","Cerise;Safran;Poivre du Sichuan","Violette;Mimosa;Jasmin","Cuir noir;Fève de tonka;Patchouli",,longue tenue,modéré (e),,,,,,,4.29
Room 1015,Electric Wood,https://www.fragrantica.fr/parfum/Room-1015/Electric-Wood-30278.html,unisexe,Extrait de Parfum,2015,"woody;amber;powdery;iris;musky;fresh spicy;earthy;balsamic","Cèdre;Ambroxan","Résines;Chêne","Iris;Noix de muscade",,modéré (e),modéré (e),,,,,,,3.76
Room 1015,Electric Wood Extrait,https://www.fragrantica.fr/parfum/Room-1015/Electric-Wood-Extrait-117040.html,unisexe,Extrait de Parfum,2025,"vanilla;mossy;fresh spicy;earthy;powdery;woody;sweet;balsamic",Noix de muscade,Mousse de chêne,Vanille,,longue tenue,modéré (e),,,,,,,3.89
Room 1015,Hollyrose,https://www.fragrantica.fr/parfum/Room-1015/Hollyrose-46824.html,unisexe,Extrait de Parfum,2017,"rose;leather;fruity;animalic;floral;fresh spicy;woody;patchouli","Cassis;Poivre noir","Huile essentielle de rose;Orchidée","Cuir;Patchouli",,modéré (e),modéré (e),,,,,,,3.61
Room 1015,Jasmine Freak,https://www.fragrantica.fr/parfum/Room-1015/Jasmine-Freak-102590.html,unisexe,Extrait de Parfum,2025,"white floral;fruity;sweet;tuberose;tropical;woody;yellow floral;musky","Mangue;Orange douce;Cassis;Poivre noir","Tubéreuse d'Inde;Jasmin d'Egypte;Ylang-ylang","Musc;Bois de cachemire",,modéré (e),modéré (e),,,,,,,4.04
Room 1015,Love-O-Matic,https://www.fragrantica.fr/parfum/Room-1015/Love-O-Matic-108668.html,unisexe,Extrait de Parfum,2025,"musky;fruity;ozonic;sweet;powdery;citrus;floral;tropical","Fraise;Citron;Cassis","Notes d'ozone;Bubblegum","Musc;Ambrette;Cèdre",,modéré (e),modéré (e),,,,,,,4.17
Room 1015,Poppy Riot,https://www.fragrantica.fr/parfum/Room-1015/Poppy-Riot-125384.html,unisexe,Extrait de Parfum,2026,"sweet;warm spicy;tobacco;lactonic;citrus;fruity;woody;metallic","Bigarade;Prune séchée;Mandarine verte","Safran;Lait;Pavot;Davana","Fève de tonka;Notes boisées;Tabac;Musc",,longue tenue,modéré (e),,,,,,,3.64
Room 1015,Power Ballad,https://www.fragrantica.fr/parfum/Room-1015/Power-Ballad-35667.html,unisexe,Extrait de Parfum,2016,"aromatic;citrus;fresh spicy;woody;green;soft spicy;earthy;anis","Citron vert;Menthe poivrée;Bergamote;Pamplemousse","Coriandre;Genévrier;Cumin;Anis","Vétiver;Cèdre;Bourgeon de peuplier;Ciste",,modéré (e),modéré (e),,,,,,,3.78
Room 1015,Purple Mantra,https://www.fragrantica.fr/parfum/Room-1015/Purple-Mantra-73651.html,unisexe,Extrait de Parfum,2022,"amber;aromatic;smoky;balsamic;warm spicy;soft spicy;floral;lavender","Lavande;Poivre rose;Freesia","Sauge sclarée;Iris;Notes fleuries","Encens;Myrrhe;Ambroxan;Musc",,modéré (e),modéré (e),,,,,,,3.78
Room 1015,Sonic Flower,https://www.fragrantica.fr/parfum/Room-1015/Sonic-Flower-80011.html,unisexe,Extrait de Parfum,2023,"powdery;musky;iris;amber;woody;soft spicy;earthy;white floral","Graines de carotte;Poivre rose","Racine d'iris;Jasmin","Musc;Ambroxan;Bois de cachemire",,modéré (e),discret,,,,,,,4.00
Room 1015,Sweet Leaf,https://www.fragrantica.fr/parfum/Room-1015/Sweet-Leaf-67270.html,unisexe,Extrait de Parfum,2021,"aromatic;cannabis;woody;citrus;camphor;musky;herbal;green",,,,"Cannabis;Eucalyptus;Pamplemousse;Angélique;Jasmin",modéré (e),modéré (e),,,,,,,3.63
Room 1015,Ten Fifteen,https://www.fragrantica.fr/parfum/Room-1015/Ten-Fifteen-55031.html,unisexe,Extrait de Parfum,2019,"woody;powdery;warm spicy;violet;citrus;iris;leather;metallic","Safran;Mandarine","Violette;Iris","Bois de santal;Gaïac;Papyrus",,,,,,,,,,3.88
Room 1015,Wasabi Klub,https://www.fragrantica.fr/parfum/Room-1015/Wasabi-Klub-135327.html,unisexe,Extrait de Parfum,2026,"citrus;fresh spicy;green;sweet;mineral;bitter;conifer;woody","Yuzu;Citron vert;Pamplemousse","Wasabi;Timur;Poivre noir;Poivre;Poivre du Sichuan","Concrète;Orcanox™;Amberwood",,modéré (e),modéré (e),,,,,,,3.91
Room 1015,Wavechild,https://www.fragrantica.fr/parfum/Room-1015/Wavechild-91364.html,unisexe,Extrait de Parfum,2024,"ozonic;aquatic;citrus;amber;coconut;sweet;fruity;animalic","Mandarine;Orange;Citron","Pastèque;Noix de Coco","Ambre gris;Amberwood;Cacao",,modéré (e),modéré (e),,,,,,,4.05
Room 1015,Yesterday,https://www.fragrantica.fr/parfum/Room-1015/Yesterday-43085.html,unisexe,Extrait de Parfum,2017,"aromatic;fresh spicy;herbal;woody;warm spicy;citrus;lavender;earthy","Cardamome;Thym;Bergamote;Orange;Basilic","Lavande;Géranium;Armoise;Carvi","Vétiver;Bois de santal;Musc blanc;Fève de tonka;Amberwood",,modéré (e),modéré (e),,,,,,,3.57
Frederic Malle Editions de Parfums,Acne Studios,https://www.fragrantica.fr/parfum/Frederic-Malle-Editions-de-Parfums/Acne-Studios-91209.html,unisexe,Eau de Parfum,2024,"aldehydic;powdery;fresh;woody;white floral;musky;fruity;soapy","Aldéhydes;Mandarine;Bergamote","Pêche;Fleur d'oranger;Violette;Rose;Muguet;Jasmin","Musc;Iso E Super;Bois de santal;Encens;Vanille;Héliotrope",,longue tenue,modéré (e),,,,,,,3.94
Frederic Malle Editions de Parfums,Angéliques Sous La Pluie,https://www.fragrantica.fr/parfum/Frederic-Malle-Editions-de-Parfums/Angeliques-Sous-La-Pluie-1023.html,unisexe,Eau de Parfum,2000,"musky;aromatic;woody;powdery;amber;soft spicy;fresh spicy;sweet",,,,"Angélique;Genévrier;Poivre rose;Cèdre;Coriandre;Musc",,,,,,,,,4.06
Frederic Malle Editions de Parfums,Bigarade Concentree,https://www.fragrantica.fr/parfum/Frederic-Malle-Editions-de-Parfums/Bigarade-Concentree-4770.html,unisexe,Eau de Parfum,2002,"citrus;green;fresh;fresh spicy;woody;herbal;rose;aldehydic","Bigarade;Mandarine;Pamplemousse;Thé;Cardamome;Poivre rose;Cassis","Rose;Carvi;Néroli;Chèvrefeuille;Racine d'iris","Herbe;Foin;Cèdre;Musc;Fève de tonka",,,,,,,,,,4.14
Frederic Malle Editions de Parfums,Carnal Flower,https://www.fragrantica.fr/parfum/Frederic-Malle-Editions-de-Parfums/Carnal-Flower-1024.html,unisexe,Eau de Parfum,2005,"woody;coconut;camphor;white floral;sweet;musky;tuberose;aromatic","Eucalyptus;Melon;Bergamote;Férule gommeuse","Noix de Coco;Tubéreuse;Jasmin;Ylang-ylang;Fleur d'oranger","Musc blanc;Notes animales;Ambre",,,,,,,,,,4.15
Frederic Malle Editions de Parfums,Cologne Bigarade,https://www.fragrantica.fr/parfum/Frederic-Malle-Editions-de-Parfums/Cologne-Bigarade-4769.html,unisexe,Eau de Parfum,2001,"citrus;green;fresh;rose;fresh spicy;woody;herbal;floral",Bigarade,Rose,"Herbe;Foin;Cèdre",,,,,,,,,,4.10
Frederic Malle Editions de Parfums,Cologne Indélébile,https://www.fragrantica.fr/parfum/Frederic-Malle-Editions-de-Parfums/Cologne-Indelebile-30353.html,unisexe,Eau de Parfum,2015,"citrus;white floral;aromatic;musky;fresh spicy;green;fresh;powdery","Bergamote;Citron;Romarin","Néroli;Fleur d'oranger;Narcisse;Géranium","Musc;Patchouli;Benjoin",,,,,,,,,,4.08
Frederic Malle Editions de Parfums,Contre-Jour,https://www.fragrantica.fr/parfum/Frederic-Malle-Editions-de-Parfums/Contre-Jour-123999.html,unisexe,Eau de Parfum,2026,"herbal;warm spicy;sweet;rose;woody;tobacco;powdery;floral",Immortelle,"Rose;Narcisse",Bois de santal,,,,,,,,,,3.88
Frederic Malle Editions de Parfums,Dans Tes Bras,https://www.fragrantica.fr/parfum/Frederic-Malle-Editions-de-Parfums/Dans-Tes-Bras-3976.html,unisexe,Eau de Parfum,2008,"woody;powdery;musky;violet;aromatic;amber;floral;balsamic",,,,"Violette;Musc;Pin;Bois de cachemire;Héliotrope;Notes boisées;Bois de santal;Patchouli;Encens;Jasmin",,,,,,,,,3.83
Frederic Malle Editions de Parfums,Eau De Magnolia,https://www.fragrantica.fr/parfum/Frederic-Malle-Editions-de-Parfums/Eau-De-Magnolia-25042.html,unisexe,Eau de Parfum,2014,"citrus;floral;woody;aromatic;earthy;fresh spicy;mossy;green","Bergamote de Calabre;Citron;Notes vertes","Magnolia;Vétiver;Patchouli;Calone;Jasmin","Mousse;Cèdre;Ambre",,,,,,,,,,3.96
Frederic Malle Editions de Parfums,En Passant,https://www.fragrantica.fr/parfum/Frederic-Malle-Editions-de-Parfums/En-Passant-2793.html,femme,Eau de Parfum,2000,"floral;fresh;green;ozonic;aquatic;musky;soft spicy;powdery;f_gender",,,,"Lilas;Concombre;Musc blanc;Cèdre",,,,,,,,,4.17
Frederic Malle Editions de Parfums,French Lover,https://www.fragrantica.fr/parfum/Frederic-Malle-Editions-de-Parfums/French-Lover-1022.html,homme,Eau de Parfum,2007,"woody;musky;amber;aromatic;green;earthy;powdery;mossy;f_gender","Férule gommeuse;Genévrier;Poivre;Feuille de violette;Poivre rose","Angélique;Cèdre;Encens;Racine d'iris","Vétiver;Mousse de chêne;Musc blanc;Ambre",,,,,,,,,,4.07
Frederic Malle Editions de Parfums,Geranium Pour Monsieur,https://www.fragrantica.fr/parfum/Frederic-Malle-Editions-de-Parfums/Geranium-Pour-Monsieur-5911.html,homme,Eau de Parfum,2009,"aromatic;fresh spicy;green;warm spicy;rose;amber;anis;herbal;f_gender","Menthe;Géranium;Badiane de Chine;Basilic","Clou de girofle;Cannelle;Eucalyptus;Muguet","Musc;Bois de santal;Encens;Styrax;Benjoin;Ambroxan",,,,,,,,,,4.00
Frederic Malle Editions de Parfums,Heaven Can Wait,https://www.fragrantica.fr/parfum/Frederic-Malle-Editions-de-Parfums/Heaven-Can-Wait-83297.html,unisexe,Eau de Parfum,2023,"powdery;warm spicy;musky;iris;woody;fruity;floral;earthy","Clou de girofle;Graines de carotte;Ambrette;Graines de piment de la Jamaïque;Prune;Noix de muscade","Iris;Vétiver;Bois de cachemire;Magnolia;Cèdre","Musc;Pêche;Vanille",,,,,,,,,,3.75
Frederic Malle Editions de Parfums,Iris Poudre,https://www.fragrantica.fr/parfum/Frederic-Malle-Editions-de-Parfums/Iris-Poudre-4771.html,femme,Eau de Parfum,2000,"powdery;woody;iris;violet;musky;floral;earthy;white floral;f_gender","Ylang-ylang;Œillet;Aldéhydes;Palissandre;Bergamote;Orange;Genévrier;Pamplemousse","Violette;Lys;Jasmin;Rose;Magnolia;Racine d'iris;Pêche;Cuir;Cyclamen","Iris;Musc;Bois de santal;Vétiver;Vanille;Ambre;Ébène;Cèdre;Fève de tonka",,,,,,,,,,4.06
Frederic Malle Editions de Parfums,L'Eau d'Hiver,https://www.fragrantica.fr/parfum/Frederic-Malle-Editions-de-Parfums/L-Eau-d-Hiver-2797.html,unisexe,Eau de Parfum,2003,"musky;powdery;citrus;floral;fresh spicy;violet;sweet;green","Bergamote;Notes vertes;Poivre rose;Citron;Calamus;Pamplemousse","Héliotrope;Iris;Violette;Aubépine;Miel;Muguet;Jasmin;Fleur d'oranger;Rose;Ylang-ylang","Musc blanc;Angélique;Foin;Cèdre;Bois de santal;Fève de tonka;Benjoin;Ambre",,,,,,,,,,4.22
Frederic Malle Editions de Parfums,Le Parfum de Therese,https://www.fragrantica.fr/parfum/Frederic-Malle-Editions-de-Parfums/Le-Parfum-de-Therese-4772.html,unisexe,Eau de Parfum,2000,"fruity;sweet;citrus;woody;ozonic;rose;leather;aquatic","Melon;Tangerine","Prune;Rose","Cuir;Vétiver;Cèdre",,,,,,,,,,3.94
Frederic Malle Editions de Parfums,Lipstick Rose,https://www.fragrantica.fr/parfum/Frederic-Malle-Editions-de-Parfums/Lipstick-Rose-2799.html,femme,Eau de Parfum,2000,"powdery;vanilla;iris;fruity;violet;sweet;amber;earthy;f_gender","Framboise;Litchi;Notes vertes;Pamplemousse;Férule gommeuse;Bergamote;Citron","Iris;Violette;Rose;Héliotrope;Muguet;Clou de girofle","Vanille;Ambre;Musc blanc;Patchouli;Cèdre;Cuir;Mousse;Vétiver",,,,,,,,,,4.05
Frederic Malle Editions de Parfums,Lys Mediterranee,https://www.fragrantica.fr/parfum/Frederic-Malle-Editions-de-Parfums/Lys-Mediterranee-4640.html,unisexe,Eau de Parfum,2000,"white floral;musky;marine;floral;aquatic;powdery;soft spicy;aromatic","Eau de mer;Gingembre;Bergamote;Citron","Lys;Lotus;Angélique;Fleur d'oranger;Freesia;Tubéreuse;Ylang-ylang","Musc;Vanille;Cèdre;Ambre",,,,,,,,,,4.14
Frederic Malle Editions de Parfums,Monsieur,https://www.fragrantica.fr/parfum/Frederic-Malle-Editions-de-Parfums/Monsieur-32590.html,homme,Eau de Parfum,2015,"woody;patchouli;amber;warm spicy;balsamic;smoky;rum;earthy;f_gender","Rhum;Tangerine","Patchouli;Encens;Cèdre;Ambre","Musc;Vanille;Daim;Ciste",,,,,,,,,,4.07
Frederic Malle Editions de Parfums,Musc Ravageur,https://www.fragrantica.fr/parfum/Frederic-Malle-Editions-de-Parfums/Musc-Ravageur-1801.html,unisexe,Eau de Parfum,2000,"warm spicy;vanilla;powdery;musky;woody;cinnamon;amber;sweet","Lavande;Tangerine;Bergamote;Coriandre;Néroli","Cannelle;Clou de girofle;Racine d'iris;Rose;Osmanthus","Musc;Vanille;Fève de tonka;Ambre;Bois de santal;Gaïac;Cèdre;Notes animales;Patchouli",,modéré (e),énorme,,,,,,,4.20
Frederic Malle Editions de Parfums,Music For a While,https://www.fragrantica.fr/parfum/Frederic-Malle-Editions-de-Parfums/Music-For-a-While-47795.html,unisexe,Eau de Parfum,2018,"sweet;fruity;lavender;patchouli;aromatic;fresh spicy;tropical;woody","Lavande;Notes fruitées;Anis;Mandarine;Bergamote","Ananas;Géranium","Patchouli;Caramel;Sucre;Vanille;Ciste",,,,,,,,,,3.94
Frederic Malle Editions de Parfums,Noir Epices,https://www.fragrantica.fr/parfum/Frederic-Malle-Editions-de-Parfums/Noir-Epices-2800.html,unisexe,Eau de Parfum,2000,"fresh spicy;warm spicy;rose;citrus;aromatic;woody;cinnamon;herbal","Orange;Géranium;Rose","Clou de girofle;Noix de muscade;Poivre;Cannelle","Bois de santal;Patchouli;Cèdre;Vanille",,,,,,,,,,3.93
Frederic Malle Editions de Parfums,Outrageous!,https://www.fragrantica.fr/parfum/Frederic-Malle-Editions-de-Parfums/Outrageous-2720.html,unisexe,Eau de Parfum,2007,"citrus;white floral;green;fresh;fresh spicy;musky;aldehydic;aromatic","Citron vert;Pomme verte;Pamplemousse;Menthe;Cannelle","Néroli;Fleur d'oranger","Musc;Aldéhydes;Cèdre;Ambre",,,,,,,,,,3.81
Frederic Malle Editions de Parfums,Portrait of a Lady,https://www.fragrantica.fr/parfum/Frederic-Malle-Editions-de-Parfums/Portrait-of-a-Lady-10464.html,femme,Eau de Parfum,2010,"warm spicy;amber;rose;woody;patchouli;balsamic;fruity;smoky;f_gender","Rose;Clou de girofle;Framboise;Cassis;Cannelle;Fruits rouges","Rose de Turquie;Patchouli;Encens;Bois de santal;Ylang-ylang","Encens;Bois de santal;Musc;Benjoin;Ambre;Ambre gris;Cèdre;Vanille",,,,,,,,,,4.06
Frederic Malle Editions de Parfums,Rose & Cuir,https://www.fragrantica.fr/parfum/Frederic-Malle-Editions-de-Parfums/Rose-Cuir-56516.html,unisexe,Eau de Parfum,2019,"fresh spicy;aromatic;rose;woody;leather;fruity;herbal;animalic","Géranium;Cassis;Poivre du Sichuan;Bourgeon de cassis","Cuir;Rose","Vétiver;Cèdre",,,,,,,,,,3.84
Frederic Malle Editions de Parfums,Rose Tonnerre,https://www.fragrantica.fr/parfum/Frederic-Malle-Editions-de-Parfums/Rose-Tonnerre-2851.html,femme,Eau de Parfum,2003,"rose;fresh spicy;aromatic;floral;earthy;honey;musky;herbal;f_gender","Rose;Miel;Lie de vin;Framboise;Poivre rose;Coriandre;Genévrier","Rose de Turquie;Géranium;Truffe;Violette;Safran;Racine d'iris","Musc;Patchouli;Vétiver;Castoréum;Mousse;Cèdre;Bois de santal;Vanille",,,,,,,,,,4.10
Frederic Malle Editions de Parfums,Sale Gosse by Fanny Bal,https://www.fragrantica.fr/parfum/Frederic-Malle-Editions-de-Parfums/Sale-Gosse-by-Fanny-Bal-46896.html,unisexe,Eau de Parfum,2017,"citrus;aromatic;fresh spicy;white floral;green;violet;woody;floral",,,,"Néroli;Petit-grain;Bergamote;Violette;Romarin;Bubblegum",,,,,,,,,3.87
Frederic Malle Editions de Parfums,Synthetic Nature,https://www.fragrantica.fr/parfum/Frederic-Malle-Editions-de-Parfums/Synthetic-Nature-89055.html,unisexe,Eau de Parfum,2024,"white floral;green;fresh spicy;floral;fresh;aromatic;fruity;woody","Muguet;Basilic;Cassis","Jacinthe;Jasmin;Ylang-ylang",Patchouli,,,,,,,,,,3.76
Frederic Malle Editions de Parfums,Uncut Gem,https://www.fragrantica.fr/parfum/Frederic-Malle-Editions-de-Parfums/Uncut-Gem-74926.html,homme,Eau de Parfum,2022,"amber;fresh spicy;citrus;musky;powdery;woody;aromatic;fresh;f_gender","Gingembre;Bergamote;Angélique;Mandarine;Noix de muscade","Vétiver;Résine oliban;Cuir;Magnolia","Musc;Ambre;Ambrocenide;Cèdre;Ciste",,,,,,,,,,3.63
Frederic Malle Editions de Parfums,Une Fleur de Cassie,https://www.fragrantica.fr/parfum/Frederic-Malle-Editions-de-Parfums/Une-Fleur-de-Cassie-4773.html,femme,Eau de Parfum,2000,"powdery;yellow floral;woody;floral;white floral;green;sweet;fresh;f_gender",,,,"Mimosa;Bois de santal;Jasmin;Bourgeon de cassis;Aldéhydes;Vanille;Musc;Rose",,,,,,,,,3.94
Frederic Malle Editions de Parfums,Vetiver Extraordinaire,https://www.fragrantica.fr/parfum/Frederic-Malle-Editions-de-Parfums/Vetiver-Extraordinaire-4774.html,homme,Eau de Parfum,2002,"woody;aromatic;citrus;earthy;warm spicy;fresh spicy;powdery;musky;f_gender","Bigarade;Bergamote;Poivre;Carvi;Cardamome","Vétiver;Poivre rose;Clou de girofle;Réglisse;Encens","Cèdre;Mousse de chêne;Myrrhe;Bois de santal;Musc;Ambrette",,,,,,,,,,4.09
Frederic Malle Editions de Parfums,Bigarade Concentrée 20 Ans,https://www.fragrantica.fr/parfum/Frederic-Malle-Editions-de-Parfums/Bigarade-Concentree-20-Ans-126851.html,unisexe,Eau de Parfum,2020,"woody;citrus;warm spicy;green;soft spicy;aromatic;fresh spicy;herbal",Bigarade,"Poivre rose;Cardamome","Cèdre;Foin",,médiocre,discret,,,,,,,2.00
Frederic Malle Editions de Parfums,Carnal Flower 20 Ans,https://www.fragrantica.fr/parfum/Frederic-Malle-Editions-de-Parfums/Carnal-Flower-20-Ans-126852.html,unisexe,Eau de Parfum,2020,"white floral;animalic;sweet;citrus;musky;green;woody;aromatic","Eucalyptus;Bergamote;Férule gommeuse;Melon","Fleur d'oranger;Ylang-ylang;Tubéreuse;Jasmin;Noix de Coco","Notes animales;Musc blanc;Ambre",,,,,,,,,,2.00
Frederic Malle Editions de Parfums,French Lover 20 Ans,https://www.fragrantica.fr/parfum/Frederic-Malle-Editions-de-Parfums/French-Lover-20-Ans-126853.html,homme,Eau de Parfum,2020,"woody;warm spicy;amber;aromatic;green;balsamic;earthy;musky;f_gender","Piment;Angélique","Férule gommeuse;Cèdre","Patchouli;Vétiver;Encens",,médiocre,discret,,,,,,,3.50
Frederic Malle Editions de Parfums,L'Eau d'Hiver 20 Ans,https://www.fragrantica.fr/parfum/Frederic-Malle-Editions-de-Parfums/L-Eau-d-Hiver-20-Ans-126855.html,unisexe,Eau de Parfum,2020,"iris;powdery;musky;violet;earthy;citrus;amber;woody",,,,"Iris;Musc blanc;Bergamote;Angélique;Aubépine;Jasmin;Héliotrope",,,,,,,,,2.00
Frederic Malle Editions de Parfums,Musc Ravageur 20 Ans,https://www.fragrantica.fr/parfum/Frederic-Malle-Editions-de-Parfums/Musc-Ravageur-20-Ans-126854.html,unisexe,Eau de Parfum,2020,"warm spicy;woody;citrus;powdery;vanilla;amber;aromatic;cinnamon","Bergamote;Lavande;Mandarine","Cannelle;Clou de girofle","Bois de santal;Fève de tonka;Vanille;Cèdre;Ambre;Musc",,,,,,,,,,2.00
Frederic Malle Editions de Parfums,Portrait of a Lady 20 Ans,https://www.fragrantica.fr/parfum/Frederic-Malle-Editions-de-Parfums/Portrait-of-a-Lady-20-Ans-126857.html,femme,Eau de Parfum,2020,"amber;warm spicy;woody;fruity;balsamic;rose;powdery;musky;f_gender","Cassis;Framboise;Clou de girofle;Rose","Bois de santal;Patchouli;Encens","Benjoin;Ambre;Musc",,médiocre,discret,,,,,,,2.00
Frederic Malle Editions de Parfums,Vétiver Extraordinaire 20 Ans,https://www.fragrantica.fr/parfum/Frederic-Malle-Editions-de-Parfums/Vetiver-Extraordinaire-20-Ans-126856.html,homme,Eau de Parfum,2020,"woody;citrus;musky;powdery;earthy;aromatic;mossy;soft spicy;f_gender","Bigarade;Poivre rose;Bergamote","Bois de santal;Bois de cachemire;Vétiver;Cèdre","Mousse de chêne;Musc",,,,,,,,,,3.50
Frederic Malle Editions de Parfums,Dawn,https://www.fragrantica.fr/parfum/Frederic-Malle-Editions-de-Parfums/Dawn-52195.html,unisexe,Eau de Parfum,2018,"amber;oud;woody;fresh spicy;earthy;aromatic;rose;musky","Poivre rose;Rose de Turquie","Résine oliban;Rose de Turquie;Ambre","Oud;Ciste;Vétiver;Mousse de chêne;Cèdre;Ambroxan",,,,,,,,,,4.06
Frederic Malle Editions de Parfums,Hope,https://www.fragrantica.fr/parfum/Frederic-Malle-Editions-de-Parfums/Hope-95624.html,unisexe,Eau de Parfum,2024,"oud;aromatic;woody;smoky;fresh spicy;leather;amber;animalic","Genévrier;Poivre rose","Oud;Vétiver;Fumée","Cuir;Ambre",,,,,,,,,,4.17
Frederic Malle Editions de Parfums,Promise,https://www.fragrantica.fr/parfum/Frederic-Malle-Editions-de-Parfums/Promise-47332.html,unisexe,Eau de Parfum,2017,"woody;earthy;rose;amber;fruity;musky;patchouli;leather","Pomme;Poivre rose;Romarin;Safran;Clou de girofle","Rose de Bulgarie;Rose de Turquie","Huile essentielle de cypriol;Patchouli;Castoréum;Ciste;Ambroxan",,,,,,,,,,4.20
Frederic Malle Editions de Parfums,The Moon,https://www.fragrantica.fr/parfum/Frederic-Malle-Editions-de-Parfums/The-Moon-56095.html,unisexe,Eau de Parfum,2019,"fruity;sweet;oud;leather;amber;rose;woody;warm spicy","Framboise;Litchi;Safran;Mûre;Fraise","Fruits rouges;Rose de Turquie;Résine oliban;Groseille à grappes;Violette","Oud;Cuir;Ambre;Patchouli;Bois de santal;Huile essentielle de cypriol;Cèdre",,,,,,,,,,4.25
Frederic Malle Editions de Parfums,The Night,https://www.fragrantica.fr/parfum/Frederic-Malle-Editions-de-Parfums/The-Night-28407.html,unisexe,Eau de Parfum,2014,"oud;amber;rose;warm spicy;smoky;floral;balsamic;fresh spicy","Rose de Turquie;Safran",Oud indien,"Ambre;Encens;Bois de santal",,,,,,,,,,3.98
Frederic Malle Editions de Parfums,Bigarade Concentree Limited Edition 2018,https://www.fragrantica.fr/parfum/Frederic-Malle-Editions-de-Parfums/Bigarade-Concentree-Limited-Edition-2018-52123.html,unisexe,Extrait de Parfum,2018,"citrus;green;fresh;rose;woody;fresh spicy;herbal;floral",Bigarade,Rose,"Herbe;Cèdre;Foin",,,,,,,,,,4.62
Frederic Malle Editions de Parfums,Carnal Flower Limited Edition 2018,https://www.fragrantica.fr/parfum/Frederic-Malle-Editions-de-Parfums/Carnal-Flower-Limited-Edition-2018-52124.html,unisexe,Eau de Parfum,2018,"white floral;tuberose;woody;sweet;citrus;coconut;camphor;yellow floral",,,,"Tubéreuse;Eucalyptus;Jasmin;Fleur d'oranger;Noix de Coco;Ylang-ylang;Melon;Bergamote;Musc blanc",,,,,,,,,4.75
Frederic Malle Editions de Parfums,En Passant Limited Edition 2018,https://www.fragrantica.fr/parfum/Frederic-Malle-Editions-de-Parfums/En-Passant-Limited-Edition-2018-52125.html,femme,Eau de Parfum,2018,"floral;aquatic;green;fresh;ozonic;citrus;aromatic;soft spicy;f_gender",,,,"Lilas;Petit-grain;Concombre;Notes aquatiques;Blé",,,,,,,,,4.60
Frederic Malle Editions de Parfums,Iris Poudree Limited Edition 2018,https://www.fragrantica.fr/parfum/Frederic-Malle-Editions-de-Parfums/Iris-Poudree-Limited-Edition-2018-52126.html,femme,Eau de Parfum,2018,"floral;powdery;woody;white floral;citrus;violet;iris;aldehydic;f_gender","Ylang-ylang;Bergamote;Orange;Œillet;Palissandre","Magnolia;Jasmin;Violette;Aldéhydes;Rose;Lys","Iris;Vétiver;Musc;Vanille;Ébène;Ambre;Bois de santal",,,,,,,,,,4.38
Frederic Malle Editions de Parfums,Lipstick Rose Limited Edition 2018,https://www.fragrantica.fr/parfum/Frederic-Malle-Editions-de-Parfums/Lipstick-Rose-Limited-Edition-2018-52127.html,femme,Eau de Parfum,2018,"powdery;rose;musky;violet;vanilla;floral;woody;aromatic;f_gender",,,,"Rose;Musc;Violette;Vanille;Vétiver;Ambre;Pamplemousse",,,,,,,,,4.29
Frederic Malle Editions de Parfums,Musc Ravageur Limited Edition 2018,https://www.fragrantica.fr/parfum/Frederic-Malle-Editions-de-Parfums/Musc-Ravageur-Limited-Edition-2018-52128.html,unisexe,Eau de Parfum,2018,"warm spicy;vanilla;powdery;citrus;woody;musky;amber;sweet","Tangerine;Lavande;Bergamote","Clou de girofle;Cannelle","Vanille;Musc;Fève de tonka;Ambre;Bois de santal;Gaïac;Cèdre",,modéré (e),puissant,,,,,,,4.33
Frederic Malle Editions de Parfums,Portrait of a Lady Limited Edition 2018,https://www.fragrantica.fr/parfum/Frederic-Malle-Editions-de-Parfums/Portrait-of-a-Lady-Limited-Edition-2018-52129.html,femme,Eau de Parfum,2018,"warm spicy;amber;fruity;rose;woody;balsamic;patchouli;cinnamon;f_gender","Rose;Cassis;Cannelle;Framboise;Clou de girofle","Patchouli;Encens;Bois de santal","Benjoin;Ambre;Musc",,,,,,,,,,4.00
Frederic Malle Editions de Parfums,Carnal Flower Hair Mist,https://www.fragrantica.fr/parfum/Frederic-Malle-Editions-de-Parfums/Carnal-Flower-Hair-Mist-46220.html,unisexe,Eau de Parfum,2016,"white floral;coconut;tuberose;sweet;citrus;woody;animalic;lactonic","Eucalyptus;Bergamote;Melon","Jasmin;Ylang-ylang;Notes solaires","Tubéreuse;Noix de Coco;Fleur d'oranger;Musc blanc",,,,,,,,,,4.43
Frederic Malle Editions de Parfums,Dawn Hair Mist,https://www.fragrantica.fr/parfum/Frederic-Malle-Editions-de-Parfums/Dawn-Hair-Mist-126847.html,unisexe,Eau de Parfum,,"amber;woody;earthy;musky;rose;mossy;oud;aromatic","Rose de Turquie;Poivre rose","Rose de Turquie;Encens","Cèdre;Ciste;Ambroxan;Mousse de chêne;Vétiver;Oud",,,,,,,,,,
Frederic Malle Editions de Parfums,Iris Poudre Hair Mist,https://www.fragrantica.fr/parfum/Frederic-Malle-Editions-de-Parfums/Iris-Poudre-Hair-Mist-126846.html,femme,Eau de Parfum,,"floral;woody;powdery;citrus;white floral;fresh;violet;warm spicy;f_gender","Ylang-ylang;Œillet;Bergamote;Orange","Muguet;Aldéhydes;Magnolia;Jasmin;Violette;Rose","Bois de santal;Vanille;Ambre;Ébène;Musc;Iris",,,,,,,,,,4.00
Frederic Malle Editions de Parfums,Lipstick Rose Hair Mist,https://www.fragrantica.fr/parfum/Frederic-Malle-Editions-de-Parfums/Lipstick-Rose-Hair-Mist-126845.html,femme,Eau de Parfum,,"powdery;violet;rose;citrus;vanilla;sweet;musky;fruity;f_gender","Pamplemousse;Violette","Framboise;Rose;Iris","Musc blanc;Vanille",,,,,,,,,,4.00
Frederic Malle Editions de Parfums,Musc Ravageur Hair Mist,https://www.fragrantica.fr/parfum/Frederic-Malle-Editions-de-Parfums/Musc-Ravageur-Hair-Mist-126844.html,unisexe,Eau de Parfum,,"warm spicy;powdery;woody;cinnamon;lavender;musky;amber;citrus","Lavande;Cannelle;Mandarine;Bergamote","Musc;Vanille;Ambre","Musc;Bois de santal;Patchouli",,,,,,,,,,5.00
Frederic Malle Editions de Parfums,Portrait of a Lady Hair Mist,https://www.fragrantica.fr/parfum/Frederic-Malle-Editions-de-Parfums/Portrait-of-a-Lady-Hair-Mist-126841.html,femme,Eau de Parfum,2010,"warm spicy;amber;rose;patchouli;fruity;balsamic;woody;smoky;f_gender","Rose;Clou de girofle;Cassis;Framboise;Cannelle","Patchouli;Encens;Bois de santal","Benjoin;Ambre;Musc",,,,,,,,,,3.80
Frederic Malle Editions de Parfums,Promise Hair Mist,https://www.fragrantica.fr/parfum/Frederic-Malle-Editions-de-Parfums/Promise-Hair-Mist-126843.html,unisexe,Extrait de Parfum,,"woody;warm spicy;amber;musky;leather;earthy;rose;aromatic","Poivre rose;Romarin;Safran;Clou de girofle;Pomme","Rose de Bulgarie;Rose de Turquie","Huile essentielle de cypriol;Patchouli;Castoréum;Ciste;Ambroxan",,,,,,,,,,3.50
Frederic Malle Editions de Parfums,The Moon Hair Mist,https://www.fragrantica.fr/parfum/Frederic-Malle-Editions-de-Parfums/The-Moon-Hair-Mist-126850.html,unisexe,Eau de Parfum,,"fruity;leather;warm spicy;rose;sweet;smoky;oud;fresh","Groseille à grappes;Framboise;Safran;Litchi","Encens;Rose","Cuir;Oud",,,,,,,,,,4.00
Frederic Malle Editions de Parfums,The Night Hair Mist,https://www.fragrantica.fr/parfum/Frederic-Malle-Editions-de-Parfums/The-Night-Hair-Mist-126848.html,unisexe,Eau de Parfum,,"warm spicy;woody;amber;oud;rose;fresh spicy;metallic;powdery","Rose de Turquie;Safran",Oud,"Encens;Bois de santal",,,,,,,,,,
Frederic Malle Editions de Parfums,Musc Ravageur Punk Edition,https://www.fragrantica.fr/parfum/Frederic-Malle-Editions-de-Parfums/Musc-Ravageur-Punk-Edition-56933.html,unisexe,Eau de Parfum,2019,"vanilla;powdery;amber;lavender;citrus;woody;aromatic;fresh spicy","Lavande;Bergamote;Mandarine","Vanille;Ambre;Musc","Bois de santal;Musc",,,,,,,,,,4.50
Frederic Malle Editions de Parfums,Outrageous! Limited Edition 2017,https://www.fragrantica.fr/parfum/Frederic-Malle-Editions-de-Parfums/Outrageous-Limited-Edition-2017-43456.html,unisexe,Eau de Parfum,2017,"citrus;musky;fresh;white floral;aldehydic;green;fresh spicy;fruity","Citron vert;Pomme verte;Pamplemousse;Menthe;Cannelle","Néroli;Fleur d'oranger","Aldéhydes;Musc;Ambroxan;Cèdre",,,,,,,,,,3.30
Frederic Malle Editions de Parfums,Portrait of a Lady 15th Anniversary,https://www.fragrantica.fr/parfum/Frederic-Malle-Editions-de-Parfums/Portrait-of-a-Lady-15th-Anniversary-100038.html,femme,Eau de Parfum,2025,"warm spicy;amber;woody;fruity;rose;balsamic;sweet;smoky;f_gender","Rose;Clou de girofle;Cassis;Framboise;Cannelle;Fruits rouges","Rose de Turquie;Encens;Patchouli;Bois de santal;Ylang-ylang","Encens;Bois de santal;Ambre;Ambre gris;Benjoin;Musc;Cèdre;Vanille",,,,,,,,,,4.75
Frederic Malle Editions de Parfums,Dans Mon Lit,https://www.fragrantica.fr/parfum/Frederic-Malle-Editions-de-Parfums/Dans-Mon-Lit-65735.html,unisexe,Eau de Parfum,2020,"rose;musky;powdery;floral;animalic;sweet;citrus",,,,"Rose de Turquie;Eau de rose;Musc",,,,,,,,,3.88
Frederic Malle Editions de Parfums,Dans Ton Lit,https://www.fragrantica.fr/parfum/Frederic-Malle-Editions-de-Parfums/Dans-Ton-Lit-73876.html,unisexe,Eau de Parfum,2022,"citrus;white floral;aromatic;fresh spicy;green;fresh;soapy;sweet",,,,"Fleur d'oranger;Néroli;Bergamote;Citron;Petit-grain;Musc blanc",,,,,,,,,3.49
Frederic Malle Editions de Parfums,Dries Van Noten par Frederic Malle,https://www.fragrantica.fr/parfum/Frederic-Malle-Editions-de-Parfums/Dries-Van-Noten-par-Frederic-Malle-17481.html,unisexe,Eau de Parfum,2013,"woody;warm spicy;vanilla;powdery;balsamic;fresh spicy;amber;patchouli",,,,"Bois de santal;Vanille;Safran;Noix de muscade;Fève de tonka;Patchouli;Gaïac;Musc;Notes boisées;Baumier du Pérou;Clou de girofle;Jasmin;Bergamote;Citron",,,,,,,,,4.06
Frederic Malle Editions de Parfums,Superstitious,https://www.fragrantica.fr/parfum/Frederic-Malle-Editions-de-Parfums/Superstitious-41322.html,femme,Eau de Parfum,2016,"aldehydic;amber;white floral;fresh;woody;rose;smoky;warm spicy;f_gender",,,,"Aldéhydes;Jasmin;Encens;Rose;Vétiver;Patchouli;Pêche;Ambre",,,,,,,,,3.93
Frederic Malle Editions de Parfums,Synthetic Jungle,https://www.fragrantica.fr/parfum/Frederic-Malle-Editions-de-Parfums/Synthetic-Jungle-68794.html,unisexe,Eau de Parfum,2021,"green;white floral;fresh spicy;aromatic;floral;fresh;earthy;mossy","Férule gommeuse;Basilic;Cassis","Muguet;Jacinthe;Jasmin;Ylang-ylang;Amande","Mousse de chêne;Patchouli",,,,,,,,,,3.84
Frederic Malle Editions de Parfums,Superstitious Hair Mist,https://www.fragrantica.fr/parfum/Frederic-Malle-Editions-de-Parfums/Superstitious-Hair-Mist-126849.html,femme,Eau de Parfum,,"fruity;woody;patchouli;white floral;tropical;rose;aldehydic;earthy;f_gender","Jasmin d'Egypte;Rose de Turquie;Pêche;Mangue",Aldéhydes,"Vétiver de Haïti;Patchouli;Ambre",,médiocre,discret,,,,,,,
,Carner Barcelona parfums et eaux de cologne,https://www.fragrantica.fr/designer/Carner-Barcelona.html,femme,Eau de Parfum,,,,,,Notes,,,,,,,,,
Carner Barcelona,Drakon,https://www.fragrantica.fr/parfum/Carner-Barcelona/Drakon-60967.html,unisexe,Extrait de Parfum,2020,"woody;fresh spicy;aromatic;leather;warm spicy;conifer;earthy;animalic","Cyprès;Bétel;Poivre noir","Huile essentielle de cypriol;Bois d'Akigala;Fleur d'oranger","Sapin baumier;Cuir;Bois de santal",,,,,,,,,,3.97
Carner Barcelona,Bo-Bo Intense,https://www.fragrantica.fr/parfum/Carner-Barcelona/Bo-Bo-Intense-118322.html,unisexe,Eau de Parfum,2025,"citrus;white floral;musky;powdery;sweet;fresh;fresh spicy;green","Bergamote;Mandarine;Poire","Muguet;Fleur d'oranger;Jasmin","Musc;Bois de santal;Ambre blanc;Vanille",,,,,,,,,,4.71
Carner Barcelona,Marbella,https://www.fragrantica.fr/parfum/Carner-Barcelona/Marbella-59783.html,unisexe,Eau de Parfum,2020,"floral;rose;fruity;fresh;green;fresh spicy;musky;soft spicy","Cassis;Rose de Bulgarie;Poivre noir","Pivoine;Thé vert;Jasmin","Pêche;Musc;Ambre",,modéré (e),modéré (e),,,,,,,3.88
Lancôme,Oud Bouquet Eau de Parfum,https://www.fragrantica.fr/parfum/Lancome/Oud-Bouquet-Eau-de-Parfum-26776.html,unisexe,Eau de Parfum,2014,"sweet;oud;vanilla;rose;warm spicy;lactonic;metallic;nutty",,,,"Oud;Praliné;Vanille;Rose;Safran",très longue tenue,énorme,,,,,,,4.21
Byron Parfums,Malik The Sovereign,https://www.fragrantica.fr/parfum/Byron-Parfums/Malik-The-Sovereign-132289.html,unisexe,Eau de Parfum,2026,"warm spicy;fresh spicy;woody;leather;powdery;vanilla;oud;fresh","Safran;Noix de muscade;Fruit de la passion;Litchi","Poivre noir;Cuir;Aldéhydes;Cannelle;Lavande","Bois de santal;Vanille;Oud;Patchouli;Musc",,,,,,,,,,4.80
Byron Parfums,Black Butterfly,https://www.fragrantica.fr/parfum/Byron-Parfums/Black-Butterfly-98507.html,unisexe,Eau de Parfum,2024,"patchouli;powdery;woody;sweet;iris;earthy;citrus;musky","Citron vert;Cerise;Fleur de tiaré;Amande","Iris;Freesia;Noix de Coco;Rose","Patchouli;Musc blanc;Vanille;Bois de santal",,,,,,,,,,3.87
Byron Parfums,Green Butterfly,https://www.fragrantica.fr/parfum/Byron-Parfums/Green-Butterfly-77313.html,unisexe,Eau de Parfum,2022,"woody;powdery;iris;musky;earthy;citrus;fresh;warm spicy","Iris;Chocolat noir;Agrumes;Fleur d'oranger","Daim;Aldéhydes;Vanille;Musc blanc;Jasmin","Bois exotiques;Bois de santal;Vétiver;Patchouli",,,,,,,,,,3.98
Byron Parfums,Mula Mula Art Deco,https://www.fragrantica.fr/parfum/Byron-Parfums/Mula-Mula-Art-Deco-119264.html,unisexe,Eau de Parfum,2025,"fruity;sweet;caramel;amber;soft spicy;fresh spicy;musky;vanilla","Caramel;Pêche;Fraise;Framboise","Poivre rose;Ciste;Gingembre","Vanille;Oud;Patchouli;Musc",,très longue tenue,puissant,,,,,,,4.60
Byron Parfums,Mula Mula Double Caramel,https://www.fragrantica.fr/parfum/Byron-Parfums/Mula-Mula-Double-Caramel-88568.html,unisexe,Eau de Parfum,2023,"fruity;sweet;caramel;amber;oud;fresh spicy;vanilla;woody","Caramel;Gingembre;Pêche","Caramel;Framboise;Fraise;Vanille","Ambre;Bois d'agar du Laos;Patchouli",,,,,,,,,,3.85
Byron Parfums,La French,https://www.fragrantica.fr/parfum/Byron-Parfums/La-French-94356.html,unisexe,Eau de Parfum,2024,"powdery;woody;musky;fruity;vanilla;sweet;amber;almond","Fruits;Amande;Coriandre;Agrumes","Musc blanc;Absolu de vanille;Racine d'iris","Bois de santal;Ambre gris",,,,,,,,,,3.50
Byron Parfums,Mula Mula,https://www.fragrantica.fr/parfum/Byron-Parfums/Mula-Mula-50711.html,unisexe,Extrait de Parfum,2018,"sweet;fruity;caramel;vanilla;powdery;musky;fresh spicy;balsamic","Caramel;Pêche;Fraise;Framboise","Gingembre;Poivre rose;Ciste","Vanille;Musc;Oud;Patchouli",,,,,,,,,,4.08
Byron Parfums,The Chronic,https://www.fragrantica.fr/parfum/Byron-Parfums/The-Chronic-53452.html,unisexe,Eau de Parfum,2019,"warm spicy;amber;woody;cinnamon;powdery;musky;animalic;fresh spicy","Cannelle;Poivre","Ambre;Patchouli;Cuir","Bois de santal;Musc blanc",,,,,,,,,,4.10
Byron Parfums,Barba Rossa,https://www.fragrantica.fr/parfum/Byron-Parfums/Barba-Rossa-94953.html,unisexe,Eau de Parfum,2024,"oud;violet;powdery;vanilla;floral;fresh;fresh spicy;woody",Violette,Vanille,Oud,,,,,,,,,,3.04
Byron Parfums,Black Dragon,https://www.fragrantica.fr/parfum/Byron-Parfums/Black-Dragon-66567.html,unisexe,Eau de Parfum,2020,"sweet;vanilla;powdery;woody;fruity;tobacco;honey;tropical","Miel;Mangue;Ananas","Vanille bourbon;Tabac;Bois de santal","Ambre;Patchouli;Musc",,,,,,,,,,4.03
Byron Parfums,Pirates 2.0,https://www.fragrantica.fr/parfum/Byron-Parfums/Pirates-2-0-70355.html,unisexe,Eau de Parfum,2018,"white floral;tuberose;woody;yellow floral;animalic;sweet;musky;amber","Poire;Muguet;Bergamote","Tubéreuse;Ylang-ylang;Jasmin","Musc blanc;Ambre gris;Cèdre;Patchouli",,,,,,,,,,3.76
Byron Parfums,Daï Quiri,https://www.fragrantica.fr/parfum/Byron-Parfums/Dai-Quiri-94952.html,unisexe,Eau de Parfum,2024,"fruity;sweet;ozonic;fresh;aquatic;tropical;musky;powdery",Melon,Ananas,Musc blanc,,,,,,,,,,3.56
Byron Parfums,Mula Mula Rouge Extrême,https://www.fragrantica.fr/parfum/Byron-Parfums/Mula-Mula-Rouge-Extreme-62827.html,unisexe,Extrait de Parfum,2020,"fruity;woody;sweet;patchouli;warm spicy;balsamic;earthy;powdery","Framboise;Crème fouettée;Melon;Poire","Ambre;Epices;Cannelle","Patchouli;Bois de santal;Musc blanc",,,,,,,,,,3.91
Byron Parfums,The Chronic Rouge Extreme,https://www.fragrantica.fr/parfum/Byron-Parfums/The-Chronic-Rouge-Extreme-70319.html,unisexe,Eau de Parfum,2021,"sweet;fruity;warm spicy;vanilla;aquatic;amber;powdery;ozonic","Framboise;Crème fouettée;Melon;Poire","Ambre;Notes épicées;Cannelle","Bois de santal;Musc blanc;Patchouli",,,,,,,,,,4.26
Byron Parfums,0.9,https://www.fragrantica.fr/parfum/Byron-Parfums/0-9-50712.html,unisexe,Eau de Parfum,2018,"warm spicy;woody;amber;almond;powdery;vanilla;nutty;fruity","Notes épicées;Safran;Bergamote",Amande,"Ambre;Bois de santal;Vanille",,,,,,,,,,3.39
Byron Parfums,Oud Bourbon,https://www.fragrantica.fr/parfum/Byron-Parfums/Oud-Bourbon-53451.html,unisexe,Eau de Parfum,2019,"woody;powdery;white floral;fruity;warm spicy;oud;musky;floral","Safran;Violette;Néroli","Cassis;Vanille;Jasmin","Bois d'agar du Laos;Bois de santal;Musc",,,,,,,,,,3.71
Byron Parfums,Pirates,https://www.fragrantica.fr/parfum/Byron-Parfums/Pirates-50713.html,unisexe,Eau de Parfum,2018,"white floral;woody;patchouli;yellow floral;tuberose;sweet;musky;amber","Poire;Bergamote","Tubéreuse;Ylang-ylang;Jasmin","Patchouli;Musc blanc;Ambre",,,,,,,,,,3.44
Gritti,19-68,https://www.fragrantica.fr/parfum/Gritti/19-68-54823.html,homme,Eau de Parfum,2019,"citrus;aromatic;lavender;woody;fresh spicy;earthy;amber;patchouli;f_gender",,,,,,,,,,,,,3.87
Gritti,Antalya,https://www.fragrantica.fr/parfum/Gritti/Antalya-16629.html,unisexe,Eau de Parfum,2010,"marine;aromatic;aquatic;woody;herbal;fresh spicy;salty;amber","Eau de mer;Myrte","Notes boisées;Cèdre;Tabac","Algue;Ambre",,,,,,,,,,3.97
Gritti,Aqua Incanta,https://www.fragrantica.fr/parfum/Gritti/Aqua-Incanta-18720.html,femme,Extrait de Parfum,2012,"powdery;iris;amber;vanilla;violet;woody;earthy;rose;f_gender","Iris;Rose","Notes poudrées;Vanille","Benjoin;Ambre;Notes boisées",,,,,,,,,,3.87
Gritti,Biassanot,https://www.fragrantica.fr/parfum/Gritti/Biassanot-86928.html,unisexe,Eau de Parfum,2024,"smoky;leather;oud;woody;animalic;musky;tobacco;sweet","Vétiver;Foin;Café","Cuir;Fumée;Jasmin de nuit","Oud;Tabac;Musc",,,,,,,,,,3.67
Gritti,Decimo,https://www.fragrantica.fr/parfum/Gritti/Decimo-35948.html,homme,Eau de Parfum,2016,"citrus;woody;leather;smoky;fresh spicy;patchouli;amber;fruity;f_gender","Bergamote;Cassis;Néroli","Bouleau;Patchouli;Rose","Ambre gris;Musc;Vanille",,,,,,,,,,4.02
Gritti,Magnifica Lux,https://www.fragrantica.fr/parfum/Gritti/Magnifica-Lux-35949.html,unisexe,Eau de Parfum,2016,"woody;amber;powdery;iris;honey;musky;aromatic;balsamic",,,,"Résines;Iris;Cyprès;Miel;Musc;Patchouli",modéré (e),discret,,,,,,,3.99
Gritti,Noctem Arabs,https://www.fragrantica.fr/parfum/Gritti/Noctem-Arabs-29708.html,unisexe,Extrait de Parfum,2014,"woody;oud;tobacco;amber;warm spicy;powdery;sweet;balsamic","Tabac;Cèdre de Virginie;Patchouli","Oud;Bois de santal","Myrrhe;Musc;Ambre",,,,,,,,,,4.09
Gritti,Preludio,https://www.fragrantica.fr/parfum/Gritti/Preludio-18722.html,unisexe,Eau de Parfum,,"woody;aromatic;lavender;ozonic;aquatic;citrus;conifer;musky","Lavande;Pastèque;Citron","Pin;Notes boisées;Bois de santal;Tabac","Bourrache;Musc;Ambre",,,,,,,,,,3.72
Gritti,Rebellion,https://www.fragrantica.fr/parfum/Gritti/Rebellion-70114.html,unisexe,Eau de Parfum,2021,"aromatic;citrus;green;fresh spicy;woody;amber;fruity;animalic","Zeste de citron;Menthe;Bergamote","Shiso;Fruits;Cyprès","Ambre gris;Mousse de chêne;Patchouli",,,,,,,,,,4.02
Gritti,Florian,https://www.fragrantica.fr/parfum/Gritti/Florian-80724.html,unisexe,Eau de Parfum,2023,"oud;warm spicy;amber;animalic;woody;rose;musky;powdery","Safran;Cardamome;Gingembre","Bois d'agar du Laos;Rose de Taïf;Myrrhe","Civette;Encens;Bois de santal",,,,,,,,,,4.12
Gritti,Lu,https://www.fragrantica.fr/parfum/Gritti/Lu-39033.html,femme,Eau de Parfum,2016,"rose;musky;amber;fresh spicy;powdery;animalic;aromatic;woody;f_gender",Rose de Bulgarie,"Géranium;Jasmin;Cèdre;Palissandre","Musc;Ambre gris",,,,,,,,,,3.60
Gritti,Dor De Vara,https://www.fragrantica.fr/parfum/Gritti/Dor-De-Vara-96721.html,femme,Extrait de Parfum,2024,"sweet;fruity;vanilla;powdery;floral;white floral;lactonic;musky;f_gender","Chèvrefeuille;Fleur de pêcher;Magnolia","Guimauve;Pêche;Crème fouettée","Vanille;Musc blanc;Bois de santal",,modéré (e),modéré (e),,,,,,,4.14
Gritti,Silence Between Worlds,https://www.fragrantica.fr/parfum/Gritti/Silence-Between-Worlds-124849.html,unisexe,Eau de Parfum,2026,"aromatic;white floral;fresh spicy;citrus;salty;woody;musky;herbal","Sel;Bergamote;Thym","Muguet;Jasmin;Myrte","Musc;Bois blancs;Fève de tonka",,,,,,,,,,4.00
Gritti,Arancia Ambrata,https://www.fragrantica.fr/parfum/Gritti/Arancia-Ambrata-44240.html,unisexe,Extrait de Parfum,2017,"citrus;woody;aromatic;fresh spicy;earthy;white floral;powdery;green","Bergamote de Calabre;Orange sanguine;Epices","Vétiver;Jasmin;Rose","Vétiver;Bois de santal;Vanille;Ambre",,,,,,,,,,3.32
Gritti,Costiera,https://www.fragrantica.fr/parfum/Gritti/Costiera-44241.html,unisexe,Extrait de Parfum,2017,"aromatic;citrus;fresh spicy;woody;amber;powdery;marine;floral","Bergamote de Calabre;Romarin;Orange","Notes marines;Fleur de citronnier;Notes fleuries","Bois de santal;Ambre;Vanille",,,,,,,,,,3.65
Gritti,Neroli Extreme,https://www.fragrantica.fr/parfum/Gritti/Neroli-Extreme-44239.html,unisexe,Eau de Parfum,2017,"citrus;aromatic;green;musky;vanilla;powdery;amber;sweet",,,,"Petit-grain;Orange;Pelure de citron;Musc;Vanille;Ambre;Férule gommeuse",modéré (e),modéré (e),,,,,,,3.69
Gritti,Pomelo Assoluto,https://www.fragrantica.fr/parfum/Gritti/Pomelo-Assoluto-102273.html,unisexe,Eau de Parfum,2025,"citrus;aromatic;fresh spicy;marine;musky;woody;green;floral","Pomelo;Pamplemousse;Notes marines;Poivre rose","Thé vert;Baies de genévrier;Magnolia;Rose;Cardamome","Musc;Bois blancs;Ambre",,,,,,,,,,4.04
Gritti,Pomelo Sorrento,https://www.fragrantica.fr/parfum/Gritti/Pomelo-Sorrento-44238.html,unisexe,Eau de Parfum,2017,"citrus;fresh spicy;green;aromatic;white floral;fresh;sweet;woody","Pomelo;Pamplemousse","Thé vert;Fleurs blanches;Rose","Vétiver;Iris;Ambre",,,,,,,,,,4.06
Gritti,Siracusa,https://www.fragrantica.fr/parfum/Gritti/Siracusa-79277.html,unisexe,Eau de Parfum,2023,"white floral;musky;sweet;vanilla;green;powdery;citrus;almond","Fleur de citronnier;Feuille de palmier;Amande","Crème fouettée;Fleur de tiaré;Vanille","Musc blanc;Notes solaires;Bois de santal",,modéré (e),modéré (e),,,,,,,3.63
Gritti,Tangerina,https://www.fragrantica.fr/parfum/Gritti/Tangerina-49391.html,unisexe,Eau de Parfum,2018,"citrus;fresh spicy;fresh;sweet;fruity;musky;aromatic;white floral",,,,"Tangerine;Gingembre;Cédrat;Citron vert;Musc;Coriandre;Jasmin;Caramel",,,,,,,,,3.84
Gritti,Because I'm Free,https://www.fragrantica.fr/parfum/Gritti/Because-I-m-Free-79270.html,unisexe,Extrait de Parfum,2023,"sweet;white floral;fruity;floral;tuberose;vanilla;green;caramel","Fruits confits;Fleur d'amandier;Petit-grain","Tubéreuse;Fleur de bananier;Jasmin","Vanille;Caramel;Ambre",,,,,,,,,,3.83
Gritti,Beyond The Wall,https://www.fragrantica.fr/parfum/Gritti/Beyond-The-Wall-70116.html,unisexe,Extrait de Parfum,2022,"powdery;lactonic;aromatic;warm spicy;herbal;violet;iris;fresh spicy","Armoise;Gingembre;Violette","Lait;Iris;Thé noir","Cardamome;Musc blanc;Bois de santal",,,,,,,,,,4.08
Gritti,Kill The Lights,https://www.fragrantica.fr/parfum/Gritti/Kill-The-Lights-79272.html,unisexe,Extrait de Parfum,2023,"leather;aromatic;green;herbal;woody;fresh spicy;smoky;animalic","Davana;Armoise;Genévrier","Cuir;Foin;Poivre rose","Goudron de bouleau;Lentisque;Gaïac",,,,,,,,,,3.74
Gritti,Mango Aoud,https://www.fragrantica.fr/parfum/Gritti/Mango-Aoud-86927.html,unisexe,Extrait de Parfum,2024,"tropical;fruity;sweet;oud;vanilla;coconut;yellow floral;terpenic","Mangue;Goyave;Néroli","Lait de coco;Ylang-ylang;Osmanthus","Oud;Ambre;Vanille",,,,,,,,,,3.70
Gritti,Muskaria,https://www.fragrantica.fr/parfum/Gritti/Muskaria-113210.html,unisexe,Extrait de Parfum,2025,"amber;warm spicy;vanilla;musky;balsamic;smoky;powdery;floral",,,,"Benjoin;Vanille;Encens;Epices;Ambrette;Musc;Rose;Patchouli;Cuir;Bergamote",,,,,,,,,3.88
Gritti,Super Nova,https://www.fragrantica.fr/parfum/Gritti/Super-Nova-86926.html,unisexe,Extrait de Parfum,2024,"mineral;metallic;ozonic;aromatic;amber;smoky;green;herbal","Notes minérales;Poivron vert;Armoise","Notes d'ozone;Poudre à canon;Oud","Notes métalliques;Ambre gris;Bois de cachemire",,longue tenue,puissant,,,,,,,3.86
Gritti,Vanilla Tanà,https://www.fragrantica.fr/parfum/Gritti/Vanilla-Tana-113211.html,unisexe,Extrait de Parfum,2025,"vanilla;powdery;sweet;woody;amber;floral;musky;balsamic",,,,"Absolu de vanille;Caviar de Vanille;Orchidée vanille;Orchidée blanche;Fève de tonka;Bois de santal;Ambre;Musc blanc;Ylang-ylang;Baobab;Poivre rose",,,,,,,,,4.09
Gritti,You're So Vain,https://www.fragrantica.fr/parfum/Gritti/You-re-So-Vain-70115.html,unisexe,Extrait de Parfum,2022,"fruity;citrus;green;aromatic;woody;fresh spicy;white floral;fresh","Pamplemousse;Citron;Notes vertes","Cassis;Fruits rouges;Tabac sylvestre","Mousse de chêne;Patchouli;Noix de muscade",,,,,,,,,,3.82
Gritti,Anima,https://www.fragrantica.fr/parfum/Gritti/Anima-63728.html,unisexe,Eau de Parfum,2020,"fruity;woody;sweet;amber;powdery;musky;animalic;balsamic","Ananas;Pomme;Prune;Fraise;Citron vert;Bergamote","Rose;Jasmin;Iris","Ambre gris;Musc blanc;Cèdre;Patchouli;Vanille;Bois de santal",,très longue tenue,énorme,,,,,,,3.87
Gritti,Duchessa,https://www.fragrantica.fr/parfum/Gritti/Duchessa-63729.html,unisexe,Extrait de Parfum,2020,"warm spicy;cherry;almond;sweet;fruity;nutty;citrus;iris","Cerise noire;Safran;Bigarade;Pêche","Chocolat;Clou de girofle;Jasmin","Amande douce;Iris;Cassonade",,longue tenue,modéré (e),,,,,,,3.93
Gritti,Fenice,https://www.fragrantica.fr/parfum/Gritti/Fenice-63730.html,unisexe,Extrait de Parfum,2020,"white floral;fruity;sweet;musky;floral;tropical;powdery;citrus","Fruit de la passion;Pêche","Lys;Fleur d'oranger;Magnolia;Ambre","Musc;Jasmin;Notes boisées",,,,,,,,,,3.55
Gritti,Hysterica,https://www.fragrantica.fr/parfum/Gritti/Hysterica-90819.html,femme,Eau de Parfum,2024,"sweet;fruity;honey;white floral;tuberose;vanilla;amber;tropical;f_gender","Miel;Prune;Poivre blanc","Bubblegum;Tubéreuse;Gardénia","Liqueur;Vanille;Palissandre;Benjoin",,,,,,,,,,3.28
Gritti,Oud Reale,https://www.fragrantica.fr/parfum/Gritti/Oud-Reale-63731.html,unisexe,Extrait de Parfum,2020,"woody;fresh spicy;aromatic;amber;oud;soft spicy;balsamic;fresh","Gingembre;Citron;Orchidée","Poivre rose;Vétiver;Copaïba;Amyris;Jasmin","Baume gurjum;Oud;Vanille;Musc",,,,,,,,,,4.12
Gritti,Puro,https://www.fragrantica.fr/parfum/Gritti/Puro-63732.html,unisexe,Eau de Parfum,2020,"floral;fresh;green;aromatic;citrus;fruity;musky;rose","Pomme;Pivoine;Citron;Accord vert;Poivre rose","Pélargonium;Magnolia;Petit-grain;Muguet","Fève de tonka;Musc;Bois de santal;Ambrette",,,,,,,,,,4.09
Gritti,Rialto,https://www.fragrantica.fr/parfum/Gritti/Rialto-63736.html,unisexe,Eau de Parfum,2020,"oud;tropical;woody;earthy;warm spicy;rose;fruity;powdery","Safran;Mangue;Bergamote","Rose de Taïf;Iris noir","Oud;Huile essentielle de cypriol;Musc blanc",,,,,,,,,,4.04
Gritti,Seta,https://www.fragrantica.fr/parfum/Gritti/Seta-63738.html,unisexe,Eau de Parfum,2020,"fruity;sweet;woody;violet;powdery;rose;white floral;oud","Framboise;Violette;Fleur d'oranger","Rose;Iris;Ornithogale;Jasmin","Oud;Cèdre;Cyprès;Ambre",,,,,,,,,,3.88
Gritti,Monica,https://www.fragrantica.fr/parfum/Gritti/Monica-90822.html,femme,Eau de Parfum,2024,"fruity;fresh;floral;powdery;musky;white floral;tropical;sweet;f_gender","Pivoine;Litchi;Abricot;Notes fruitées","Musc blanc;Jasmin;Bois de santal","Ambre;Vanille;Notes boisées",,,,,,,,,,3.71
Gritti,Violet Venom,https://www.fragrantica.fr/parfum/Gritti/Violet-Venom-109074.html,unisexe,Eau de Parfum,2025,"powdery;vanilla;white floral;woody;citrus;floral;musky;fruity","Thé blanc;Néroli;Bergamote","Fleur d'oranger;Osmanthus;Bois de santal","Vanille;Bois de cachemire;Musc;Ambre",,,,,,,,,,4.00
Gritti,Adèle,https://www.fragrantica.fr/parfum/Gritti/Adele-52586.html,femme,Extrait de Parfum,2018,"floral;white floral;fruity;tuberose;yellow floral;animalic;green;rose;f_gender","Osmanthus;Jasmin;Rose de Mai","Tubéreuse;Narcisse","Ambre gris;Cèdre",,,,,,,,,,3.93
Gritti,Chantilly,https://www.fragrantica.fr/parfum/Gritti/Chantilly-47446.html,femme,Extrait de Parfum,2018,"fruity;sweet;powdery;vanilla;coconut;musky;citrus;fresh;f_gender","Fraise;Melon;Mandarine;Orange;Bergamote","Noix de Coco;Pomme;Notes fleuries;Bourgeon de cassis","Notes poudrées;Vanille;Musc",,,,,,,,,,3.71
Gritti,Chantilly Extrait de Parfum,https://www.fragrantica.fr/parfum/Gritti/Chantilly-Extrait-de-Parfum-123963.html,femme,Extrait de Parfum,2026,"powdery;fruity;musky;sweet;citrus;ozonic;coconut;vanilla;f_gender","Melon;Bergamote;Fraise","Noix de Coco;Fleur de cassissier;Pomme","Musc;Notes poudrées;Vanille",,,,,,,,,,3.68
Gritti,Dame de L'Île,https://www.fragrantica.fr/parfum/Gritti/Dame-de-L-Ile-52585.html,femme,Extrait de Parfum,2018,"musky;citrus;animalic;powdery;vanilla;white floral;amber;sweet;f_gender","Bergamote;Citron vert","Jasmin;Ambre gris;Rose","Musc;Vanille;Notes animales",,,,,,,,,,3.45
Gritti,Eclectique,https://www.fragrantica.fr/parfum/Gritti/Eclectique-102272.html,femme,Extrait de Parfum,2025,"fruity;sweet;powdery;vanilla;white floral;musky;coconut;citrus;f_gender","Fraise;Melon;Noix de Coco;Bergamote","Jasmin;Cassis;Héliotrope","Musc blanc;Vanille;Ambre",,,,,,,,,,3.89
Gritti,Gossip Night,https://www.fragrantica.fr/parfum/Gritti/Gossip-Night-79276.html,femme,Extrait de Parfum,2023,"powdery;vanilla;sweet;musky;fruity;caramel;woody;floral;f_gender","Héliotrope;Fleur de manguier;Litchi","Pêche blanche;Crème fouettée;Caramel","Vanille de Madagascar;Bois de cachemire;Musc blanc",,,,,,,,,,3.65
Gritti,Jacqueline,https://www.fragrantica.fr/parfum/Gritti/Jacqueline-65386.html,femme,Extrait de Parfum,2021,"lavender;musky;aromatic;vanilla;almond;sweet;green;powdery;f_gender","Amande verte;Maté;Notes vertes","Lavande;Feuille de violette;Freesia","Musc;Vanille;Fève de tonka",,,,,,,,,,3.29
Gritti,Macrame,https://www.fragrantica.fr/parfum/Gritti/Macrame-47447.html,femme,Extrait de Parfum,2018,"musky;rose;patchouli;woody;citrus;aromatic;powdery;earthy;f_gender",Bergamote,"Rose;Bourgeon de cassis","Musc;Patchouli",,,,,,,,,,3.64
Gritti,Rebrode,https://www.fragrantica.fr/parfum/Gritti/Rebrode-47445.html,femme,Extrait de Parfum,2018,"fruity;sweet;musky;citrus;woody;tropical;powdery;fresh;f_gender","Notes fruitées;Citron;Mandarine;Fruits rouges","Fruit de la passion;Notes fleuries;Ambre","Musc;Notes boisées;Vanille;Patchouli",,,,,,,,,,3.62
Gritti,Tutù,https://www.fragrantica.fr/parfum/Gritti/Tutu-54822.html,femme,Extrait de Parfum,2019,"fruity;vanilla;sweet;powdery;musky;coconut;rose;fresh;f_gender","Noix de Coco;Pomme;Pamplemousse;Bourgeon de cassis","Héliotrope;Jasmin;Rose","Framboise;Musc;Vanille;Ambre",,,,,,,,,,3.80
Gritti,Tutù Blanc,https://www.fragrantica.fr/parfum/Gritti/Tutu-Blanc-63727.html,femme,Extrait de Parfum,2020,"fruity;vanilla;powdery;musky;sweet;coconut;fresh;floral;f_gender","Noix de Coco;Pomme;Cassis;Pamplemousse","Héliotrope;Jasmin;Rose","Musc;Vanille;Framboise;Ambre",,,,,,,,,,3.65
Gritti,Damascus,https://www.fragrantica.fr/parfum/Gritti/Damascus-15589.html,femme,Eau de Parfum,2012,"warm spicy;amber;cinnamon;citrus;sweet;woody;tobacco;balsamic;f_gender","Cannelle;Orange;Néroli","Myrrhe;Tabac;Bois de santal","Ambre;Patchouli",,,,,,,,,,4.22
Gritti,Delirium,https://www.fragrantica.fr/parfum/Gritti/Delirium-18721.html,unisexe,Eau de Parfum,,"amber;balsamic;fresh spicy;woody;aromatic;smoky;warm spicy;musky","Poivre noir;Angélique;Poivre rose","Élémi;Notes boisées;Vétiver","Encens;Opoponax",,,,,,,,,,3.67
Gritti,Doped Tuberose,https://www.fragrantica.fr/parfum/Gritti/Doped-Tuberose-26149.html,femme,Eau de Parfum,2014,"white floral;amber;woody;tuberose;lavender;fresh spicy;warm spicy;aromatic;f_gender",,,,"Tubéreuse;Jasmin;Lavande;Résine oliban;Benjoin;Cèdre;Patchouli;Bergamote;Citron",,,,,,,,,3.76
Gritti,Fanós,https://www.fragrantica.fr/parfum/Gritti/Fanos-29707.html,unisexe,Eau de Parfum,2014,"warm spicy;powdery;cinnamon;fresh spicy;violet;yellow floral;white floral;aromatic","Cardamome du Guatémala;Gingembre;Cannelle","Violette;Mimosa;Bois de santal","Fleur d'oranger;Ambre;Vanille",,,,,,,,,,3.68
Gritti,Saraj,https://www.fragrantica.fr/parfum/Gritti/Saraj-18723.html,unisexe,Eau de Parfum,,"amber;warm spicy;woody;balsamic;smoky;aromatic;musky;fresh spicy","Résine oliban;Cannelle;Angélique;Citron vert","Cèdre de Virginie;Clou de girofle;Vétiver;Ciste;Jasmin d'Egypte","Encens;Myrrhe;Musc",,,,,,,,,,3.93
Gritti,Alexandra,https://www.fragrantica.fr/parfum/Gritti/Alexandra-39032.html,femme,Extrait de Parfum,2016,"fruity;sweet;vanilla;powdery;yellow floral;musky;citrus;white floral;f_gender","Pêche;Poire;Mandarine;Pamplemousse rose;Bergamote;Armoise","Ylang-ylang;Jasmin;Rose de Damas;Fleur d'oranger","Vanille;Musc;Fève de tonka;Bois de cachemire;Ambre;Patchouli;Safran",,,,,,,,,,3.84
Gritti,Alvise,https://www.fragrantica.fr/parfum/Gritti/Alvise-65109.html,unisexe,Extrait de Parfum,,"amber;woody;warm spicy;aromatic;cinnamon;citrus;whiskey;earthy","Bergamote;Cardamome","Cannelle;Whisky;Gaïac;Cuir","Ciste;Styrax;Vétiver;Vanille;Bois de santal;Patchouli;Musc",,,,,,,,,,3.00
Gritti,Arete,https://www.fragrantica.fr/parfum/Gritti/Arete-30799.html,unisexe,Eau de Parfum,2015,"woody;amber;warm spicy;leather;whiskey;musky;balsamic;patchouli","Ciste;Cannelle;Cardamome;Bergamote","Cuir;Whisky","Gaïac;Patchouli;Styrax;Bois de santal;Vanille;Ambroxan;Vétiver de Haïti;Musc",,,,,,,,,,4.25
Gritti,Ephesus,https://www.fragrantica.fr/parfum/Gritti/Ephesus-30797.html,unisexe,Extrait de Parfum,2015,"woody;amber;warm spicy;musky;patchouli;powdery;citrus;balsamic","Clou de girofle;Orange","Patchouli;Amberwood","Ambroxan;Ciste;Bois de santal;Cèdre de Virginie;Vanille;Ébène;Bois de cachemire;Musc",,,,,,,,,,3.81
Gritti,Fenice,https://www.fragrantica.fr/parfum/Gritti/Fenice-50728.html,unisexe,Extrait de Parfum,2018,"fruity;white floral;sweet;musky;tropical;powdery;floral;fresh","Fruit de la passion;Pêche","Magnolia;Ambre;Lys;Fleur d'oranger","Musc;Notes boisées;Jasmin",,,,,,,,,,3.27
Gritti,Giudecca,https://www.fragrantica.fr/parfum/Gritti/Giudecca-65108.html,unisexe,Eau de Parfum,,"white floral;violet;warm spicy;yellow floral;woody;powdery;floral;tuberose","Cardamome;Néroli;Cyprès","Violette;Ylang-ylang;Tubéreuse;Jasmin;Rose","Musc;Vanille;Bois de santal",,,,,,,,,,4.00
Gritti,Loody,https://www.fragrantica.fr/parfum/Gritti/Loody-30798.html,unisexe,Eau de Parfum,2015,"woody;rose;animalic;musky;amber;leather;warm spicy;powdery","Cardamome;Abricot;Cannelle","Rose du Maroc;Cuir;Whisky","Musc;Ambre noire;Gaïac;Patchouli",,,,,,,,,,3.53
Gritti,Mathi,https://www.fragrantica.fr/parfum/Gritti/Mathi-30794.html,unisexe,Eau de Parfum,2015,"rose;floral;honey;sweet;citrus;animalic;powdery",,,,"Rose de Damas;Miel",,,,,,,,,3.93
Gritti,White Edition Black Currant,https://www.fragrantica.fr/parfum/Gritti/White-Edition-Black-Currant-30790.html,unisexe,Eau de Parfum,2013,"fruity;floral;musky;woody;citrus;soft spicy;green;warm spicy","Cassis;Agrumes","Notes épicées;Notes fleuries;Accord vert","Musc;Bois blonds;Notes boisées;Cèdre",,,,,,,,,,3.83
Gritti,White Edition Light Powdery,https://www.fragrantica.fr/parfum/Gritti/White-Edition-Light-Powdery-30791.html,unisexe,Eau de Parfum,2013,"iris;woody;powdery;violet;yellow floral;earthy;white floral;sweet",Ylang-ylang,"Iris;Jasmin",Gaïac,,,,,,,,,,4.08
Gritti,White Edition Sweet Vanilla,https://www.fragrantica.fr/parfum/Gritti/White-Edition-Sweet-Vanilla-30792.html,unisexe,Extrait de Parfum,2013,"caramel;sweet;vanilla;powdery;balsamic;soft spicy",Barbe à papa,Caramel,Vanille bourbon,,,,,,,,,,3.93
Gritti,White Edition White Almond,https://www.fragrantica.fr/parfum/Gritti/White-Edition-White-Almond-30793.html,unisexe,Eau de Parfum,2013,"almond;citrus;sweet;nutty;vanilla;fruity;white floral;musky","Orange;Fleur d'oranger;Agrumes","Amande;Foin;Epices","Amande;Vanille;Musc",,,,,,,,,,4.17